path	owner	prio	kind	lines	autorun	verdict	issue	fix	disposition	note
bugs/LAcore/LAPACK-crash.output	LAcore		note	77	n/a	todo				
bugs/LAcore/LAPACK.output	LAcore		note	20	n/a	todo				
bugs/LAcore/NOLAPACK.output	LAcore		note	20	n/a	todo				
bugs/LAcore/TO-DO-LAcore.md	LAcore		note	16	n/a	todo				
bugs/LAcore/bugLAPACK.m2	LAcore		repro	15	pass-partial	todo				
bugs/LAcore/testEigenvectors.m2	LAcore		repro	76	pass	todo				
bugs/LAcore/testLAPACKvsNOLAPACK.m2	LAcore		repro	17	pass	todo				
bugs/LAcore/testSVD.m2	LAcore		repro	40	pass	todo				
bugs/LAcore/testSolve.m2	LAcore		repro	29	pass	todo				
bugs/README	(root)		note	3	n/a	todo				
bugs/anton/DOC/Spaces.m2	anton		repro	18	pass	todo				
bugs/anton/Dmodules/h-arr.m2	anton		repro	142	fail	todo				
bugs/anton/EXPERIMENTS/SLP-experiments.m2	anton		repro	76	fail	todo				
bugs/anton/LINEAR-ALGEBRA/CCsubRR.m2	anton		repro	45	fail	todo				
bugs/anton/LINEAR-ALGEBRA/RESOLVED/gCorners.m2	anton		repro	9	fail	fixed		#1651	drop	author filed it under RESOLVED/; fix points at that filing, not necessarily the code change
bugs/anton/LINEAR-ALGEBRA/primaryDecomposition.m2	anton		repro	3	pass	todo				
bugs/anton/MEMORY-LEAKS-old/RESOLVED/mem-leak-1.m2	anton		repro	59	fail	fixed		#1096	drop	author filed it under RESOLVED/; fix points at that filing, not necessarily the code change
bugs/anton/MEMORY-LEAKS-old/RESOLVED/mem-leak-det.m2	anton		repro	50	fail	fixed		#1096	drop	author filed it under RESOLVED/; fix points at that filing, not necessarily the code change
bugs/anton/MEMORY-LEAKS-old/mem-leak-sparse-system.m2	anton		repro	109	fail	todo				
bugs/anton/MEMORY-LEAKS-old/track.gc-bug.m2	anton		repro	78	fail	todo				
bugs/anton/MEMORY-LEAKS/NAG-leaks.m2	anton		repro	149	pass	todo				
bugs/anton/MEMORY-LEAKS/RESOLVED/SLEvaluator-checking-for-leaks.m2	anton		repro	26	fail	fixed		#1096	drop	author filed it under RESOLVED/; fix points at that filing, not necessarily the code change
bugs/anton/MEMORY-LEAKS/RESOLVED/mutableMatrix-leak.m2	anton		repro	16	pass	fixed			drop	author filed it under RESOLVED/; fix points at that filing, not necessarily the code change
bugs/anton/MEMORY-LEAKS/RESOLVED/roots-leak.m2	anton		repro	10	pass	fixed		#2359	drop	author filed it under RESOLVED/; fix points at that filing, not necessarily the code change
bugs/anton/MEMORY-LEAKS/eigen-leaks.m2	anton		repro	140	pass-partial	todo				
bugs/anton/MEMORY-LEAKS/gb-leaks.m2	anton		repro	90	pass	todo				
bugs/anton/MEMORY-LEAKS/gf-bug.m2	anton		repro	54	pass	todo				
bugs/anton/MEMORY-LEAKS/hilb-leaks.m2	anton		repro	21	timeout	todo				
bugs/anton/MEMORY-LEAKS/mike-NAG.m2	anton		repro	29	fail	todo				
bugs/anton/MEMORY-LEAKS/monoid-leaks.m2	anton		repro	3	timeout	todo				
bugs/anton/MEMORY-LEAKS/test-mem-leaks.m2	anton		repro	19	pass	todo				
bugs/anton/MEMORY-LEAKS/track-leak.m2	anton		repro	8	timeout	todo				
bugs/anton/MISC/RESOLVED/complex-matrix-times-polynomial-matrix.m2	anton		repro	4	pass	fixed		#955	drop	author filed it under RESOLVED/; fix points at that filing, not necessarily the code change
bugs/anton/MISC/RESOLVED/n-decompose.m2	anton		repro	31	pass	fixed		#955	drop	author filed it under RESOLVED/; fix points at that filing, not necessarily the code change
bugs/anton/MISC/RESOLVED/radical.m2	anton		repro	17	pass-partial	fixed		#955	drop	author filed it under RESOLVED/; fix points at that filing, not necessarily the code change
bugs/anton/MISC/standardPairs.m2	anton		repro	15	pass-partial	duplicate	#114		drop	still reproduces: same non-disjoint cones the issue shows, 1 in three sets; #4492 is a draft converted in error, closed
bugs/anton/NOTES.M2	anton		note	16	n/a	todo				
bugs/anton/NOTES/mahrud.txt	anton		note	19	n/a	todo				
bugs/anton/NumericalAG/Bertini/RESOLVED/mike-decomposition-problem.m2	anton		repro	61	fail	fixed		#1041	drop	author filed it under RESOLVED/; fix points at that filing, not necessarily the code change
bugs/anton/NumericalAG/Bertini/RESOLVED/missing-solutions.m2	anton		repro	15	fail	fixed		#955	drop	author filed it under RESOLVED/; fix points at that filing, not necessarily the code change
bugs/anton/NumericalAG/Bertini/RESOLVED/refine.m2	anton		repro	17	fail	fixed		#955	drop	author filed it under RESOLVED/; fix points at that filing, not necessarily the code change
bugs/anton/NumericalAG/Bertini/RESOLVED/witness_set_bug.m2	anton		repro	6	pass	fixed		#955	drop	author filed it under RESOLVED/; fix points at that filing, not necessarily the code change
bugs/anton/NumericalAG/RESOLVED/pointArray-SIGSEGV.m2	anton		repro	11	fail	fixed			drop	author filed it under RESOLVED/; fix points at that filing, not necessarily the code change
bugs/anton/NumericalAG/_numericalID_example.m2	anton		repro	46	fail	todo				
bugs/anton/NumericalAG/_numericalIntersection_example.m2	anton		repro	19	fail	todo				
bugs/anton/NumericalAG/mem-leak-1.m2	anton		repro	59	fail	todo				
bugs/anton/NumericalAG/mem-leak-det.m2	anton		repro	50	fail	todo				
bugs/anton/NumericalAG/mem-leak-sparse-system.m2	anton		repro	109	fail	todo				
bugs/anton/NumericalAG/parallelNumericalImplicitization.m2	anton		repro	80	fail	todo				
bugs/anton/NumericalAG/solveSystem-space-quadric.m2	anton		repro	7	pass	todo				
bugs/anton/NumericalAG/track-predictor.m2	anton		repro	16	pass	todo				
bugs/anton/PARALLEL/justin.m2	anton		repro	13	pass	todo				
bugs/anton/PRERELEASE-CHECKS/numerical-packages-checks.m2	anton		repro	46	timeout	todo				
bugs/anton/SLP/SLP-experiments.m2	anton		repro	76	fail	todo				
bugs/anton/SLP/sparseMonodromySolve.m2	anton		repro	60	fail	todo				
bugs/anton/pari-to-flint/isprime-tests.m2	anton		repro	49	pass	todo				
bugs/anton/reallocate-heap-to-GC-heap/ZZ-test.m2	anton		repro	26	pass-partial	todo				
bugs/anton/reallocate-heap-to-GC-heap/res-f4.m2	anton		repro	9	fail	todo				
bugs/anton/roots.m2	anton		repro	85	fail	todo				
bugs/dan/0-M2-compute-process	dan	0	note	8	n/a	open	#4526		issue	dumpdata went in 2019 (d560e8284a) and nothing replaced it: there is no fork server or daemon mode, so every invocation pays full startup, which is the cost the proposal was meant to amortize
bugs/dan/0-Macaulay2-deps	dan	0	note	7	n/a	wontfix			drop	dependencies come from a package manager on most modern systems, and an offline build can pre-populate BUILD/tarfiles, which exists for exactly that -- so a published deps tarball is not worth maintaining
bugs/dan/0-SCSCP-checks	dan	0	note	9	n/a	open	#4527		issue	not automated: startServer(String,String) exists so binding to 127.0.0.1 is available, but SCSCP.m2 has no TEST blocks, no workflow references it, and there is no insecure-check make target
bugs/dan/0-Schubert2-projectiveBundle	dan	0	note	117	n/a	open	#4538		issue	never attempted, and the tree is still on the near side of the diff the file carries: Schubert2/doc.m2:179 has projectiveBundle'(dual B, VariableNames => {,{z}}) and :1525 has map(B,A,{-h, h, h^2, h^3, h^4, h^5}), both its minus lines, and Schubert2.m2 has no elimination logic. Nothing broke because nothing changed. The file is worth filing for the patch it carries rather than the request: eliminating the unneeded variables in a projective bundle's intersection ring moves the generators, and the explicit abstract maps built by map break when it does, so the two doc adjustments are what anyone attempting it will need. No existing issue covers it; #2658 is Schubert2-adjacent but unrelated
bugs/dan/0-SourceCode	dan	0	note	54	n/a	wontfix			drop	settled the other way Dan floated in the same email -- 'perhaps by ensuring the file is present in the install tree' -- rather than by removing the lines: SourceCode => applicationDirectory is still there, moved to ov_system.m2:1828, and help applicationDirectory works because the layout ships the .m2 sources. The hard failure remains for anyone who strips them, code.m2:71 erroring 'couldn't find file' rather than degrading, and the test he wanted first was never added
bugs/dan/0-add-mutex-for-factory	dan	0	note	2	n/a	open	#4494		issue	still true: no C-level lock; ThreadedGB.m2:33 works around factory instead; a specific instance under #175, the umbrella thread-safety issue, alongside #3675, #3895 and #3927
bugs/dan/0-attribute-constructor	dan	0	note	1	n/a	open	#4495		issue	still emitted: c/cprint.c:487 puts __attribute__ ((constructor)) in generated C
bugs/dan/0-backtrace-from-debugger	dan	0	note	1	n/a	open	#4507		issue	backtrace exists but is only a variable toggling whether one is shown after an error; there is still no way to produce one on demand from the debugger
bugs/dan/0-bugs-ataylor.m2	dan	0	repro	22	fail	open				the first ask is done -- prune N and minPres N both equal minimalPresentation N -- but the rest are unverified: synonyms in emacs highlighting and the doc index, and res landing on the resolution node
bugs/dan/0-bugs-caviglia.m2	dan	0	repro	26	fail	fixed			drop	topComponents on a module works now: topComponents(R^1/I) returns a real cokernel matching topComponents I, not the cokernel of the identity
bugs/dan/0-bugs-decker.m2	dan	0	repro	13	fail	open				both asks stand: MinimalPrimes.m2:58 still carries '-- absolute case?', and no radical algorithm names Krick/Logar or Kemper
bugs/dan/0-bugs-eisenbud.m2	dan	0	repro	12	fail	open				at least two of its four asks stand: Tor errors with 'not implemented yet for noncommutative rings', and Linear is not among quotient's strategies
bugs/dan/0-bugs-iswanson.m2	dan	0	repro	128	fail	open				parked with the other wishlist files; individual asks unverified. Eight items separated by rules, each a transcript: ZZ/15 rejected as composite, two kernel computations over fraction fields failing as 'not implemented yet', RevLex behaving like GRevLex, a^(2^16) coming out 1 under LexSmall with proposed limits of 2^15-1 and 2^7-1, leadTerm(ZZ,RingElement) wanted, an unclear coefficient in gb output, and GroupRevLex not installed
bugs/dan/0-bugs-kummini.m2	dan	0	repro	171	fail	open				parked with the other wishlist files; individual asks unverified. Seven dated items headed ###### 1 through 7, one of which the reporter retracts -- 'AFTERTHOUGHT: I now think that the bug report is false, but I am leaving it here since Mike did say that there is some problem with DegreeLimit'. The others cover listUserSymbols and clearAll both failing with 'expected a list, hash table, or sequence', a [minors, First] reference generated into the documentation, and the Undocumented key
bugs/dan/0-bugs-lgold.m2	dan	0	repro	68	fail	open				parked with the other wishlist files; individual asks unverified. Eight items separated by rules, the first retracted in the file itself -- 'Never mind the earlier bug ... I figured out what was going on'. The rest are documentation-shaped: the poincare page, hilbertFunction and hilbertSeries on a CoherentSheaf with their doc pages commented out, examples wanted for reduceHilbert and PoincareN, saturation in hilbertSeries of a ProjectiveVariety, syntax colouring of dashes in a resolution, and making the emacs instructions prominent
bugs/dan/0-bugs-popescu.m2	dan	0	repro	46	fail	open				parked with the other wishlist files; individual asks unverified. Six numbered items, of which 6 is already marked FIXED in the file: a faceRing for SimplicialComplex returning the Stanley-Reisner ring, codim of an AffineVariety, why (codim,PolynomialRing) exists, a sheafExt computation returning zero, and genus of an ideal to match genera
bugs/dan/0-bugs-stillman.m2	dan	0	repro	307	fail	open				parked with the other wishlist files, and the least tractable of them; individual asks unverified. Not a bug list so much as Mike's working scratchpad: design musings on forceGB, bare TODO words under headings such as 'the following all need some efficiency work -- quotients, saturation, elimination', several items already annotated -- FIXED in place, and replies from Dan in the margin ('what's the problem? [drg]', 'leave those above for Mike (?) [drg]'). Counting its asks is itself a judgement, and much of it is actionable only by its author
bugs/dan/0-cancelTask	dan	0	note	33	n/a	fixed			drop	cancelTask now takes effect: the task reads <<task, canceled>> within a second, not stuck at 'cancellation requested'
bugs/dan/0-check-for-integer-usage	dan	0	note	24	n/a	open	#4517		issue	never adopted: fsanitize appears nowhere in the tree and no CI workflow builds with a sanitizer
bugs/dan/0-chi-doc	dan	0	note	1	n/a	fixed		1b4bbe4494	drop	chi is documented in Macaulay2Doc/shared.m2
bugs/dan/0-debugging-loadPackage	dan	0	note	34	n/a	open	#4533		issue	documented behavior and actual behavior disagree: code.m2:263 says 'break -- leave the debugger, returning to top level', but break leaves the debugger and resumes the file past the failing expression. Four lines reproduce it -- load a file whose function calls error, then break, and the rest of the file runs. Dan's case is the visible symptom: loading Macaulay2Doc twice, break carries on into the next error in the same file and re-enters the debugger, leaving the prompt at ii for the session. Distinct from #1928: continue re-runs the failing expression and loops, break skips it and continues, so the two commands differ and neither matches its description
bugs/dan/0-decompose.m2	dan	0	repro	114	fail	fixed			drop	both the claim and the suspected mechanism are gone. decompose I on the 2-variable jacobian ideal returns 7 components and every one contains I, so the assertion at the end of the file passes; and the division identity j == h*(j//h) + (j%h) now holds with the saturate cache intact, where the file had to clear the cached GroebnerBasisOptions to make it work. Its autorun=fail is pure API drift, as the README warns -- running the assertion directly is what settles it. Those two assertions would make a good regression test in tests/normal if anyone wants one later; nothing has been added
bugs/dan/0-degrees-of-maps	dan	0	note	49	n/a	duplicate	#607 #1060		drop	duplicate, and it spans two open issues nobody has connected: #607 is || and | , #1060 is ++, and #736 is | again. Still reproduces -- map(Q^1,Q^1,{{t_1}},Degree=>{1}) has degree {1} and is homogeneous, f*f correctly gets {2}, but f||f, f|f and f++f all come back degree {0} and inhomogeneous. The file's own transcript no longer exercises it, since degree(vars Q * id_(Q^2)) is {0} now rather than {1}
bugs/dan/0-dependent-packages	dan	0	note	11	n/a	fixed	#4528	0d2d059660	drop	closed as fixed in #4528: FILE_PREREQS (0d2d059660, 2020) did it more automatically than the file proposed, accumulating command -v paths for the external programs configure finds, and drove runtime dependencies for the .deb and .rpm builds; that use has since been scrapped for hardcoded dependencies per build system, leaving distributions/freebsd/Makefile.in:60 the only reader. The second ask, dropping hard-coded paths from packages, was met separately by findProgram (#1389)
bugs/dan/0-dictionaryPath	dan	0	note	2	n/a	open	#4496		issue	still reproduces: OutputDictionary is on dictionaryPath while a package loads; related to #1427, which proposes the same trim-and-restore fix
bugs/dan/0-disabling-threads	dan	0	note	4	n/a	fixed			drop	answered at runtime instead: M2 --no-threads skips initializeThreadSupervisor entirely (bin/main.cpp:101), and GC_NPROCS controls gc's thread count -- both stronger than the configure-time --disable-pthreads the file asks for, since neither needs a rebuild
bugs/dan/0-doc-Keywords	dan	0	note	21	n/a	open	#4509		issue	the four examples are aliases from other systems, so the need is discovery by synonym; about "Normalform" returns nothing even with Body=>true, and about "solve" returns 220 hits swamped by resolve/resolution. newPackage's Keywords is per package and holds subject categories for browsing, not search aliases. #3689 is the diacritic special case of the same want -- about "Groebner" should find the node titled "Gröbner bases" -- which accent folding alone would fix, while author-declared aliases would subsume it
bugs/dan/0-doc-ideal-syntax	dan	0	note	1	n/a	fixed			drop	both forms documented: (ideal,Sequence) and (symbol /,Ring,Sequence)
bugs/dan/0-doc-option-names-in-packages	dan	0	note	3	n/a	open	#4508		issue	verified: a package-defined option name must be exported or installPackage fails with "mutable unexported unset symbol(s) in package X: 'MyOpt'"; exporting it installs cleanly. Undocumented in Macaulay2Doc and in the wiki style guide. Note the file misplaces the error: it comes from package closing, not documentation processing, and fires with no doc node present
bugs/dan/0-doc-subquotient-module-maps	dan	0	note	11	n/a	fixed			drop	(map,Module,Module,Matrix) now documents the correspondence: M and N must have the same number of generators as target p and source p
bugs/dan/0-doc-writing-code	dan	0	note	3	n/a	fixed			drop	documented in the Package Writing Style Guide wiki, under 'Order of arguments': "The argument upon which the function mainly acts should go last." https://github.com/Macaulay2/M2/wiki/Package-Writing-Style-Guide -- the wiki is not in git, so there is no commit to cite
bugs/dan/0-document-Weyl-homogenizer	dan	0	note	16	n/a	fixed		#2600	drop	the homogenizing variable is documented under monoid, with a worked example; dc6f993616 added that paragraph
bugs/dan/0-document-local-scopes	dan	0	note	30	n/a	fixed		fb2b4c6e3f	drop	both halves written down within a week of the request: fb2b4c6e3f added the Caveat on the for node -- 'new local variables defined inside the body of the loop will not be visible outside it' -- and value String documents that a string is parsed in its own scope, with an example showing a global a unaffected
bugs/dan/0-document-packages	dan	0	note	8	n/a	open				two of four done: XML documents itself and [newPackage,Reload] is documented at package-doc.m2:274. --debug n exists but is undocumented, as are M2's command line options generally, and warningMessage is still unexported
bugs/dan/0-engine-tower-rings	dan	0	note	7	n/a	open	#4497		issue	raw hooks exist (rawTowerRing, e/rings/tower.cpp) but no top-level engineTowerRing
bugs/dan/0-errorDepth	dan	0	note	6	n/a	open	#4498		issue	unchanged: (loadDepth,errorDepth) is still (3,0) at startup
bugs/dan/0-final-check-interactive-input-behaviour	dan	0	note	119	n/a	fixed	#813 #820	bcdebcded5	drop	all four sections check out, tested under a pty with expect rather than piped stdin. Its named problem -- readline not discarding partial lines after SIGINT -- is #813, closed: ///asdf, "asdf, 1 + and -* each followed by CTRL-C all return to a usable prompt and evaluate the next expression. Blank lines inside multi-line input are tolerated, which is #820, closed, and #820 says it became possible once #813 landed. Multiple statements per line match the file's transcript and parsing recovers. The {* *} cases are moot since block comments are -* *-. Piped stdin does NOT recover after a syntax error, which looked like a defect until the same input under a pty recovered fine
bugs/dan/0-gb-strategies	dan	0	note	10	n/a	open	#4518		issue	not done: gb.m2 keeps a fixed RawStrategyCodes table and errors on an unknown strategy, and BooleanGB exports gbBoolean as a separate entry point rather than registering one
bugs/dan/0-gc-ucontext	dan	0	note	13	n/a	obsolete			drop	Snow Leopard is long dead and the bundled gc is 7.4.0, not the 7.1 this patches
bugs/dan/0-gcc-bug-under-debian64	dan	0	note	31	n/a	obsolete			drop	cddplus is no longer built -- only cddlib remains, and configure.ac mentions cddplus solely in a historical comment; g++ 4.3 is from 2008
bugs/dan/0-generateAssertions	dan	0	note	13	n/a	duplicate	#3413		drop	semicolon variant of #3413; still emits assert( (4;) === 4 ), which fails when run
bugs/dan/0-gentoo-required-programs	dan	0	note	9	n/a	fixed			drop	configure takes --with-unbuilt-programs and M2 locates them at runtime via findProgram/programPaths
bugs/dan/0-getBlock-alignment	dan	0	note	8	n/a	obsolete			drop	d/factory_allocator.c is gone from the tree; the copied allocator it describes no longer exists
bugs/dan/0-getWWW	dan	0	note	5	n/a	fixed		c9185f564c	drop	splitWWW unchunks the body when the response is chunked; added in 1.9.1
bugs/dan/0-getting-one-element-of-a-mutable-hashtable	dan	0	note	4	n/a	duplicate	#4231		drop	still reproduces; #4231 asks the same question and its author could not find this discussion
bugs/dan/0-help-bug	dan	0	note	44	n/a	fixed		#3272	drop	the command list no longer carries the leading asterisks that made it look pasteable; 75bb7260c6 replaced the UL with M2CODE
bugs/dan/0-help-usage-multiple-lines	dan	0	note	10	n/a	fixed			drop	the synopsis now renders Usage on its own indented lines
bugs/dan/0-highlighting	dan	0	note	1	n/a	fixed			drop	package names are in M2-symbols.el, in both the completion table and the highlighting regexp; #3330 is the adjacent open problem of highlighting symbols exported by packages
bugs/dan/0-html-references	dan	0	note	40	n/a	fixed		1cccd53054	drop	settled by the 1.12 layout rework: AbsoluteLinks was removed for logic that produces relative links only between files installed under the same prefix, the layout was simplified, and each prefixPath entry now carries a layout detected at runtime -- which is the currentLayout versus installationLayout question the file opens with. Installing with SeparateExec => false yields no ../common references and no file:// links
bugs/dan/0-indexed-variables	dan	0	note	46	n/a	open	#4510		issue	still reproduces, one call earlier than reported: after a second ring reuses x_0..x_3, class\(R_0..R_3) gives IndexedVariable and stays that way; #2771 covers the warnings in the same area, not this
bugs/dan/0-installPackage	dan	0	note	2	n/a	fixed		#1454	drop	installPackage.m2:704 now refuses outright: "the package is already installed and loaded from ..." when the source directory is the install prefix's packages directory; the looser complaint in #1032, sources taken from some other installed prefix, is untouched and still open
bugs/dan/0-installing-methods-functions-on-function-closures	dan	0	note	22	n/a	open	#4511		issue	first List := x->x is still accepted silently; note the file's own warning that erroring here would interfere with typicalvalues.m2; #1979 proposes typed function closures from the other direction, wanting the capability rather than an error
bugs/dan/0-interrupts	dan	0	note	2	n/a	open				the interpreter is still generated C from the d language, not C++; left unqueued because the file poses a research question rather than a request
bugs/dan/0-inverse-matrix	dan	0	note	25	n/a	open	#4506		issue	still reproduces: inverse matrix {{1,2}} returns matrix {{1},{0}} rather than erroring on a non-square matrix; related to #3738, which is a different path
bugs/dan/0-isSurjective-RingMap	dan	0	note	1	n/a	open	#4499		issue	no method is installed for (isSurjective,RingMap)
bugs/dan/0-isWellDefined	dan	0	note	17	n/a	fixed		233422068a	drop	the patch in the file was applied: newring.m2 now calls flattenRing(R,Result=>3)
bugs/dan/0-joint-package-documentation	dan	0	note	13	n/a	fixed		#1454	drop	all of it landed via #1459: newPackage takes Keywords, defaulting to {"Uncategorized"} -- the Section option with an Other bucket that Mike described -- and it drives 'packages provided with Macaulay2', a page grouped by subject with refereed packages starred; every distributed package also has its own installed doc tree
bugs/dan/0-k-basis	dan	0	note	63	n/a	fixed			drop	the work landed: rawBasis over a tower returns exactly what the file annotates as wanted -- 'y2 yz z2' and 'y2b yzb z2a z2b' -- and basis_2 S agrees
bugs/dan/0-ker-RingMap	dan	0	note	26	n/a	fixed			drop	both cases now return the unit ideal: ker map(R/1_R,R) is ideal 1, as is ker map(T/ideal 1_T,S)
bugs/dan/0-library-dependencies	dan	0	note	17	n/a	obsolete			drop	libraries/final/bin no longer exists, and the file already records this as done for deb
bugs/dan/0-library-source-URLs	dan	0	note	23	n/a	wontfix			drop	not worth automating: each library still has one hardcoded URL (Makefile.library.in:265, and the same shape in cmake/build-libraries.cmake, where M2_SOURCE_URL is shorthand for the mirror rather than a fallback), and #2963 is the failure that causes -- cohomCalg unreachable, five retries against the same dead host, build dead. But the fix would have to be written twice, once per build system, and the standing practice of mirroring a tarball to macaulay2.com and changing one line has handled it about nine times. The mirror-only configure option is release tooling CI has displaced, and the math.uiuc.edu ask is obsolete. #313, sha hashes on every download, was the neighbouring request and is done
bugs/dan/0-loading-documentation	dan	0	note	30	n/a	fixed		de6a0e20e8	drop	the failure cannot recur: it was Macaulay2Doc aborting because NormalToricVarieties used PackageImports and PackageExports before they were exported, and both are now in exports.m2:318-319. html ofClass {ScriptedFunctor} returns its span with no package-loading cascade
bugs/dan/0-makefile-d	dan	0	note	1	n/a	open	#4512		issue	still hand-maintained: d/Makefile.files.in lists the e/*.hpp dependencies literally and carries the comment 'should automate these dependencies'
bugs/dan/0-methods-with-options	dan	0	note	32	n/a	open	#4513		issue	still reproduces: g (ZZ,ZZ) := List => (opts)->(m,n)->... is accepted but installs nothing, leaving methods g empty; #2864 is a different confusion in the same area
bugs/dan/0-monoid-design-problem	dan	0	note	44	n/a	duplicate	#2905		drop	the design statement of #2905's defect: monoids.m2:684 takes Join from the first argument alone, as it takes DegreeRank and DegreeMap. So the associativity the file says was arranged does not hold -- tensor(M,N) with N carrying Join=>false gives Join=null and degreeLength 2, while tensor(N,M) gives false and 1. The file also names why it is hard: a DegreeMap on N is a map out of M's degree monoid, and M is not known when N is made
bugs/dan/0-monomialIdeal	dan	0	note	4	n/a	open	#4500		issue	unchanged: monomialIdeal {} still errors 'expected a polynomial ring without quotient elements'
bugs/dan/0-more-run-length-encoding	dan	0	note	14	n/a	fixed			drop	describe now prints QQ[t_1..t_10, ...] instead of listing every variable
bugs/dan/0-mutable-lists	dan	0	note	8	n/a	duplicate	#659		drop	duplicate of #659, open since 2015: mutable lists grow one element at a time, which is why filling one by index is O(n squared). Still reproduces -- n=1000 takes .0013 s and n=10000 takes .3664 s, about 280 times the work for ten times the elements. Filed as #4501 before #659 was found, since searching 'mutablelist' as one word does not match a title reading 'growth of mutable lists'; #4501 closed as a duplicate and the timings went to #659 as a comment. #1608 is a larger redesign of the same type and stays separate
bugs/dan/0-needsPackage	dan	0	note	111	n/a	open	#4537		issue	89 percent done and the remainder is a finite, checkable list: 233 of 300 distributed packages use PackageImports or PackageExports, and 34 still call needsPackage before beginDocumentation. Every other hit is inside a TEST block, where needsPackage is right -- Benchmark.m2 is the pattern, at line 13 in Dan's 2012 grep and now only at line 266 inside a TEST. Converting the 34 is not mechanical: PackageImports loads without importing symbols, so a package that wants the symbols has to use PackageExports or keep needsPackage, which is the gap #4502 describes
bugs/dan/0-needsPackage-unadorned	dan	0	note	6	n/a	open	#4502		issue	needsPackage still has no Using option; its options are LoadDocumentation, Configuration, FileName, Reload, DebuggingMode
bugs/dan/0-negative-dimension	dan	0	note	20	n/a	fixed			drop	dim I' is 1 and both asserts pass; worth promoting to tests/normal
bugs/dan/0-newPackage	dan	0	note	17	n/a	open	#4505		issue	reproduces exactly: (options Foo).Configuration is an OptionTable via loadPackage but a List via load
bugs/dan/0-non-blocking-hashtables	dan	0	note	5	n/a	obsolete			drop	cites Google Video and Google Code, both shut down; nbds and high-scale-lib are abandoned
bugs/dan/0-on	dan	0	note	35	n/a	open	#4534		issue	still unmet, and the obvious workaround does not cover the useful case: f = on f only works for functions you defined, since basis = on basis is an error on a protected global, so Core method functions -- the ones worth tracing -- are out of reach. Dan's route works, installMethod(basis, ZZ, Module, on(lookup m, Name => ...)) traces real calls including ones made from library code. Three gaps stand: on labels by argument rather than by method, so foo(2,3) prints 'Sequence' and an inherited call prints the argument's class rather than the method that ran; there is no way to trace in place without rebinding; and for a MethodFunctionWithOptions the trace shows the OptionTable and FunctionClosure layer instead of the real arguments, which is the 'digging in one level deeper' the file asks for. His draft's own gap remains -- toString and toExternalString are in neither class, wider now that MethodFunctionSingle exists
bugs/dan/0-options-PolynomialRing	dan	0	note	36	n/a	fixed			drop	the inconsistency Mike reported is gone: heft B is {1,1} for B = A[c,d], matching the degree length, so B^{1} erroring is now correct rather than surprising
bugs/dan/0-overview-doc	dan	0	note	3	n/a	fixed		#3264	drop	Macaulay2/m2/overview.m2 was removed as unused
bugs/dan/0-package-doc	dan	0	note	2	n/a	wontfix	#4514		drop	closed as wontfix in #4514: a link to the table of contents is already there, and the export list is considered useful
bugs/dan/0-package-garbage-collection	dan	0	note	67	n/a	open	#4536		issue	the Attributes half reproduces and is measurable: 30 newPackage(...,Reload=>true) cycles take Attributes from 2682 entries to 2806, about 4 leaked per reload, never reclaimed. That is also the mechanism that would eventually make 0-slowness's complaint true again, since getAttributes scans the whole table. Not covered by #488 or #2562, which are engine and sequence allocation
bugs/dan/0-parallel-assignment	dan	0	note	37	n/a	fixed			drop	(b) = 1:x now leaves b equal to x, instead of the one-element sequence
bugs/dan/0-parallel-documentation	dan	0	note	1	n/a	fixed			drop	the package and documentation install runs under make -j; CI does exactly that in test_build.yml, 'make -j$(nproc)'
bugs/dan/0-polymake	dan	0	note	16	n/a	duplicate	#457		drop	#457 asks for exactly this -- polymake as a distribution prerequisite, with the same 'no way to build it' caveat
bugs/dan/0-ports	dan	0	note	30	n/a	obsolete			drop	a 2009 release-engineering checklist whose every entry is long EOL: Mac OS 10.4 and 10.5 including PowerPC, cygwin 1.5, ubuntu 8.10, debian 4.0, Fedora 10, Scientific Linux 5.2, freebsd 7.1. PowerPC appears nowhere in configure.ac or CI; the distributions built now are deb, rpm, dmg, freebsd and tar
bugs/dan/0-possible-memory-leak	dan	0	note	25	n/a	fixed			drop	no longer leaks: the dimension 6 loop that died with 'out of memory trying to allocate 16 bytes' now runs to completion, and VmPeak afterwards is 2285744 kB against 2277168 kB for bare startup, so the twenty-one varieties add about 8 MB of peak address space between them
bugs/dan/0-precision-and-equality	dan	0	note	9	n/a	open	#4503		issue	reproduces exactly: 1p10 == 1.0000000000000001 is true but 1p10 == 1.000000000000001 is false
bugs/dan/0-pruningMap	dan	0	note	17	n/a	fixed		d25d385134	drop	the report was right and the doc was corrected: it now says the isomorphism goes from N to M
bugs/dan/0-pushForward	dan	0	note	16	n/a	fixed		#2113	drop	pushForward over an inhomogeneous map returns a subquotient; the error string was removed when pushforward moved to its own file
bugs/dan/0-quotient-for-non-free-modules	dan	0	note	6	n/a	open	#4515		issue	the inconsistency stands: Matrix % Matrix still requires free modules while quotientRemainder accepts the same non-free source
bugs/dan/0-radical-crash	dan	0	note	11	n/a	fixed			drop	radical J returns instead of a SIGSEGV; worth promoting to tests/normal
bugs/dan/0-reloading-packages	dan	0	note	3	n/a	open	#4521		issue	still drops it: loadPackage Package forces Reload => true (packages.m2:193), and neither installPackage.m2:670 nor testing.m2:87 passes Configuration, so a package loaded with Configuration => {...} comes back with the defaults
bugs/dan/0-rename-minimalPresentation	dan	0	note	1	n/a	open	#4504		issue	minimizePresentation does not exist; the rename was never done
bugs/dan/0-resolution-premature-display	dan	0	note	37	n/a	obsolete			drop	cannot be staged any more: inThread is gone from the tree, it came from Bill's experimental threading branches and the API is schedule now, and there is no M.cache.res to catch mid-computation -- the cache holds ResolutionObject and Resolution, and res returns a Complex. The final betti still matches the transcript
bugs/dan/0-ringmap-assertion-failure	dan	0	note	15	n/a	fixed		#2113	drop	kernel returns instead of tripping the degreesRing assert, which the same commit deleted from matrix3.m2
bugs/dan/0-runLengthEncoding	dan	0	note	8	n/a	duplicate	#4393		drop	same greedy heuristic as #4393: runLengthEncode0 commits to duplicate-or-successor on the second element and never reconsiders (indeterminates.m2:82-91), with no minimum length before emitting a range, so {7,2,5,6} still gives {7, 2, 5..6}
bugs/dan/0-segfault	dan	0	note	1	n/a	fixed		#1190	drop	the slow part is gone: the 2009 handler hand-unrolled 21 __builtin_return_address frames and provoked further SIGSEGVs caught by siglongjmp; ebc0aa3bcb replaced it with boost::stacktrace, and the whole crash now costs about a second, spent symbolizing
bugs/dan/0-separate-tab	dan	0	note	27	n/a	fixed		#1425	drop	tabs survive: ascii \ separate("a\tb\nc") gives {{97, 9, 98}, {99}}, not the eight 32s reported, and lines agrees; 99883f8b5e made separate String delegate to separate("\r?\n", str), which is the two-argument form the file identified as the workaround
bugs/dan/0-settable-memory-limits	dan	0	note	15	n/a	duplicate	#519		drop	the ask is #519's, closed in 2024 on argumentMode = defaultMode - SetUlimit; the reporter's own failure is separately moot for the main test suite, where 8ef9f80447 commented ulimit -v out. Worth noting the numbers have drifted far past the file: M2 now reserves about 2.2 GB of virtual address space at startup for 124 MB resident, so every -v value still written in the makefiles is below what it needs
bugs/dan/0-simpleDoc	dan	0	note	1	n/a	fixed		1c9ec4d961	drop	Subnodes has been a SimpleDoc node key since 2009 (NodeFunctions in SimpleDoc.m2:94); #1000 later extended it to Subnode within Description
bugs/dan/0-slowness	dan	0	note	3	n/a	obsolete			drop	the premise no longer bites: Attributes holds 2679 entries, well past the 1600 complained of, and getAttributes ReverseDictionary scans them in 2.3 ms; its one caller is allValues, behind the interactive showStructure
bugs/dan/0-sort-doc	dan	0	note	18	n/a	duplicate	#101		drop	duplicate of #101, open since 2014: sort({3,1,2}, MonomialOrder => Descending) returns {1,2,3} because sort List := opts -> internalsort (lists.m2:216) binds opts and drops them. Filed as #4529 before #101 was found -- the capped issue search hid it -- so #4529 was closed as a duplicate and the documentation angle went to #101 as a comment
bugs/dan/0-sprintf-buffer-overflow	dan	0	note	1	n/a	open	#4522		issue	the audit never happened: 14 bare sprintf calls remain in c/ and d/, and two are sized by input rather than bounded -- uniquify formats an arbitrary identifier into char buf[1000] (c/dictionary.c:33) and system_errfmt leaves 10 bytes of slack for three ints (d/scclib.c:355)
bugs/dan/0-sqrt-error-message	dan	0	note	9	n/a	fixed		#3318	drop	sqrt ii works and agrees with sqrt(+ii); ii is still a Constant, but #3318 made Constant a subclass of Number, so the sqrt @@ numeric variant from typicalvalues.m2:155 reaches it
bugs/dan/0-stdinc-frobby	dan	0	note	2	n/a	fixed		#3338	drop	configure.ac:1173 falls back to -I/usr/include/frobby when frobby.h is not on the default include path, which is what version.dd:37 needs
bugs/dan/0-symmetricPower	dan	0	note	25	n/a	open	#4530		issue	half landed: the Module case now handles relations via coimage basis(p, symmetricAlgebra M) (multilin.m2:90), but the Matrix case is still the raw call the file calls probably-wrong, and they disagree -- symmetricPower(2,m) on a map of cokernels returns R^1 <-- R^1, forgetting the relations
bugs/dan/0-synonyms-and-collisions	dan	0	note	26	n/a	fixed			drop	ask (2) is done and covers the need: loadPackage now prints 'symbol "Schubert2" in PackageDictionary is shadowed by a symbol in User#"private dictionary"' and names the Package$Schubert2 synonym, so the silent confusion is gone. Ask (1) was not done -- PackageDictionary is still last on dictionaryPath -- and reordering lookup globally is a bigger change than the warning that replaced it
bugs/dan/0-task-examples	dan	0	note	54	n/a	duplicate	#1147		drop	the examples Dan removed are still gone -- the (addCancelTask,Task,Task) node in ov_threads.m2:158 has no Example block -- which is what #1147 is reaching for when it says 'I believe we used to have something like this'. His guess at the cause was right: #2021 is the same failure on armhf ten years later, diagnosed as a timing race in example capture and closed by lengthening a sleep. The example runs correctly today but still prints an interleaved 'error: interrupted' backtrace from the cancelled task, which is the garbling. #1146 is the underlying instability
bugs/dan/0-temporaryFilename	dan	0	note	32	n/a	fixed		b70dbb05ef	drop	b70dbb05ef answered every complaint: temporaryFileName now returns paths inside a per-session directory (/tmp/M2-PID-N/0, /1, ...) created by temporaryDirectory, which loops on 'try mkdir fn else continue' -- mkdir being atomic, that is the disk check whose absence the file reported, and it also groups the files as the file asked; the same mechanism covers #296, since temporaryDirectory re-creates when temporaryDirectoryProcessID stops matching processID(), so a fork gets its own directory
bugs/dan/0-tensor-rings	dan	0	note	15	n/a	duplicate	#2905		drop	same line as #2905: with Join => false, monoids.m2:700 sets DegreeRank from the first argument's monoid alone, which collapses degreeLength tensor(R,R,Join=>false) to 1 for R = QQ[x][y] and produces #2905's 'length at most 1' error
bugs/dan/0-tensor-rings-2	dan	0	note	98	n/a	duplicate	#2905		drop	third instance of #2905, and the one that shows it in the wild: tensor(RB, RA, Join => false) on flattened quotient rings over frac(QQ[t]) still dies at monoids.m2:655 with 'expected degree map to return a list of length at most 2'. Here both arguments have degreeLength 2, so it is not a rank mismatch like #2905's own example -- the DegreeMap itself returns too much, which is what 0-monoid-design-problem says goes wrong when a map declared on one monoid is applied to another. The three files interlock: symptom, cause, and a real failure
bugs/dan/0-thread-safe-mutable-hash-tables	dan	0	note	5	n/a	fixed		#3186	drop	the question is answered and implemented: reads do take a lock -- lookup1, the x#key path, calls lockRead(object.mutex) when the table is mutable (hashtables.dd:357), writes call lockWrite, per #3186
bugs/dan/0-toString-Vector	dan	0	note	21	n/a	fixed		#855	drop	toString M_1 returns "vector {2, 34}"; the #855 diff is the fix -- toString Vector applied super to the Vector itself, and now goes through expression Vector, which applies it to v#0, the underlying matrix
bugs/dan/0-typical-values	dan	0	note	3	n/a	open	#4523		issue	undocumented: "specifying typical values" shows only the unary form prune Matrix := Matrix => f, and neither "binary methods" nor "installing methods" mentions X + X := X => (x,y) -> ...; the form works and does record typicalValues#(symbol +,X,X)
bugs/dan/0-ubuntu32-inverse-matrix-RR	dan	0	note	7	n/a	fixed			drop	verified no longer crashing on Debian i386, and the fix is not attributed: the pre-2013 generic path, quotientRemainder(id_(target U), U), was run on i386 too and returns the same answer without crashing, which rules out e4d1989dea/665dab7cbe (the move to the engine's LAPACK LU for inexact fields) as the cause; either the fix is elsewhere or the 2009 crash was flaky
bugs/dan/0-ulimit	dan	0	note	4	n/a	duplicate	#519		drop	#519 asks for the same thing and names the same two places; closed in 2024 on argumentMode = defaultMode - SetUlimit, and the Makefile values are ?= overridable, though neither half comes from configure
bugs/dan/0-utf-8-in-doc-filenames	dan	0	note	6	n/a	open	#4531		issue	still generated: toFilename maps ASCII specials through the tt table but passes multi-byte UTF-8 unchanged, and the installed docs hold 9 such names including the exact ___Gröbner_spbases.html this file names; #47 covered it but closed in 2014 on the broken links, not on the ask; #211 is a second closed symptom of the same cause, the file appearing under two utf-8 normalizations (303 266 vs 314 210), closed on 'just remember how I do it and check that one file'
bugs/dan/0-utf8-and-column-number	dan	0	note	25	n/a	wontfix	#4535		drop	closed as wontfix in #4535: byte columns are the convention, not an oversight, and Macaulay2Web relies on locations being bytes, so changing it would be a breaking change across repositories. The tab-stop argument -- that getc(o:PosFile) at d/stdiop.d:198 already advances to the next multiple of 8, so the counter is a display column -- did not carry, because the objection was never that strings are bytes but that downstream consumers index by bytes. Worth recording that grepping the M2 tree for consumers found none; they live in M2-emacs and Macaulay2Web
bugs/dan/0-value-symbol	dan	0	note	7	n/a	duplicate	#4520		drop	same defect as #4520 reached through value rather than parse: the quote keywords eat the implicit EOF token, so value "symbol" hands back that token as a Keyword; also value "local" and value "global"
bugs/dan/0-vector-empty-list	dan	0	note	6	n/a	open	#4524		issue	still no empty vector, and the message got worse: vector {} now dies in vector Matrix with "expected source to be free with rank 1" (modules.m2:70), and vector(R,{}) and vector(R^0,{}) fail the same way
bugs/dan/0-when	dan	0	note	4	n/a	open	#4525		issue	scc1 still miscompiles it: with every case covered, the else body is emitted inside the switch with no case label (chk.c:783-794 labels only uncovered types), so it is unreachable dead code and nothing diagnoses it
bugs/dan/0.1-SmithNormalForm	dan	0.1	note	6	n/a	fixed		#3710	drop	done by #3710, and enforced in code rather than merely documented: matrix2.m2:27 runs preSmithNormalForm and then loops on positions where D_(j+1,j+1) % D_(j,j) != 0, so the divisibility chain is guaranteed. Verified on cases that would expose a fake -- diag(2,3) comes back diag(1,6), diag(6,10,15) comes back diag(1,30,30). The second ask, speeding up the minors, is unverified; the implementation is no longer minor-driven
bugs/dan/0.1-doc-remainder-links	dan	0.1	note	1	n/a	open	#4539		issue	still unlinked: help "methods for normal forms and remainder" lists %, Gröbner bases, generators and Matrix % GroebnerBasis under See also, and nothing for //. There is no node actually titled 'methods for getting the coefficients', so the ask reads as a link to the // operator, which is where the quotient half lives
bugs/dan/0.1-doc-symbols	dan	0.1	note	1	n/a	fixed			drop	not reproducible and not attributable. Doug writes unexported methods on exported classes routinely and has never hit this; a package doing exactly that installs clean under CheckDocumentation => true, and installPackage does error on documentation errors (installPackage.m2:633), so it is not passing silently. No fix commit: the gate that would exclude an unexported method function -- isDocumentableThing Symbol requiring isGlobalSymbol and getGlobalSymbol ... === key -- has been in place since 588bbdf34d in 2004, five years before this file, so whatever Dan hit came from elsewhere and there is nothing to point at
bugs/dan/0.1-random-ring-elements	dan	0.1	note	19	n/a	open	#4540		issue	not added: lookup(random, Sequence, Ring) is null, and random((4:1,3:2),R) errors. The file supplies the implementation it wants -- random(Sequence,Ring) := o -> (degs,R) -> for d in deepSplice degs list random(d,R) -- which is also what makes the mixed form random((4:{1},3:2),R) work, since deepSplice flattens the degree lists. No duplicate: #877 and #4161 both concern the one-argument random(List), where #4161 wants it to mean a random element with shuffle(List) taking over the permuting. Worth cross-referencing there, since this would add a two-argument form alongside it
bugs/dan/0.1-readline-configure	dan	0.1	note	11	n/a	obsolete			drop	a 2009 Mac toolchain: gcc 4.0.1 build 5493 targeting i686-apple-darwin9, which is Mac OS 10.5, failing on '-compatibility_version only allowed with -dynamiclib' while linking libreadline.6.0.dylib. M2 can still build readline from source, but nothing about that compiler or that OS survives
bugs/dan/0.1-scc1-typecodes	dan	0.1	note	9	n/a	fixed		#1912	drop	16d9b213ff answered it the way the file hoped -- 'perhaps we can fix typecodes so types don't need to have names'. chk.c:316 now gives an unnamed type an autogenerated name, _N_unnamed, with a warning, instead of tripping over it, and the assert Dan wanted uncommented is live again at chk.c:324
bugs/dan/0.1-ulimits	dan	0.1	note	14	n/a	duplicate	#519		drop	the same ask as 0-ulimit and 0-settable-memory-limits, and #519 names the same hardcoded line: it has moved from m2/html.m2 to m2/run.m2:13, still 'utest -t ... | utest -m ...' with the values written in. #519 closed in 2024 on argumentMode = defaultMode - SetUlimit, which turns them off but does not make them settable from configure, make or installPackage as this file asks
bugs/dan/0.4-method-options	dan	0.4	note	43	n/a	fixed			drop	no longer discrepant: under the current 'true >>' idiom both forms agree, f X := true >> o -> x -> [o,x] with Dispatch=>Thing and the same without it each give [OptionTable{}, X{}]. Dan's unprefixed o -> x -> form now returns an unapplied FunctionClosure, which is obsolete spelling rather than the reported discrepancy; #1878 is the live issue in this area
bugs/dan/0.5-Benchmark-package	dan	0.5	note	5	n/a	open	#4541		issue	half done: Dan added the per-benchmark tests himself in 8753fd3ae7 (2010), scan(keys benchmarks, b -> TEST("runBenchmarks "|format b)), so every benchmark now runs as a test. yang-gb1 still ends '(ti,re) := toSequence timing gb(J1); ti)' with no assertion on the result, which is the other half of the file
bugs/dan/0.5-SafeC-bugs	dan	0.5	note	21	n/a	open	#4542		issue	reproduces exactly under a current scc1: the file's lines give 'error: type mismatch' at line 8, the f():int := ( when ... ) whose every branch returns. Line 6, the direct expression form of the same when, compiles -- so it is specifically the statement form with return in all branches that scc1 does not recognise as returning. Adjacent to #4525, which is the other scc1 when defect
bugs/dan/0.5-XML	dan	0.5	note	22	n/a	fixed			drop	both asks met, the second by another route: XML.m2 carries a full multidoc block over its 742 lines, and the libxml2 version is exposed as version#"libxml2 version" from LIBXML_DOTTED_VERSION (d/version.dd:182), the exact macro the file names. It is not in copyright because that node stopped enumerating libraries altogether
bugs/dan/0.5-alternate-stack	dan	0.5	note	1	n/a	open	#4543		issue	never done: sigaltstack, SA_ONSTACK and SIGSTKSZ appear nowhere in the tree, so a SIGSEGV raised by stack exhaustion still cannot be caught
bugs/dan/0.5-bison-version	dan	0.5	note	2	n/a	obsolete			drop	premise gone: bison++ was abandoned around 2000, and configure.ac:281 already rejects anything that is not bison outright, AS_IF([test "$YACC" != "bison -y"], [AC_MSG_ERROR([bison is required])]) -- a stricter test than the version floor the file asks for. No version check exists
bugs/dan/0.5-compare-CC-CC	dan	0.5	note	17	n/a	open	#4544		issue	reproduces exactly: 1+2*ii < 2.*ii is false and 1+2*ii ? 2.*ii is >, so an unordered pair of complex numbers still compares silently instead of erroring as the file asks
bugs/dan/0.5-cygwin-port-too-slow	dan	0.5	note	34	n/a	obsolete			drop	cygwin is gone: M2/distributions/cygwin was removed and 51d82cd738 cleaned up the remnants in 2021, __CYGWIN32__ went with dumpdata in d560e8284a in 2019, and no CI job builds for Windows. The benchmarks here are from 2007 on gcc 4.1.3 and Cygwin 1.5.25
bugs/dan/0.5-document-new-methods	dan	0.5	note	2	n/a	open	#4545		issue	still unlinked: the node 'making new functions with optional arguments' (ov_language.m2:509) links only to >> and to 'symbols used as the name or value of an optional argument'. method-doc.m2:14 links the other way, which is the direction that already worked
bugs/dan/0.5-documentation-missing-for-an-exported-ring	dan	0.5	note	36	n/a	fixed			drop	happens automatically now, as the file hoped it eventually would: a package exporting a ring and documenting only the ring installs under CheckDocumentation=>true with no 'missing documentation' warning for (promote,ZZ,R), (lift,...) or (symbol ?,R,R), so the undocumented{...} block the file supplies is no longer needed
bugs/dan/0.5-dummy-line-numbers	dan	0.5	note	2	n/a	fixed			drop	reports something reasonable now: with errorDepth at 100 or 255 an error raised inside a Core function is still attributed to the user's own line, where errorDepth=0 gives monideal.m2:25:45. The 'is it possible??' the file wonders about is answered yes
bugs/dan/0.5-extensions	dan	0.5	note	7	n/a	wontfix			drop	deliberate: installing methods is how a package extends M2, and the file proposes no rule that would separate a legitimate extension from a conflicting one -- any such heuristic would have to know which of two packages is entitled to the operator. The file's own example settles it: List ! is now installed in Core, so the extension it worried about was adopted rather than disallowed
bugs/dan/0.5-hh-dispatch	dan	0.5	note	22	n/a	open	#4546		issue	not done: Varieties.m2:777 still builds the lookup key as a := (pq,X) with X the entire argument, so hh^i(x,y) looks up (ZZ,Sequence) and an installed hh(ZZ,X,Y) is unreachable -- calling it errors 'no method available'. The file's premise that HH already allows this does not hold either: HH^2(x,y) fails identically
bugs/dan/0.5-homogenize-ideal	dan	0.5	note	1	n/a	fixed		#207	drop	fixed by Thomas Kahle in #207, whose message is the ask verbatim: homogenize(Module,RingElement) homogenizes the Groebner bases of generators and relations, so homogenize(ideal(x^2-y,x^3-z), h) gives {y^2-x*z, x*y-z*h, x^2-y*h}, the saturation, not the generator-wise {x^2-y*h, x^3-z*h^2}. The weighted overload was left behind: homogenize(M,h,{1,1,1,1}) still returns the generator-wise answer for the same module, and there is no homogenize(Ideal,RingElement,List) at all
bugs/dan/0.5-network-check	dan	0.5	note	33	n/a	duplicate	#4527		drop	same ask as bugs/dan/0-SCSCP-checks, which was filed as #4527: automate the SCSCP round trip and give it a separate insecure make target. Two bug files, one issue
bugs/dan/0.5-newPackage-Headline	dan	0.5	note	2	n/a	wontfix			drop	the tree went the other way: Headline is not merely still an option (packages.m2:258) but required -- installPackage.m2:694 errors 'expected non-empty Headline in package X' -- so deriving it from the package doc node is not a direction anyone is taking
bugs/dan/0.5-overflow-auto	dan	0.5	note	7	n/a	wontfix			drop	deliberate: the html documentation is being rewritten in the second half of 2026, so a rule added to doc.css now would be discarded with it -- and doc.css today has no overflow, white-space or scroll rule at all, table.examples pre setting only margin and padding. The need, that wide example output be scrollable rather than wrapped, belongs to whatever replaces it
bugs/dan/0.5-select-doc	dan	0.5	note	20	n/a	open	#4547		issue	layout unchanged: help select still prints See also, with partition in it, before Ways to use, which is the order the file asks to reverse. The SeeAlso list has since grown to eight entries, making the placement more prominent rather than less
bugs/dan/0.5-select-submatrix	dan	0.5	note	63	n/a	fixed		0a9c638129	drop	the matrix half landed: submatrixByDegrees is in Core (matrix.m2:481-515) as (Matrix,Sequence,Sequence), (Matrix,ZZ,ZZ) and (Matrix,List,List), taking a degree box rather than David's membership list. submoduleByDegrees was not added
bugs/dan/0.5-share-precomputed-files	dan	0.5	note	9	n/a	obsolete			drop	the experiment was never run and nothing in the tree carries the notion: no 'precomputed' machinery in the build at all, and distributions/tar splits pre_prefix from pre_exec_prefix for binary tarballs only, not for the source distribution the file is about
bugs/dan/0.5-source-rpm	dan	0.5	note	69	n/a	fixed		#3983	drop	done in #3983: BUILD/rpm/Makefile:25 runs rpmbuild -ba, which builds the source rpm alongside the binary one, from a Source0 tarball staged into SOURCES
bugs/dan/0.5-tallies	dan	0.5	note	21	n/a	fixed		#772	drop	both halves fixed by f39e27cba3 (fix #690): Tally is now a type of VirtualTally in d/sets.dd, exactly the reversal the file asks for, so VirtualTally + VirtualTally covers the mixed cases and they return VirtualTally rather than a bare HashTable
bugs/dan/0.5-temporaryDirectory	dan	0.5	note	5	n/a	open	#4548		issue	not provided: temporaryDirectory does not exist, though removeDirectory does -- so of the pair the file asks for, only the removal half is available
bugs/dan/0.5-time-command	dan	0.5	note	13	n/a	fixed			drop	all three programs settled, one better than asked. install-info is checked at configure.ac:241 and errors if info documentation is requested without it. time is no longer a build dependency -- only RunExternalM2.m2 uses it, probing fileExecutable("/usr/bin/time") at runtime with a fallback. unzip appears only in a Docker image that apt-installs it
bugs/dan/0.8-documentation-suggestion-link	dan	0.8	note	15	n/a	open	#4549		issue	never added: no mailto, feedback or issue link is emitted onto doc pages -- the mailto hits in the tree are author addresses in ov_preface.m2 and package metadata. A link to the GitHub tracker would be the modern form of the ask; the mailto and google-group forms the file proposes are both dated
bugs/dan/0.9-discrete-log	dan	0.9	note	1	n/a	open	#4550		issue	not hooked up: rawDiscreteLog exists (d/interface.dd:996, e/interface/ringelement.cpp:286) but methods log covers only Number and InexactNumber, so both log(a^7) and log(a,a^7) over GF(2^5) fail with no method
bugs/dan/0.9-doc-package-source	dan	0.9	note	3	n/a	fixed			drop	works now: a package that installs trim String := ... on Core's trim and documents (trim,String) installs cleanly under CheckDocumentation=>true
bugs/dan/0.9-globalAssignment	dan	0.9	note	87	n/a	duplicate	#1056		drop	still true and already tracked: GlobalAssignHook is absent from both HashTable and MutableHashTable, and a named MutableHashTable prints as MutableHashTable{} rather than its name. #1056 is the same report and quotes the same code(net,HashTable) against code(net,MutableHashTable) comparison this file does
bugs/dan/0.9-hash-RR	dan	0.9	note	3	n/a	fixed		#4251	drop	endianness-independent since #4251, 'Update hash for ZZ/RR to be platform-independent and use 64 bits': mpz_hash calls mpz_export with size 1 and endian 1, fixing byte order regardless of host, and mpfr_hash builds on that from mpfr_get_prec and mpfr_get_z_2exp (d/gmp_aux.c:7-45). The basictests/hashcodes.m2 the file points at no longer exists
bugs/dan/0.9-toField	dan	0.9	note	14	n/a	open	#4551		issue	none of the asks met: toField still returns a PolynomialRing rather than a Field class; gens is worse than unimplemented, giving {} where gens of the same quotient before toField gives {x}; and promotion across the tree of derived rings is unchanged. #1660 and #3973 are open toField issues, neither of them this
bugs/dan/1-2--int	dan	1	note	1	n/a	fixed			drop	no longer 512: interrupting M2 --int now leaves the shell reporting 130, i.e. terminated by SIGINT under the usual 128+signal convention. Dan asked for 2 and 130 is the conventional spelling of it; the pathological 512, a wait status leaking out where an exit status belongs, is gone and is not even representable in an exit code
bugs/dan/1-3d-betti	dan	1	note	73	n/a	fixed		#906	drop	met by a better mechanism than the one Eisenbud proposed: rather than betti taking two weight vectors and drawing boxes, #906 added MultigradedBettiTally and multigraded(BettiTally), which puts the whole multidegree in each entry as a monomial -- on his own bigraded example multigraded betti gives rows 0,1,2,4 with entries 1, b, a, 2*a*b, a^3*b. That is strictly more information than two projections, and it does not degrade when the numbers reach two digits, which is the worry his message ends on
bugs/dan/1-CC-inverse	dan	1	note	11	n/a	fixed		e4d1989dea	drop	the ask is met and by the mechanism it names: inverse Matrix routes every InexactField through the engine (matrix1.m2:626 hasEngineLinearAlgebra -> basicInverse -> rawLinAlgInverse -> DMatLinAlg::inverse), whose LU for ARingRR and ARingCC is LAPACK dgetrf_/zgetrf_ (dmat-lu-inplace.hpp:300,348). e4d1989dea routed inexact fields there; 665dab7cbe narrowed it to InexactField so polynomial rings over RR/CC would not use LU. Both predate the PR workflow. Verified: 5x5 random over CC and RR give norm(A*inverse A - I) of 5.6e-16 and 1.7e-15, CC_200 gives 3.9e-60, and the 'experimental computation over inexact field' warning the file quotes now fires only from groebner.cpp:46. But verifying it turned up a live defect in the same function: inverse of a SINGULAR matrix over an inexact field silently returns the zero matrix instead of erroring -- RR_53, CC_53 and RR_200 all do it, while rank, det and solve all report the same matrix singular -- rank is 1, det is -0, and solve(m, id_(RR^2)) returns null, that last being the call inverse makes internally -- so inverse is the only consumer of the LU that reports success. Cause is one line: DMatLinAlg::inverse (dmat-lu.hpp:529) discards solve's bool and returns true unconditionally, though solve returns false at dmat-lu.hpp:379. Inexact fields only: ZZ/5 and ZZ/32003 error correctly via their own ffpack/flint inverse specializations, and ZZ and QQ error on the non-engine quotientRemainder branch. Searched the tracker on ten term sets, ascending, and nothing covers it -- but #2208 is the same ask on ZZ/5, closed by #2241 (a032f77d13), which fixed element-level inversion in ZZp.cpp and aring-zzp*.hpp and never touched dmat-lu.hpp. Distinct from #4506 (non-square, ZZ, non-engine branch, no squareness check) and #3738. Filed as #4556, citing #2208
bugs/dan/1-CC-tostring	dan	1	note	18	n/a	fixed		530ef987f8	drop	the ask is 'go the distance to the right of the point in both parts', i.e. carry both parts to a common accuracy, and 530ef987f8 (2008-02-03, 'print complex numbers to a combined precision for both parts') did exactly that on the 1.1 branch -- the release the file asks for it by. It is still the scalar rule: format(...,CC) at gmp1.d:246 derives one accuracy from exponent(z), the larger part, so at printingPrecision 6 a real part more than six decimal places below the imaginary one falls below the printed resolution and 1e-30+ii prints as ii. Matrix and vector entries reach expression CC (reals.m2:494) instead and format the parts independently, so they show | 1e-30+ii |. That difference is not a defect: showing a different number of digits for a CC and for the entry of a matrix over CC is the expected consequence of the two rules, and the scalar rule is the considered one -- a part thirty orders below the other is not part of a six-significant-digit rendering of the number. Note the file's own transcript shows the PRE-530ef987f8 independent formatting, which today's scalar path cannot produce at any printingAccuracy=-1 setting, so the file illustrates one convention while its sentence asks for the other; both halves now show both parts under their own rule
bugs/dan/1-ConwayPolynomials	dan	1	note	1	n/a	fixed		4ca4b0fc4f	drop	done in 1.3. ConwayPolynomials is in the preloaded list (Core.m2:191), so no needsPackage is required, and GF's minimal polynomials are the Conway ones: ideal ambient GF(3,4) is a^4-a^3-1 and GF(2,10) is a^10+a^6+a^5+a^3+a^2+a+1, both equal to conwayPolynomial of the same arguments. changes.m2:2532 records it under 'changes, 1.3' and explicitly corrects the 1.2 note at :2700, which had advertised the same thing while the user still had to load the package by hand
bugs/dan/1-DegreeLength-DegreeRank	dan	1	note	1	n/a	fixed			drop	the inconsistency is gone and cannot recur: both spellings now resolve to DegreeRank -- it is in options monoid, QQ[x,y,DegreeRank=>2] and newRing(R,DegreeRank=>2) both work, and DegreeLength is rejected by both. newRing cannot diverge from monoid by construction, since modifyRing takes Options => applyValues(monoidDefaults, ...) (newring.m2:9). No fix commit: the March 2011 snapshot of newring.m2, contemporaneous with the reorg that filed this file, already read DegreeRank, so the premise was stale when the file was picked up; DegreeRank first appears there in c21ac71509 (2006-11-01). One trace survives -- the engine still prints the old spelling, Monoid::text_out (monoid.cpp:313) emitting 'DegreeLength => 1', visible from M2 as toString raw monoid R after debug Core. #2237 is a different DegreeRank complaint, that degreeLength of ZZ[DegreeRank=>0] is 0
bugs/dan/1-Dispatch-recovery	dan	1	note	4	n/a	fixed			drop	answered: methodOptions promote returns an OptionTable containing Dispatch => {Thing, Type, Type}, exactly the recovery the file asks for, and method-doc.m2:101 says so in prose -- 'The options given to method can be recovered with methodOptions'. No fix commit, and this one is not fixed-on-purpose in either direction: methodOptions dates to svn r4045 (41d4b2d2c9, 2003) and the doc sentence to before the 2008 Macaulay2Doc rename, so the file was already answered when it was written. #1878 and #4546 are live Dispatch bugs, neither about recovering it
bugs/dan/1-Frobenius	dan	1	note	16	n/a	fixed			drop	Walther's functor exists, in the distributed package DirectSummands (=distributed-packages:246). F(M) = S tensor M is frobeniusPullback(ZZ,Module): over ZZ/5[x,y] with M = R^1/(x^2,y^3), frobeniusPullback(1,M) presents as | x10 y15 |, i.e. r^p tensor m = 1 tensor rm as the file specifies; frobeniusTwist and frobeniusPushforward are the other two directions, and the map he wanted is frobeniusMap(ZZ,Ring), a RingMap -- which also answers his aside, 'I don't know if M2 has Map as a class'. No fix commit pinned: this arrived as a whole package rather than a change. Core still has no frobenius, so methods frobenius is {} until DirectSummands or TestIdeals is loaded; #2779 tracks that for TestIdeals
bugs/dan/1-Frobenius2	dan	1	note	110	n/a	fixed		#277	drop	Eisenbud's minimum -- 'I could live with (ideal)^[a]' -- is what landed. Ideal ^ Array is in Core (matrix1.m2:562) since d1179c34fa via #277, generalised beyond his code to take one exponent per variable, and MonomialIdeal ^ Array follows it. Dan's counter-proposal of a frobenius(ZZ,X) family never entered Core; frobeniusPower is in TestIdeals and SymbolicPowers, frobeniusMap and friends in DirectSummands (see 1-Frobenius). Matrix ^ Array is still the direct-sum selector, as Dan noted it would have to be. Two open issues sit on top of this, neither the file's ask: #662 says the bracket power is not well defined because equal ideals give unequal results, quoting the merged code verbatim, and #2779 is methods frobenius in TestIdeals
bugs/dan/1-FromMethod	dan	1	note	192	n/a	fixed			drop	the syntax the file says is needed already existed when it was written: NewFromMethod dates to the 1997 initial revision (647f7532b3), and every conversion in the file's list installs and runs under it -- 'new List from Matrix := (List,m) -> entries m' then 'new List from matrix{{1,2},{3,4}}' gives {{1,2},{3,4}}, likewise from Set, from Tally, and 'new String from Number' gives a String. The file writes them without 'new', which does not parse, and should not: these expressions construct a new object of type X, so dropping 'new' would not mean anything. What is genuinely unadopted is the speculative block below -- 'Matrix of S from X', 'of' and 'from' as binary operators, 'Scheme over S' -- design sketches from the 2010 Colorado College workshop that nobody pursued, and Core ships none of the specific conversions either, which is a choice rather than a missing mechanism. The file's closing ask, that the 1.3.1.1 parsing precedences be preserved, has held: from/in/of/to/when are still 16 and every level it lists is unchanged. Its one live remnant is the failure it predicts itself: new Matrix from List still falls through to the built-in new HashTable from List and dies with 'key not found in hash table: RawMatrix' at matrix.m2:137 -- the same class of thing as the 'new HashTable from {asdf => foo}' example that opens #4506
bugs/dan/1-GF-gens	dan	1	note	3	n/a	wontfix			drop	the comment is still there verbatim at galois.m2:214, but the hazard it warns about is unreachable: GF(Ring) starts by calling unpack (galois.m2:62), which errors 'expected k[y] to be a polynomial ring over a finite prime field' on anything that is not a quotient of a one-variable polynomial ring over ZZ/p -- GF(GF(4)[y]/(y^2+y+a)) is rejected there, never reaching line 214. The line is also dead in the ordinary case, superseded six lines later by 'if S.?generators then F.generators = ...' (galois.m2:220), which a quotient ring always satisfies. Nothing to fix; deleting the line or turning it into an assertion would be tidying. #4551, filed from 0.9-toField in this cohort, is a real gens-of-a-field bug, but on toField rather than GF
bugs/dan/1-INSTALL	dan	1	note	2	n/a	obsolete		#3334	drop	both halves of the premise are gone. The rpm is no longer built from distributions/: it comes from BUILD/rpm/Macaulay2.spec driven by .github/workflows/build-rpm.yml, and that spec mentions neither INSTALL nor distributions nor a %doc section. And the file it wants shipped no longer exists -- #3334 deleted M2/INSTALL in favour of the wiki page 'Building M2 from source using Autotools', which is where an installer would now be pointed. See 1-INSTALL-file for the one INSTALL that survives
bugs/dan/1-INSTALL-file	dan	1	note	1	n/a	obsolete		#3334	drop	literally still true and no longer worth acting on. distributions/top/INSTALL is still generated from INSTALL.in, distributions/tar still archives only @pre_prefix@ and @pre_exec_prefix@, and nothing installs INSTALL into either, so it is still absent from the tarball. But --enable-tarfile defaults to no (configure.ac:446) and releases ship as deb, rpm and dmg from CI instead, and the INSTALL.in it would carry is a period piece: it tells Windows users to install cygwin, recommends epkg for administrators, and devotes a section to M2 --dumpdata, which has zero occurrences left anywhere in d/ or m2/. The top-level INSTALL went to the wiki in #3334 for the same reason
bugs/dan/1-LU-over-QQ	dan	1	note	23	n/a	fixed		46dffc024a	drop	Parrilo got both halves. LUdecomposition over QQ returns exact rationals -- on {{1,2,3},{4,5,6},{7,8,10}} it gives permutation {0,1,2} with L and U over QQ -- and his parenthetical 'this would probably also enable Solve to work in QQ' holds too: solve and inverse both work over QQ. 46dffc024a (2014-06-04, 'Added code to use flint for dense mutable matrices over QQ, part 1') is the dense QQ path, via dmat-lu-qq.hpp, dmat-qq-flint.hpp and the inverse(DMatQQFlint) specialization at mat-linalg.hpp:1075. He guessed the ZZ/p route would be easier to adapt than the lapack one; in the event it went through flint instead
bugs/dan/1-M2-symlinks	dan	1	note	1	n/a	duplicate	#715		drop	settled by commenting on #715 rather than filing, because the two halves belong together. #715, open since 2017, reports the wrapper half: M2 execs `dirname "$0"`/M2-binary (bin/M2.in:9, and bin/CMakeLists.txt:106 for cmake), so any single symlink to the installed M2 dies with 'M2-binary: not found'. The file's own claim is the half underneath, and it is not in #715: initcurrentlayout follows exactly one link and never iterates (startup.m2:325), so reaching M2-binary through a chain of two leaves currentLayout null and startup.m2:351 dereferences it -- one link works and prints prefixDirectory /usr/, two fail to start. Dan wrote 'chain' and meant it. The reason to comment rather than file: the patch attached to #715 uses $(dirname $(readlink "$0")), a single-level resolve, so it would fix the wrapper and leave the chain broken; readlink -f settles both. That is worth more to #715 than a second issue beside it. Not covered elsewhere -- initcurrentlayout matches no issue, and Layout# matches only #54, a closed suffix bug in the same function
bugs/dan/1-MANPATH-on-MacOS	dan	1	note	8	n/a	fixed		1d27f0e458	drop	fixed by the mechanism the file implies is missing. setup()'s shellfixes carry a third 'rest' field, and MANPATH's is ':' (files.m2:442), which the bash template drops into the empty case as VAR="/PREFIX/DIR:REST" -> MANPATH="/prefix/man:" (files.m2:412). A trailing colon is precisely what BSD and macOS man read as 'and then the default path from man.conf', so the defaults the file worries about losing are preserved rather than replaced. INFOPATH gets the same treatment. Added in 1d27f0e458, the 1.4 release commit, which predates the 2011 reorg that filed this file. Not verified on macOS from here -- the reasoning is from the template and the man.conf convention the file itself quotes
bugs/dan/1-MacOS-distribution	dan	1	note	1	n/a	fixed			drop	the info dir index is installed now, by rule rather than by luck: distributions/install/Makefile.in:24-25 installs files/info-dir-template as $(DESTDIR)@infodir@/dir, then :30 runs install-info for every .info file found. The current macOS builder (BUILD/dmg/Makefile) configures with --prefix=$(PKG) and runs make install, which goes through that path, so it picks the dir file up. Evidence it works: this Linux box has 24 Macaulay2 entries in /usr/share/info/dir alongside Macaulay2Doc.info.gz and BeginningMacaulay2.info.gz. Caveat stated plainly: I cannot run the dmg build here, so this is read from the makefiles plus one working platform, not observed on macOS
bugs/dan/1-Package-dictionary	dan	1	note	15	n/a	wontfix			drop	the same ask as bugs/dan/0-synonyms-and-collisions, which was settled fixed in this catalog, and settling this one as open would contradict that. That file states it as two asks -- '(1) put the package symbols at the head of the list; (2) alert the user to the shadowing' -- and (2) is what got built: loadPackage warns 'symbol "Normaliz" in PackageDictionary is shadowed by a symbol in User#"private dictionary"' and names the Package$Normaliz synonym, so the silent wrong answer David hit in 2010 is gone. (1) was deliberately not done in favour of it, and reordering global symbol lookup is a much larger change than the warning that replaced it. So the symptom reproduces exactly -- verbatim transcript on 1.26.06, interactively; PackageDictionary is still last on dictionaryPath, index 24 of 25; class Normaliz comes back Symbol -- but the need is met and the mechanism was declined, which is wontfix rather than open. One testing note worth keeping: the warning is gated on debuggingMode (packages.m2:88), which M2 --script turns off, so a scripted check shows a clean load and reads as fixed for the wrong reason. Ten open issues cover the surrounding dictionary hygiene, none of them this ordering ask: #666, #799, #1184, #1203, #1427, #1545, #1627, #1649, #4292, and #4496 and #4502 from this cohort
bugs/dan/1-Parsing	dan	1	note	3	n/a	wontfix			drop	still true and deliberately so. orP(constParser "&&", constParser "&") on input "&" throws: it commits to && and cannot back off. But the absence of backtracking is a design decision stated in the source -- andP carries the comment 'we don't do backtracking: the first parser absorbs as much as it can, and then the second one takes over' (Parsing.m2:97) -- and the package's own tests assert the resulting failures, expecting parser(orP(NNParser, constParser "ab"), "a") and the "abc" case to throw (Parsing.m2:547-550). Changing it would break the package's tests by design. The file's other half, 'doesn't work as advertised', is nearly met: the orP doc now states the requirement, 'In an efficient grammar, the first token presented to r will be acceptable to at most one of the input parsers'. Residual nit only, not worth an issue: the Outputs line above it still promises a parser accepting anything acceptable to one of them, without the caveat. Also worth noting the file's own reproducer is unusable as written -- orP("&amp;", "&", "a") is HTML-escaped, so what was tested cannot be recovered from the text
bugs/dan/1-README-MacOSX-fink	dan	1	note	13	n/a	obsolete		#3334	drop	every noun in it is gone. There is no Macaulay2/Downloads/MacOSX/README-MacOSX-fink -- the whole hand-maintained Downloads tree went, releases come from CI as dmg, deb and rpm. The INSTALL it would be kept in step with was deleted by #3334 in favour of the wiki, so there is nothing left to automate the production of, and m2/install.m2.in is likewise gone. fink survives only as four historical comments: two describing the fink-vs-fhs directory layout choice (Macaulay2/LAYOUT:8-10, include/config.Makefile.in:47), one in configure.ac:613 about a readline library, and one suggesting fink as a way to install polymake yourself
bugs/dan/1-RR-QQ-comparison	dan	1	note	2	n/a	wontfix			drop	1/3 == 1./3 is still false, and it is the right answer. The comparison is exact, not a promotion: compare(x:RR, y:QQ) is mpfr_cmp_q (gmp.d:1475-1479), which compares the double against the rational without rounding either, and since the nearest double to 1/3 is below 1/3 the result is 1/3 > 1./3, which M2 reports. Dan's proposed fix, making them compare equal, would require rounding the rational to the float's precision first -- that is what would make == inexact, and it would break transitivity against nearby rationals. Where the float is exact the two do agree: 1/2 == 0.5 and 1/4 == .25 are both true, which is the tell that promotion is not what is happening. mpfr_cmp_q predates the file (510344c38c, 2008-01), so nothing changed here and the answer to the file's closing question, 'Is it okay?', was settled by leaving it alone
bugs/dan/1-Ring_Sequence	dan	1	note	12	n/a	open	#4557		issue	not installed: R_(1..3) still errors with 'no method for binary operator _' on (PolynomialRing, Sequence). Two spellings do the job today -- (R_*)_{1,2,3} and, literally the file's own body, apply(1..3, i -> R_i), both giving (b,c,d) -- so this is convenience rather than a gap in capability. One detail for whoever takes it: the adjacent slot is already occupied and differently, since R_{1,2,3} means the monomial with that exponent vector, a*b^2*c^3, so Ring _ List is not available but Ring _ Sequence is free. R_* postdates the file and covers most of what David liked about it. #3515 is a different notation ask, about partial application of functions
bugs/dan/1-Schubert2-more	dan	1	note	88	n/a	fixed			drop	all three of Mike's numbered problems are settled, and the Riemann-Roch formula Sheldon asked for comes out exactly. (3), the one Mike called a bug -- chi L giving terms of degree above dim X -- is gone: on X = base(3, Bundle=>(L,1,D), Bundle=>(T,3,b)) with X.TangentBundle = T, part_3(todd X * ch L) contains only degree-3 monomials, mechanically checked, and chi L is integral(1/6 D_1^3 + 1/4 D_1^2 b_1 + 1/12 D_1 b_1^2 + 1/12 D_1 b_2 + 1/24 b_1 b_2). That is the Maple output in the file term for term under -K = b_1 and c2 = b_2. (1) and (2), which Mike called cosmetic -- naming the class D rather than D_1, and chern T = 1 - K + c_2 + c_3 -- work through the route he proposed himself in his third email: abstractSheaf(Y, Rank=>3, ChernClass=>1-K+c_2+c_3) prints chern TT as exactly 1 - K + c_2 + c_3, and part_3(todd Y * ch M) gives 1/6 D^3 - 1/4 D^2 K + 1/12 D*K^2 + 1/12 D*c_2 - 1/24 K*c_2. base itself still always subscripts, b_1..b_n (Schubert2.m2:399). And chi M, which his email says fails because integral is unknown there, now returns the integral. No fix commit pinned: this arrived as continued development of Schubert2, not as a response to the file
bugs/dan/1-ScriptedFunctor	dan	1	note	1	n/a	fixed			drop	documented. There is a doc node keyed on ScriptedFunctor together with (symbol^, ScriptedFunctor, Thing), (symbol_, ...) and (symbol SPACE, ...) at Macaulay2Doc/doc12.m2:254, headline 'the class of all scripted functors', with subnodes for subscript, superscript and argument, each of which has its own node. help ScriptedFunctor renders it: description, the three-item menu, and the list of methods. The doc dates to the 1999 initial revision of that file (39ca5fabe6), so as with 1-Dispatch-recovery the ask was already met when the file was written; the exclamation mark suggests Dan wanted it fuller rather than existent, and it is still brief -- two sentences plus subnodes -- but ScriptedFunctor is documented
bugs/dan/1-TAGS	dan	1	note	2	n/a	open	#4561		issue	unmet, and worth filing after all -- the earlier note called the value marginal on the assumption that nobody uses tags, which the repository contradicts. Six directories build TAGS independently (c/, d/, e/, m2/, system/, html-check-links/), m2/ additionally hand-rolls TAGS.doc for the Macaulay2Doc sources by piping find into a shell loop (m2/Makefile.in:43-47), and there is no etags --include anywhere in the tree nor any umbrella target. So the specific mechanism the file proposes is unused and 'better tag files for everything' does not exist. That the m2 TAGS rule was repaired recently, in #4233 for an argument-list-too-long failure, is evidence the target is maintained and used rather than vestigial
bugs/dan/1-abs-paths	dan	1	note	3	n/a	obsolete			drop	premise no longer holds in the form written: an error in generated example output is recorded as stdio:1:4:(3):[1]: error: ..., a stdio position with no filesystem path in it at all, so there is no relative path to make absolute. The tree also moved deliberately the other way -- runFile left html.m2 for run.m2 and passes --srcdir through relativizeFilename(rundir, d), relativizing on purpose. No absolute-path switch exists and none is wanted
bugs/dan/1-ambient	dan	1	note	14	n/a	open	#4553		issue	not adopted: ambient ZZ and ambient QQ still fail with 'no ambient ring present' (rings.m2:53), so Bart Snapp's suggestion that ambient R return R for a non-quotient ring is unmet. Dan's own objection in the file -- that internal code walks ambient until it errors -- is the thing to check before changing it
bugs/dan/1-application-dir-info-dir	dan	1	note	8	n/a	open	#4554		issue	still not done: installPackage writes an .info file into the user's Application Support tree but never creates or updates the info dir index beside it. install-info appears only in cmake/packaging.cmake, for the deb and rpm packaging, and in configure.ac as a build-time requirement -- nothing on the installPackage path
bugs/dan/1-architecture-dependent-only-build	dan	1	note	1	n/a	wontfix			drop	deliberate: there is no split to expose. Building the architecture-independent half means generating documentation and example output, and that is done by shelling out to the compiled binary -- run.m2:119 builds a command around format(bindir | "M2-binary") -- so the arch-independent files sit downstream of the arch-dependent ones rather than parallel to them, and a target for one half alone would still have to build the other. What convenience the ask has, insofar as it is coherent, already exists: Makefile.in:117-118 give relink and relink-nostrip, which rebuild the binary without touching anything else
bugs/dan/1-assert-arguments	dan	1	note	12	n/a	fixed		#1738	drop	the need is met by another mechanism, and the trail is #1736 -> #1738: assert became a method and gained (assert,Expression), so assert Equation(2+2,5) now reports 'assertion failed: 4 == 5 is false' (expressions.m2:120-124). #1736 asked for the same thing from the same motivation as this file, diagnosing a failed assert from a build log, and #1738 closed it. Dan's literal ask is still unmet: assert(false,"D'Oh") gives 'no method found for applying assert to', so no custom string is accepted. The assertEqual family named in #1738's description never landed and appears nowhere in the tree or its history -- only the Expression form did. A derived message beats a hand-written one for reading build logs anyway, since it cannot go stale against the code it describes
bugs/dan/1-associatePrimes	dan	1	note	7	n/a	fixed			drop	moved as the file suggested: [associatedPrimes,Strategy] is documented in PrimaryDecomposition/doc.m2:271, and Macaulay2Doc now only cross-references it as PrimaryDecomposition::associatedPrimes. The file's hedged second thought -- 'maybe the options should be method by method' -- was not taken: the node still keys the options globally on associatedPrimes rather than per (associatedPrimes,Ideal) and so on
bugs/dan/1-benchmarks	dan	1	note	25	n/a	obsolete			drop	a 2008 SVN patch adding benchmark timings from gcc 4.0/4.1 machines
bugs/dan/1-book-code-updates	dan	1	note	3	n/a	obsolete			drop	never built, and the venue moved: no mechanism ships errata for the 2001 book with a release, and nothing in the tree tracks its code -- Book3264Examples.m2 is a different book, and the only references to Computations in Algebraic Geometry with Macaulay2 are two comments in LocalRings. Twenty-five years on, per-release errata is not the form this would take; the wiki is where such advice now lives
bugs/dan/1-building-doc-databases	dan	1	note	5	n/a	open	#4555		issue	the file settles its own first half -- it says (FIXED) for the .installed problem. The second is unmet: installPackage touches .installed when a run completes (installPackage.m2:846-849) but nothing detects a missing doc database and rebuilds it, writable directory or not. Nearby but not the same: #1643 wants one documentation database per prefix instead of per package, for speed, and #776 wants the open database files bounded by an LRU cache -- neither rebuilds a missing one
bugs/dan/1-cache-gb-MonomialIdeal	dan	1	note	24	n/a	fixed			drop	cached now, and by fixing the cause Dan suspected. He guessed the gb was not cached 'perhaps because the module is not', and his peek I.cache showed only generators; today it shows {module, generators}, so the module is cached on the ideal. The gb itself lands in (generators I).cache under a GroebnerBasisOptions{HardDegreeLimit => null, Syzygies => false, SyzygyRows => 0} key and is reused -- on a 7-generator monomial ideal in 8 variables the second gb call is about 4.6x faster than the first. gb MonomialIdeal still resolves to the generic gb Ideal := opts -> I -> gb(module I, opts) at gb.m2:311, exactly as in his transcript, so nothing needed a MonomialIdeal-specific method; caching the module was enough. No fix commit pinned
bugs/dan/1-caching-idea	dan	1	note	106	n/a	open	#4558		issue	two live asks, one of them a verified documentation defect. The thread opens with Mike reporting that 'our description of how to remove a cached GB is no longer correct', and that description is still in the manual: ov_groebner_bases.m2:439 is an EXAMPLE block that says 'we must erase the memory of the Groebner basis computed above', runs remove(f.cache,{false,0}), then says 'compute the Groebner basis anew' and times it. The key is a GroebnerBasisOptions hash today, not {false,0}, so that remove is a silent no-op -- verified: keys (generators I).cache is unchanged across it and the gb is still cached -- which means the timing the manual displays for the Hilbert-hint computation is a cache hit rather than a fresh run. The two gbRemove copies at ov_rings.m2:1535-1536 carry the same stale key but sit inside -* *- blocks, so they are dead. The design half is unadopted and undecided: gb and res have no UseCache, Cache or CleanCache option, clearCache exists nowhere in Core (only as a BasicDivisor method in WeilDivisors), and Mike's getGroebnerKey never appeared -- though the key is at least inspectable now via keys (generators I).cache. Filed as one issue covering both halves on the maintainer's call
bugs/dan/1-carbon-emacs	dan	1	note	20	n/a	obsolete			drop	Carbon Emacs is long dead; this was about borrowing its icon for .dmg files
bugs/dan/1-cartesian-power	dan	1	note	17	n/a	fixed			drop	Nat Stapleton's inconsistency is gone. set{a,b,c}^**1 now returns set {1 : (a), 1 : (b), 1 : (c)} and every element is a Sequence, so it matches s^**n for n > 1 rather than collapsing to the bare set -- which is what he expected and what he asked whether was intended. Checked at n = 1, 2 and 3; the n = 3 case has 27 elements as it should. No fix commit pinned
bugs/dan/1-cddlib-makefile	dan	1	note	1	n/a	fixed			drop	addressed, and the comment left behind names this exact problem. libraries/gfan/Makefile.in:12-13 reads 'Inject LDFLAGS via CDD_LINKOPTIONS so the linker can find cddlib (homebrew on macOS, system or M2-built elsewhere)', and passes CDD_LINKOPTIONS="$(LDFLAGS) -lcddgmp" so the link step follows whatever cddlib configure selected; cddlib is in LIBLIST (configure.ac:590) so --with-system-libs covers it, and configure.ac:609-611 records that both gfan and topcom depend on it. The include line still adds -I$(BUILTLIBPATH)/include/cddlib unconditionally, but a -I on a directory that does not exist is ignored rather than preferred, so it does not make the build 'insist' on the build tree. Caveat stated plainly: this is read from the makefiles, not verified by building gfan against a system cddlib, which I cannot do here
bugs/dan/1-check-package	dan	1	note	33	n/a	fixed			drop	check loads the documentation itself now, which is precisely the ask. After a plain loadPackage "Posets" with no LoadDocumentation, check(0, "Posets") prints ' -- warning: reloading Posets' and runs the test, and afterwards all 36 tests are visible; before the call, Posets#'test inputs' is empty. So the transcript's failure mode -- check silently doing nothing until the package is reloaded by hand with LoadDocumentation=>true -- no longer happens, and the option still exists for anyone who wants the documentation up front. The file's second question, 'Do we really like beginDocumentation()??', was rhetorical and beginDocumentation is still there. Testing note: inspecting Posets#'test inputs' before calling check shows 0 and reads as unfixed -- the loading happens inside check, so the function has to be called, not its precondition inspected
bugs/dan/1-checkpointing	dan	1	note	56	n/a	obsolete			drop	a 2007 'try it out!' for Gene Cooperman's mtcp/dmtcp, pointing at internap.dl.sourceforge.net for dmtcp_0.99-r80. Nothing was tried: there is no mtcp_init, libmtcp or checkpoint machinery anywhere in the tree. The feature it would have served is dumpdata, saving interpreter state to start faster, and that is gone outright -- zero occurrences of dumpdata in d/ or m2/. So the premise is retired on both sides, the mirror URL is long dead, and process-level checkpointing of an interpreter is not something M2 has pursued since
bugs/dan/1-chrpath	dan	1	note	4	n/a	fixed			drop	the suggestion was taken: configure.ac:178 has AC_CHECK_PROGS([CHRPATH], [chrpath], [false]), distributions/install/Makefile.in:15 branches on it, and it is a BuildRequires in Macaulay2.spec and installed in the Fedora and RHEL Dockerfiles
bugs/dan/1-classic-parsing	dan	1	note	1	n/a	wontfix			drop	unmet, and unimplementable as written. Classic's number parser is one line, Classic.m2:25, numberP = ZZParser | QQParser -- integers and rationals only, no float parser, so 1.23p123e345 does not parse. But the ask does not say what to do: it proposes replacing e by @ because e is a variable name in classic Macaulay syntax, and then 'p by ???', which is Dan not having decided. There is nothing to implement until someone chooses the spelling, and Classic exists to read Macaulay-1 input, which had no floating point. Note for anyone testing this: the entry point is poly "..." (Classic.m2:36), not Classic"..."
bugs/dan/1-clustrmaps	dan	1	note	1	n/a	obsolete			drop	a 2008 note about adding a clustrmaps.com widget to the web site
bugs/dan/1-combine-doc	dan	1	note	3	n/a	wontfix			drop	the mechanism cannot work and the need is met anyway -- the same shape as 1-constant-to-RR, where toRR being compiled made the ask wontfix. combine is a CompiledFunction, so combine(HashTable,HashTable,Function,Function,Function) := HashTable => combine still fails; you cannot install a method key on a compiled function, which is why 'this doesn't work'. But the file's actual want is the second clause, 'it should make its way into the documentation somehow', and it has: combine-doc.m2:4 gives Usage => "z = combine(x,y,f,g,h) or z=combine(x,y,f,t,g,h)", documenting both arities under Key => combine, with worked examples for each (a polynomial product at :53-59 and a divided-power product at :63-69). The five-argument call runs: combine(h,h,plus,times,plus) on hashTable{1=>2,3=>4} returns a HashTable
bugs/dan/1-configure-64-bit	dan	1	note	10	n/a	obsolete			drop	the premise is a 32-bit-by-default toolchain on 64-bit-capable Intel hardware, which is how Mac OS X 10.5 and 10.6 shipped. configure.ac has no sysctl, no hw.optional and no -m64 anywhere, and it needs none: every supported Mac is 64-bit, Apple Silicon has no 32-bit userland at all, and the compilers default to 64-bit, so the automatic --build=x86_64-apple-darwin CC="gcc -m64" the file asks for would now be either a no-op or wrong. Same era and same fate as 1-configure-arch, already settled obsolete in this catalog
bugs/dan/1-configure-arch	dan	1	note	12	n/a	obsolete			drop	all three asks are dead: 32-bit Mac (the warnings quote i686-apple-darwin8, which is 10.4, and gcc 4.2.3), an --enable-*bit selection that configure.ac has no trace of, and disable-fc-lib-ldflags, which appears nowhere in the tree
bugs/dan/1-configure-build-target	dan	1	note	1	n/a	wontfix			drop	the same ask as bugs/dan/1-architecture-dependent-only-build, which is already settled wontfix in this catalog, and settling it differently here would contradict that. The reason recorded there: there is no split to expose, because building the architecture-independent half means generating documentation and example output, and that is done by shelling out to the compiled binary (run.m2:119 builds a command around format(bindir | "M2-binary")), so the arch-independent files sit downstream of the arch-dependent ones rather than parallel to them. A target for one half alone would still have to build the other. What convenience the ask has already exists as relink and relink-nostrip, Makefile.in:117-118
bugs/dan/1-configure-library-versions	dan	1	note	1	n/a	fixed			drop	done, by the autoconf idiom rather than by version arithmetic: where a particular version is needed, configure either checks the version or checks for the feature that version brought, and the second is the normal case. configure.ac carries 107 feature-test invocations -- 34 AC_SEARCH_LIBS, 34 AC_CHECK_HEADER, 14 AC_COMPILE_IFELSE, 11 AC_LINK_IFELSE, 10 AC_CHECK_HEADERS, 7 AC_RUN_IFELSE and so on -- including compile-and-link probes against flint, givaro, gmp and libnormaliz headers, which is exactly 'checking that recent versions appear' expressed as what the code needs rather than as a number. Explicit version gates exist for the two cases where no feature test would do: GNU make 3.81 is rejected at :209, and Arb errors 'found but too old' at :902. Separately, anything M2 builds itself is version-exact -- 27 of 37 libraries/*/Makefile.in pin a VERSION with a SHA256SUM. Recorded first as open on a count of version comparisons, which was the wrong measurement: a low count of those is what a well-written configure script looks like, not evidence of a gap
bugs/dan/1-containment	dan	1	note	20	n/a	wontfix			drop	neither half wants a tracker entry. (a) 'an easy way to tell the maximum degree of the entries of a matrix': there is still no maxDegree, but max apply(flatten entries m, f -> first degree f) is a one-line idiom and degrees source/target expose the graded data directly, so this is a convenience with a working spelling rather than a gap. (b) the comment Dan quotes, 'we can do better in the homogeneous case!', is still in the source, reworded as '-- TODO: how can do better in the homogeneous case?' at modules.m2:311 -- and it now sits directly above the extension point that would implement it, since issub dispatches through tryHooks(ContainmentHooks, ...) so a specialized strategy can be registered as a hook. An in-source TODO next to its own hook is better placed than a tracker entry, and moving it would lose that adjacency
bugs/dan/1-control-m-s	dan	1	note	1	n/a	fixed			drop	the symptom is gone, though the control-Ms are not. Decisive check: the installed Polyhedra.info.gz contains zero CR characters. The reason is that the package was restructured into auxiliary files -- every file under Polyhedra/documentation/ is LF-clean, and none of the eleven files that still carry CRs contains a document{ or doc /// block, so nothing CR-bearing reaches the info output. Polyhedra.m2 itself is now a 63-line newPackage stub with AuxiliaryFiles => true and is CRLF throughout, and CRs survive in about eleven code files under Polyhedra/ (loadFile.m2 324 lines, extended/standardConstructions.m2 261, extended/legacy.m2 249, core/cone/methods.m2 145 and so on). That is untidy but invisible to the reader the file was worried about, and it is not what was asked
bugs/dan/1-cookies	dan	1	note	3	n/a	wontfix			drop	a non-goal rather than a gap, and the ecosystem settled it the other way. getWWW is a hand-rolled HTTP/1.1 client from 1996 (http.m2, Copyright 1996) that writes request lines onto a socket with four headers, and delegates HTTPS to a subprocess -- 'openssl s_client -quiet -verify 1' at http.m2:45-48. It is a plain method() with no options, so there is nowhere to pass a cookie, and nothing reads Set-Cookie. But no consumer wants one: OnlineLookup does stateless query-string GETs against oeis.org/search and wayback.cecm.sfu.ca/cgi-bin/isc/lookup, and ReflexivePolytopesDB the same against quark.itp.tuwien.ac.at/cgi-bin/cy/cydata.cgi. That package also shows what happened instead: it carries a documented Access option taking 'm2', 'curl' or 'wget' (ReflexivePolytopesDB.m2:93-98), so an author who hit getWWW's limits shelled out rather than asking for the feature -- and curl brings cookies, redirects, TLS, proxies and auth together, each of which getWWW would otherwise reimplement, cookies being the first of the sequence rather than the last. The second ask, 'also the email address option!', is two words that cannot be reconstructed from the file; the likeliest reading is a From: header, but nothing in the tree corroborates it and guessing was not worth publishing. Would be worth revisiting only for a concrete endpoint someone wants that requires a cookie
bugs/dan/1-copyFile	dan	1	note	5	n/a	duplicate	#419		drop	the same defect one level up is already open as #419, 'copyDirectory fails on read-only files', whose own suggestion is 'perhaps add an option to copyDirectory so it forcibly replaces read-only files' -- and that option would have to live in copyFile, since copyDirectory takes options copyFile ++ ... (files.m2:112) and delegates to copyFile for every file it copies (:131). Verified independently: copyFile onto a 0444 target fails and leaves the old contents, and copyFile's options are only UpdateOnly and Verbose. The consequence this file predicts is also already on record as #229, 'read-only files and installPackage', closed as stale rather than fixed. Settled by commenting on #419 rather than filing a third
bugs/dan/1-cygpath	dan	1	note	4	n/a	obsolete			drop	use cygpath rather than mount, in a build M2 no longer has: the cygwin distribution was removed, remnants cleaned in 51d82cd738
bugs/dan/1-cygwin-info	dan	1	note	3	n/a	obsolete			drop	/usr/share/info/dir not updating under cygwin, in a distribution that no longer exists. The install-info half is separately settled -- configure.ac:241 checks for it and errors when info documentation is requested without it
bugs/dan/1-d-translator-crash	dan	1	note	2	n/a	open	#4562		issue	reproduced, after first being parked as unverifiable. Copy any .d file to string.d and run scc1 on it: it fails with 'chk.c:1421: assertion failed' and exit 1. Controls with identical content under other names -- notstring.d, foo.d, strings.d -- produce ordinary 'symbol never defined nor declared' diagnostics and no assertion. So the filename alone decides it, which is the file's claim; the crash mode is an assertion rather than the 2009 segfault because this build has assertions enabled. Presumably scc1 derives a package name from the filename and collides with the built-in string type. Minimal reproducer, no rebuild needed, and scc1 bugs are actively tracked (#1197, #4525, #4542 open; #1134, #1420 closed), none of them this
bugs/dan/1-debian-old-compiler	dan	1	note	9	n/a	obsolete			drop	both halves are gone. cddplus is no longer in the tree at all -- M2/libraries/ carries cddlib and nothing else matching cdd -- so there is no longer anything to fail to compile. And the compiler in question, g++ 4.3.2, is from 2008; the friend-function-in-template lookup the file demonstrates was a real g++ bug of that era, fixed by 4.3.4 as the file itself notes, and no supported build uses anything remotely that old
bugs/dan/1-debugger-and-empty-frames	dan	1	note	29	n/a	open	#4560		issue	reproduces, and it is not merely counter-intuitive as the file says -- it contradicts the documentation. ov_debugging.m2:102-107 promises that after typing end, 'the debugger will be entered again ... at the point inside the function g from which the function f was called', and that listLocalSymbols will then show g's local variables. Side by side on 1.26.06: with the file's functions, which declare no locals, end returns straight to the top-level prompt and g is never entered. With the same call structure but a local variable in each function, end re-enters the debugger inside the caller and listLocalSymbols shows it. So the skip is specifically the empty-frame case, and the documented walk up the stack silently does not happen for any function that happens to declare no locals. Minimal reproducer is four lines. Related but distinct: 1-debugger-and-tail-recursion, where frames are elided rather than empty
bugs/dan/1-debugger-and-tail-recursion	dan	1	note	1	n/a	duplicate	#3546		drop	#3546, 'Incorrect location when error occurs in the tail call', is the live manifestation of this and is labelled Interpreter. It reports that after tail call optimization the error position names the outer call rather than the expression that failed, and it records history the file could not: @pzinn fixed it in PR #3144, which had to be reverted because of #3417. This file's ask -- a way of preventing tail recursion when debugging -- is one candidate fix for exactly that, so it belongs on #3546 rather than beside it. The mechanism is unconditional today: evaluate.d does tail recursion at :519, :649 and :676 with the intent spelled out in comments, consulting no debugging flag, and :769 skips it only for 21-argument calls
bugs/dan/1-decompose	dan	1	note	9	n/a	fixed			drop	decompose no longer overflows the stack in factory on this input
bugs/dan/1-decompose-crash.m2	dan	1	repro	11	fail	fixed			drop	both halves settled, and the second one exactly. The reported segfault is gone: irreducibleCharacteristicSeries I runs to completion on the quartic and returns a Sequence, with no need for the trim the file suggests as a workaround. And the 'it would be nice if this worked' assertion now computes the wished-for answer -- decompose I returns three components, ideal(y-z,x-z), ideal(2y-z,x) and ideal(3y-2z+1,3x-z+2), which match the three expected ideals pairwise under ==, three for three in both directions. The assert as written still fails, but that is a defect in the assertion rather than in M2: it wraps both sides in set, and Set membership uses object identity, so ideal(y-z,...) and ideal(-y+z,...) count as different despite being equal ideals. Worth keeping as a regression test only if that line is rewritten to compare with ==; recorded here rather than acted on, since promoting reproducers is not what this branch does
bugs/dan/1-degree-of-zero	dan	1	note	28	n/a	wontfix			drop	a design musing that was never taken up, and the file knows it -- it ends 'Feedback on that idea would be welcome'. The description still holds: degree of the zero ring element is -infinity, while a zero vector keeps the degree of whatever it came from, so degree(0*F_1) is {0}. The proposal was to make R seriously graded with distinct zero elements of each degree, and the file itself names the reason nobody did: you would then have to decide whether r == s and r === s agree for zeros of different degrees, which is a change to equality semantics across the whole system for a cosmetic gain. Fifteen years on there is one zero per ring and no sign anyone wants otherwise
bugs/dan/1-degreeLift	dan	1	note	1	n/a	fixed			drop	done, and my first reading was wrong. I checked class degreeLift, found an unbound Symbol, and recorded the ask unmet -- but the feature is not a global function of that name, it is a derivation inside map. ringmap.m2:97-104 builds degmapmatrix from the DegreeMap and, when the user supplies no DegreeLift, derives one by solving quotientRemainder against it, raising 'degreeLift: degree not liftable' where no lift exists; identity is short-circuited. Verified: for map(A,B,gens A,DegreeMap => reverse) the cache holds a DegreeLift FunctionClosure at ringmap.m2:101 which sends {1,0} to {0,1}, correctly inverting reverse, and a map with no DegreeMap gets identity. So 'we can compute the degreeLift function for the user automatically' is exactly what map now does. #2580, DegreeLift not preserving homogeneity for multigraded maps, still reproduces and is a separate live bug in the same mechanism
bugs/dan/1-demangle	dan	1	note	3	n/a	fixed			drop	the literal ask was 'fix configure.ac', and configure.ac is fixed: :1660-1664 checks whether nm accepts the option at all ('whether nm accepts the demangle option', testing nm --help for the string) and sets NM_DEMANGLES accordingly, and e/Makefile.in:86-88 adds --demangle to NMFLAGS only when it is yes. So the duplicate-symbol check no longer breaks on an nm that cannot demangle. Dan's suggested alternative, piping through c++filt, was not adopted -- on such a machine the dups target simply runs with mangled names rather than demangled ones, which is degraded output rather than a failure, and that is the outcome the ask was protecting
bugs/dan/1-describe	dan	1	note	6	n/a	fixed			drop	done, and by exactly the mechanism asked for. describe no longer returns a net: class describe R is Describe, a dedicated type, and toString of it gives a single parseable line -- QQ[w_1..w_2, x..z, Degrees => {2:3, 3:1}, Heft => {1}, MonomialOrder => ...]. Compare the transcript in the file, where toString describe produced the net verbatim, subscripts stranded on their own line ('QQ [w , w , x, y, z, ...' with '1   2' beneath), which is what made it useless for round-tripping. No fix commit pinned
bugs/dan/1-describe-FractionField	dan	1	note	17	n/a	fixed			drop	the parentheses the file marks as needed are there. describe frac(QQ[x]) now gives frac(QQ[x, Degrees => {1}, Heft => {1}]) rather than the ambiguous 'frac QQ [x]' in the transcript, so the argument of frac is unmistakably the whole polynomial ring. Same underlying change as 1-describe, describe returning a Describe object instead of a net
bugs/dan/1-dim	dan	1	note	10	n/a	duplicate	#3557		drop	same root cause as #3557, 'rank fails over ZZ because codim needs Generic => true', by way of a different entry point. Re-checked case by case rather than in a batch, and the four cases do not fail the same way: ideal(2) alone is an ideal of ZZ, so A/ideal(2) errors 'expected ideal of the same ring' at the quotient, which is arguable rather than wrong; but ideal(2,x), ideal(two) and ideal(two,x) are all ideals of A, those quotients build fine, and every dim on them fails with the identical message 'codim: expected an affine ring (consider Generic=>true to work over QQ)'. That is #3557's message verbatim -- codim refuses a non-affine ring and nothing can pass Generic => true through. So the answers Bart Snapp wanted (A/2 is (ZZ/2)[x], dimension 1) are blocked by the same plumbing that blocks rank. Neighbours over ZZ, none of them this: #4095 trim, #1518 kernels of ring maps. Settled by commenting on #3557
bugs/dan/1-directSum	dan	1	note	3	n/a	open	#4563		issue	not installed: directSum(List, Function) has no method, so David's directSum(x, f) equivalent to directSum apply(x, f) still has to be written the long way. Filed rather than parked -- it is small, the intended semantics are stated unambiguously in one line, and it is the kind of self-contained addition that suits a first-time contributor. Several open directSum issues, none about this signature: #606 MutableHashTable, #2891 components and direct sums of matrices, #1060 degrees ignored
bugs/dan/1-dismiss-Core	dan	1	note	21	n/a	fixed			drop	guarded now. dismiss Core errors 'Core package cannot be dismissed' and the session continues normally -- 1+1 still works afterwards. The transcript in the file is a collapsed session: dismissing Core took the language's own tokens with it, so startup.m2 line 669 came back with 'undefined token ===', 'undefined token and', 'undefined token <=' and then 'error while loading file', leaving the prompt reading '3 :' with no i. No fix commit pinned
bugs/dan/1-dismiss-rings	dan	1	note	18	n/a	wontfix			drop	the need has a one-line answer already. dismiss on a PolynomialRing still reports no method, as in the transcript, but the file's stated purpose is the tentative sentence after it -- 'This could unassign x, releasing it for other uses...' -- and that is what 'x = symbol x' does: verified, after QQ[y] the symbol y has class the ring, after y = symbol y it is a Symbol again, and QQ[y] can be built afresh. Extending dismiss to rings would have to decide what becomes of elements still referring to the ring, of its caches, and of every other symbol it bound, for no gain over the idiom. 1-dismiss-Core, the other dismiss file, was a real defect and is fixed
bugs/dan/1-dispatch	dan	1	note	7	n/a	duplicate	#1477		drop	the same puzzle as #1477, 'Dispatching of lift and promote', which asks why lift's method is installed the way it is, observes that Ring is not among RingElement's ancestors so the dispatch is hard to account for, and concludes 'the documentation is rather thin in this area'. This file is the user-facing half of that: three plausible lookup spellings and no way to tell which is right. Measured, the answer is worse than unclear -- help lookup describes lookup(M,A,B) as taking classes, but lookup(lift, Ideal, Ring) returns null, as does lookup(lift, ideal x^2, Ring), while lookup(lift, Ideal, R) with the actual ring returns the FunctionClosure at matrix2.m2:766. So the spelling that works is the one mixing a class with an object, and the documented convention does not describe it. Settled by commenting on #1477 rather than filing beside it. Distinct from #1531, which is lookup returning null for a Command
bugs/dan/1-doc-Weights	dan	1	note	5	n/a	fixed			drop	the need is documented, though not under the spelling the file uses. help "Weights" now works through a second weight vector explicitly -- 'The weight order may be combined with further ordering elements to break ties. In the following example, we use a second weight vector to break ties under first weight vector' -- with a worked example, QQ[a..d, MonomialOrder=>{Weights => {1,2,3,4}, Weights => {2,4,2,1}}], and leadTerm(1..3, ideal f) showing what each vector settles. So multiple weight vectors are documented, via repeated Weights keys rather than via the Weights=>{{1,2},{2,1}} list-of-lists in the file. The two are equivalent as orderings: both produce Weights {1,2}, Weights {2,1}, GRevLex, Position => Up, differing only in where the MonomialSize storage directive sits, which is not an ordering criterion. The literal ask -- document that Weights takes a list of lists -- is still unmet, but it is a spelling for something the manual already teaches
bugs/dan/1-doc-disappears	dan	1	note	13	n/a	fixed			drop	no longer reproduces. After loadPackage("Macaulay2Doc", LoadDocumentation => true), help "changes, 1.3" renders the full node -- the Certification option, the OpenMath and SCSCP packages, the bundled 4ti2/gfan/normaliz -- with no 'warning: there is no documentation for' line and no empty stub. The file's symptom was that the node printed as a bare heading with a warning. No fix commit pinned; the documentation loading path has been reworked repeatedly since 2010
bugs/dan/1-doc-headlines	dan	1	note	3	n/a	duplicate	#2372		drop	the same question as #2372, 'hypertext objects in documentation headlines', reached from the opposite side. The state is unchanged: document.m2:602 reads 'if instance(val, String) then fixup val else error("expected ", toString key, " option to be a string")', so a Headline must be a String, and the file's second clause is equally unmet -- SimpleDoc.m2:81 routes Headline through singleString. But #2372 is an open Documentation issue reporting a headline that did contain hypertext and rendered badly (Polyhedra's linSpace), and its proposal is the reverse of this file's: 'perhaps this should raise an error'. One of the two has to win, so this belongs on that thread rather than beside it as a competing request. Settled by commenting
bugs/dan/1-doc-hilbertSeries	dan	1	note	23	n/a	open	#4564		issue	the specific documentation gap the file names is still there. All three operations work -- on monomialCurveIdeal(QQ[a..d],{1,3,4}), hilbertSeries returns a Divide, numerator gives 1-T^2-3T^3+4T^4-T^5, denominator gives (1-T)^4, and value denominator expands it to 1-4T+6T^2-4T^3+T^4 -- but help hilbertSeries mentions none of them. Its See also lists degreesRing, reduceHilbert, poincare, poincareN, hilbertPolynomial and hilbertFunction; the file's request is 'Need to add references to numerator, value denominator, etc.', and that is exactly what is missing. The prose does say the result is 'a type of expression called a Divide', which is the hint but not the pointer. Neighbouring open issues, neither of them this: #974, value of a Hilbert series failing because the parts live in a Laurent ring, and #1701 on hilbertSeries MonomialIdeal
bugs/dan/1-doc-loads-packages	dan	1	note	25	n/a	fixed			drop	both banners are gone. Benchmark no longer announces itself at load time -- there is no stderr write in Benchmark.m2 at all now, and needsPackage "Benchmark" prints nothing -- so the 'type runBenchmarks' block and its eight-benchmark listing cannot appear during an install. The shadowing warnings the file also quotes are gone with the collisions themselves: loading SimplicialComplexes and Polyhedra together produces no warning about isPure, fVector or faces, and EdgeIdeals produces none about graph, checked with debuggingMode set since the warning is gated on it. No fix commit pinned
bugs/dan/1-doc-random	dan	1	note	12	n/a	fixed			drop	the premise reversed, and by Dan's own second formula. The file asks to document that there is NO automatic randomization and to suggest setRandomSeed((currentTime() << 16) + processID()) as a substitute. M2 now does exactly that at startup -- startup.m2.in:32 reads 'if gotarg "--no-randomize" then 0 else (currentTime() << 16) + processID()', character for character the suggestion -- and it is documented: help setRandomSeed says 'Since version 1.2, when Macaulay2 starts the random number seed is initially set to a number that depends on the current date, the time (in seconds), and the process id, except for when running examples and tests in packages, where it is always initialized to 0 by passing the command line option --no-randomize'. Verified both branches: three plain M2 startups give three different values from random 2^40, and two with --no-randomize give the same value
bugs/dan/1-doc-rowMult	dan	1	note	2	n/a	open	#4565		issue	true as reported, and the file's suspicion that 'the other col and row functions might also' is confirmed. rowMult(m,i,a) returns the MutableMatrix it just modified, and help rowMult documents Usage, Inputs and Consequences but has no Outputs section -- the return value shows up only incidentally, as o3 in the example. Checked the whole family: rowMult, columnMult, rowAdd, columnAdd, rowSwap and columnSwap all return the MutableMatrix rather than null, and none of those seven doc nodes, rowPermute included, has an Outputs section. Small and closable: either document the return value or say in Consequences that the matrix is returned for convenience
bugs/dan/1-doc-startup	dan	1	note	2	n/a	wontfix			drop	the half that serves users is done and the other half should not be written yet. 'Indicate that in the error message if they aren't found' is met: loadCore calls describePath before failing, printerring every directory it searched, and only then raises 'Core.m2 was not found on path' (startup.m2.in:622-626) -- which is what someone whose installation is broken actually needs. The remaining ask, documenting how M2 detects where the shared files are, is the exe/readlink/Layout/prefixDirectory logic in initcurrentlayout, i.e. internals; and that same function is the subject of the untracked defect in 1-M2-symlinks, where it follows only one symlink. Documenting it now would be documenting behavior that ought to change
bugs/dan/1-doc-top	dan	1	note	13	n/a	wontfix			drop	not worth acting on against the current generator, which is a judgment rather than a finding and is flagged as such. The code now builds the button from the package's own directory -- topNodeButton(htmlDirectory, topFileName) at installPackage.m2:253, htmlDirectory being set per package at :459 from installLayout and the package name -- so the defect may already be gone. Confirming it needs the same package installed twice, once bundled and once by the user, which is Mike's exact scenario and which I did not build. Weighed against that: the HTML documentation generator is being rewritten during Aug-Oct 2026, so a verdict on today's output would not survive, and a rendering-only report against code being replaced costs a reader more than it gives. If the top link still misresolves once the new generator lands, that is a fresh report with a current reproducer
bugs/dan/1-document-Position-Up-Down	dan	1	note	1	n/a	fixed			drop	documented, and more fully than the three-word ask implies. ov_monomial_orderings.m2:236-275 gives both orders as formulas -- 'position up over term: m F_i > n F_j iff i>j or i==j and m>n' and the corresponding down version -- says which is the default ('The default order is: term over position up. This is called Position=>Up'), and works three examples: the default, Position => Down, and Position placed earlier in the MonomialOrder list so that position is taken into account before the term order. It also appears in the summary table of ordering keys at :681 and renders in help "Position"
bugs/dan/1-document-function-value-assignment	dan	1	note	30	n/a	duplicate	#1980		drop	already tracked as #1980, 'fix, document, or remove storefuns', which is open, labelled Documentation, and links the exact methods.m2 code this file quotes along with its one real use, implanting a resolution in res.m2. #1980 states the three options in its title and adds a worked example of the feature misbehaving -- res M = 5 followed by res M returning 5 for a module -- which covers this file's closing remark that 'the code for resolution storage should check the classes of M and C'. The file's own framing, that a new documentation key type is needed to document assignment to functions, is the 'document' branch of that issue
bugs/dan/1-document-options-error-msgs	dan	1	note	28	n/a	open	#4566		issue	the html half was fixed in direct response to this file and then silently undone. f1c1dd78f1 (2007-12-23) moved all [symmetricAlgebra,Opt] keys into the Key list, which rendered because the node still had a top-level Usage; 9be2d70841 (2009-01-23) restructured it into three SYNOPSIS blocks and deleted that Usage. processUsage returns early without one (document.m2:545-548) and SYNOPSIS has no Options slot at all (:758-768), so help symmetricAlgebra has no "Optional inputs" section while help newRing lists all 19 with links. All 18 keys resolve; the page just does not show them. The same early return exempts SYNOPSIS-only nodes from the warning, so ask (a) fails open -- (a) itself is met generically by 24478f749a (document.m2:564 appends every unmentioned option, validate.m2:76-81 warns). #2516 is the same machinery from the other side, warnings for pass-through options
bugs/dan/1-document-run	dan	1	note	1	n/a	open	#4567		issue	half met and half contradicted. The return code is documented at ov_system.m2:855-867 including "2 for interrupt", by 42ade68981 (2014-08-26). The interrupt-ignoring half is not, and ov_system.m2:851-854 points the other way -- "signals ... will go both to it and to Macaulay2". run is libc system() (scclib.c:850-855), which SIG_IGNs SIGINT and SIGQUIT in the parent: run("kill -INT " | toString processID()) returns 0 and M2 keeps going, so Ctrl-C kills only the command and run returns 2. #1082 asks to redesign what run and wait return and to stop shelling through /bin/sh, which would change what needs documenting
bugs/dan/1-documentation	dan	1	note	1	n/a	fixed		9b00503756	drop	the unary methods show now. help Parsing lists all ten entries of methods Parser under Exports > Methods, * Parser and + Parser included; the nodes existed since 2006 (Parsing.m2:420,434) and what was missing was the Methods section on a package page, added by 9b00503756 (help.m2:236,295) on top of 2bc8cd3401, which made code.m2:156-161 handle unary keys deliberately. fix takes the sha because gh api reports the carrying PR as #2289 "Truncations v1.0" -- correct, confirmed against that PR's 31 commits, and uninformative
bugs/dan/1-documentation-installPackage	dan	1	note	28	n/a	open	#4568		issue	the parenthetical was built and the titular ask was not. CacheExampleOutput arrived in aa8a540a3d (2008-12-14), plausibly before the file, and stashes per node -- installPackage.m2:522-541 keys each file examples/<node key>.out with a hash guard at :527-531; Dan endorses exactly that split in #1924. The Usage line is still installPackage PackageName (package-doc.m2:448-452), only the case having drifted from PACKAGENAME. Dan's literal wording would narrow it, since lookup(installPackage,Package) is non-null and installPackage FirstPackage works, but the need is live and in-style: of 260 Usage lines in Macaulay2Doc/functions 248 are bare metavariables and the 12 with quotes all quote a placeholder precisely where quoting matters, export {"symbol1", ...} being the model
bugs/dan/1-documentation-of-optargs	dan	1	note	1	n/a	open	#4569		issue	half met by 4f82b03a94 (2020-08-06), twelve years on: the [f,Opt] key syntax is documented (document-doc.m2:149-153, ov_documentation.m2:176) and there is an "optional argument documentation template" node (:513-535). What is missing is how the type, default and description reach a page -- [document,Inputs] (:233-263) lists seven item forms and never uses the word option, so nothing says an Option-shaped item is pulled into the separate "Optional inputs" section or that omitted options are auto-listed; that is documented only for SimpleDoc (doc.txt:161-165, 3cb2096b13). And document-doc.m2:636 claims "the options are used just as with document", which is false: SYNOPSIS has no Options slot and without BaseFunction => f processSignature falls to document.m2:516, a bare Name => ... with no type, default or link. Not on the wiki either -- the style guide's "Use of optional arguments" is about code. #1466 is the next layer up, documenting an option's admissible values; #1220 is the closed issue whose fix delivered the half that is met
bugs/dan/1-dot-dot	dan	1	note	33	n/a	duplicate	#4510		drop	duplicate of #4510, which this catalog filed out of 0-indexed-variables -- same code path, X .. X at dotdot.m2:12-19, different spelling of the endpoints. The reported symptom is pre-commit: 92e9ca107e (2009-10-29, three months after the file) rewrote .. and added the guard that turns the wrong-ring answer into the IndexedVariable fallback, so ideal(x_1_R .. x_3_R) now errors at matrix1.m2:557 rather than silently building an ideal of S. Two things #4510 does not say: tests/normal/dot-dot.m2:128 asserts the fallback for a shadowed ring, and #2020 already settled the design question against fixing it -- pzinn implemented it (6116033703, 2340541e45), found it reinterpreted R=QQ[m_(1,1)..m_(2,2)] against the previous ring, and closed it on Dan's "let's be conservative here and not break code". Mahrud's 2024 promote-at-the-end suggestion there is unanswered. Comment posted rather than a new issue
bugs/dan/1-dot-dot-2	dan	1	note	8	n/a	open	#4570		issue	reproduces cold and the order matters: X11 .. a errors in a fresh session and only works once vars(-11) has memoized into varIndices, so running the file's two lines in reverse reads as fixed. varName (indeterminates.m2:8-13) defines the whole scheme -- X<n> for negative indices, x<n> for indices at least 52 -- but reverseVars (:24-33) inverts only single letters, match("^[a-zA-Z]$",s) at :28, plus whatever a prior vars ZZ call registered. So vars generates names it cannot invert; vars(52..54) is (x0,x1,x2) and x0 .. x2 fails the same way. Fix is the two missing inverses, which cannot collide with the single-letter case since x alone is 23 and x0 is 52. Distinct from #4510 and #2020, which are about .. returning the wrong type rather than failing to resolve a name
bugs/dan/1-double-semicolon	dan	1	note	10	n/a	duplicate	#4067		drop	close but not the same as #4067, which asks why ;; is a syntax error; this file asks what it should mean -- no output value recorded and no line-number increment. Both start from the same error, still live, but answering #4067 by making ;; a harmless empty statement would foreclose the proposal, so the design note goes on the issue as a comment. The need is already met and documented: lineNumber is assignable (ov_repl.m2:443-447), so 2+2; lineNumber = lineNumber - 2; makes the next prompt reuse i2. The other half is not -- ; suppresses printing but still records the value, and o1 is 22 after 11+11;
bugs/dan/1-elliptic-integrals	dan	1	note	5	n/a	open	#4571		issue	neither check was done and the source says so. EllipticIntegrals.m2:380-381 still asserts a negative imaginary part for D.Period', byte-identical to the file, under a live -* actually, the paper has the complex conjugate of this period ... *- comment against Grayson's 1989 Archiv der Mathematik period cited at :15-18; two neighbouring assertions dodge the sign with abs (:320,:322). The real part drifted from .0p200 to 2.37e-66 in 28a631f318 (2026-05-19), a test repinned to new sqrt(CC) output rather than an answer, and below the noise floor at 200 bits. Branch cuts were never looked at -- git grep "branch cut" is empty tree-wide and E.log (:226) still picks roots by magnitude, quadnorm eqn' > quadnorm eqn at :239. The file's {* *} clause is settled: f2c87ac678 converted this very file and bc59b7532b made the old syntax a lexer error (lex.d:308-309). #4416 is the neighbouring agm question, about infinite arguments
bugs/dan/1-emacs-app	dan	1	note	17	n/a	obsolete			drop	fetch Emacs.app from the Emacs CVS repository at tag EMACS_22_3 for the .dmg icon. Emacs 22 is from 2007, Carbon is gone in favour of the NS port, and Emacs left CVS for bzr and then git
bugs/dan/1-emacs-macro-needed	dan	1	note	1	n/a	open	Macaulay2/M2-emacs#102		issue	unmet, and filed on Macaulay2/M2-emacs rather than here because that is where the code is -- git ls-files '*.el' is empty, M2.el having left in 78186879eb (2020-06-24) for the submodule at M2/Macaulay2/editors/emacs. f11 is M2-send-to-program (M2.el:67) reaching a verbatim buffer-substring insert (:474-504, :512-521); the only semicolon logic in the mode inserts one (M2-electric-semi, :65, :680-685), and fifteen sibling send-commands arrived without this one. The region branch of the same key covers it -- "or the region, if the mark is active", :525-534 -- but as C-a C-SPC C-e C-b f11, five keystrokes for a one-keystroke ask, so a workaround rather than the need being met. For whoever implements it: C-u f11 is taken, the prefix argument picks the target buffer (:470-486). filed as Macaulay2/M2-emacs#102; deliberately given no row in issue-titles.tsv so bin/file-issues cannot file it against Macaulay2/M2
bugs/dan/1-emacs-startup	dan	1	note	10	n/a	fixed			drop	the mechanism is dead and the need is met, downstream. This tree cannot write to /etc: configure.ac:1968-1974 pins sysconfdir=/nowhere on purpose and emacs lisp goes under the prefix (:1956, LAYOUT:106). The postinstall/preremove scripts the ask depends on went with 6c833cbf0c (2025-09-08); reading that commit's parent copy of M2/distributions/deb/macaulay2-common/postinst.in, those scripts only ever ran install-info, so this was never implemented even while the hook existed. Debian answers it by the route that replaced site-start.d: elpa-macaulay2 ships /usr/lib/emacsen-common/packages/install/elpa-macaulay2 and byte-compiles into /usr/share/emacs/site-lisp/elpa/M2-1.26.6/, and emacs --batch with (package-activate-all) reports M2-mode autoloaded and .m2 in auto-mode-alist with no user configuration -- the third condition, not outside /usr, holding for free because the distro package does it. fix blank: nothing in this tree fixed it. Checked against the Ubuntu PPA build of the Debian source package, not Debian unstable itself. 1-site-start.el-file is the obsolete sibling
bugs/dan/1-erase-symbol	dan	1	note	2	n/a	wontfix			drop	the need has a supported one-word answer and the proposal would be worse. erase still refuses outright (actors5.d:697, "symbol is in a protected dictionary"), and the 1-dismiss-rings answer does not carry over -- firstFunction = symbol firstFunction fails too, with "assignment to protected global variable". But dismiss FirstPackage takes the package's dictionary off dictionaryPath and the name then resolves afresh in User: class firstFunction goes FunctionClosure -> Symbol and firstFunction = 7 works. Doing it inside erase would have to defeat symbol protection and would leave the package loaded with its exported function no longer a function, silently, for the rest of the session. A judgment rather than a finding, so overrule it cheaply if you disagree. #666 is the opposite direction, asking for a way to create protected globals outside a package dictionary
bugs/dan/1-error-file-paths	dan	1	note	2	n/a	wontfix			drop	declined for reproducibility of error messages in the documentation, which is the maintainer's call and outranks the argument I first made. The ask is unmet and the mechanism is deliberate: tostring(Position) (d/stdiop.d:113-122) runs the filename through minimizeFilename (:83-90), which takes whichever of as-given, relativized or absolutized is shortest, so an absolute path handed to M2 is discarded. Doug's f75c83343a (2020-06-03) made positions always relative for exactly this reproducibility reason and was reverted 13 days later in 9de2bbbe7a as collateral of the build-directory revert; I argued the reason was obsolete because reproduciblePaths exists, but that is a textual scrub over example output keyed to known prefixes, whereas the relativizing is what keeps builder paths out of the error text at all. One consequence stays observable: with cwd an ancestor the leading slash is dropped, so from / even Core prints usr/share/Macaulay2/Core/startup.m2. That is #1779's symptom, closed 2021-01-04 on not-reproducing-from-a-different-cwd rather than on a change
bugs/dan/1-error-message	dan	1	note	10	n/a	fixed		d76d89c350	drop	the opaque engine error is gone and the replacement names the cause. saturate(J, x_R, Strategy => Bayer) on the file's own input said "expected degrees all of the same rank"; it now says "assumptions for saturation strategy Bayer are not met" (Saturation.m2:438), and the old string is nowhere in the tree. Came in with d76d89c350 (2020-07-31, PR #1385), which moved saturate onto the hook framework so an inapplicable strategy is reported as such rather than surfacing whatever the engine complained about. Plain saturate(J, x_R) computes normally
bugs/dan/1-error-methods	dan	1	note	113	n/a	open	#4572		issue	still true and measurably worse: the file's transcript has 102 entries, methods symbol = now has 154, of which exactly 4 are real assignment methods (RawMutableMatrix _ Sequence, MutableMatrix _ Sequence, IndexedVariableTable _ Thing, Symbol _ Thing). robust.m2:64-130 installs a Thing OP Thing method per flexible operator whose whole body builds the "no method for" text. One distinction the file conflates: 74 of the 154 are ((op,=),Type,Type) and ((op,=),Type) inheritance dispatchers from methods.m2:567-578, which do real work, so "stop installing them" is not available for those. Measured 150 of 154 already satisfy isUndocumented, yet documentableMethods (help.m2:143) returns all 154 -- isDocumentableMethod asks whether each key component is an exported type, never whether the key itself was marked undocumented', and Thing and Type are exported. So adding that test is a one-line partial mitigation, at the cost of a doc-database lookup per key. #1331 asks for more output, #3108 was fixed by filtering unexported types (10529388c6) which provably leaves every stub, #1604 is the inverse complaint
bugs/dan/1-example-files	dan	1	note	15	n/a	fixed			drop	the file's own preferred answer is the one that landed, and it is now the default. "Or better, get capture working!" -- capture is a d primitive (d/interp.dd:548) and installPackage runs examples in-process through it (installPackage.m2:573-577 -> examples.m2:245-262), with a fork fallback via runFile when isCapturable says no or capture errors; gated to two packages in 1.17, ungated by 29d49c01b6 (2025-08-19) and announced for 1.25.11. Of the first ask, the .m2 half is met -- inputs go to temporaryFileName in /tmp (installPackage.m2:523-524) and are removed on success, and dpkg -L finds no installed .m2 -- but the .out half rests on a wrong premise: getExampleOutput reads them at runtime to render help, so the 8472 installed .out files have to be there. The four-directory refactor was attempted and reverted (eae4bd1b1f, afda220fca, reverted 1a1a009cca and 9de2bbbe7a, June 2020) and the reproducible-path problem it was aimed at was solved textually instead by reproduciblePaths (92952d6389). Residue not worth filing: LAYOUT:89-91 still describes an examples/ directory holding *.m2 and *.out, where the installed one is example-output/ and holds only .out; LAYOUT:93 already says it may get obsolete. 2-check-packages-capture is the adjacent unread row
bugs/dan/1-example-rerunning	dan	1	note	1	n/a	wontfix			drop	RerunExamples => true is the supported answer, and keying the cache on source mtime would rerun every example in a 300-package distribution on every commit and invalidate all 8472 installed .out files once. The ask is genuinely unmet, verified with a throwaway package rather than by reading: installPackage.m2:561 sets inputhash := hash inputs over the example text alone and :562-564 reuses the .out when that matches, so changing zzAnswer from 111 to 999 with the doc untouched left the output at o1 = 111 under the same hash 1332353094583, and the 999 surfaced only on a third install after an unrelated line was added to the example. Editing an example does rerun it, which is the everyday case. Nothing ever attempted the source-stamp version -- no hit from git log --grep=rerun or -S fileTime on installPackage.m2. A judgment rather than a finding. #4311 is the live neighbour and a different failure, the input changing and the rebuild still going wrong
bugs/dan/1-exponent-formatting	dan	1	note	18	n/a	open	#4573		issue	reproduces byte for byte and the cause is one line. net Superscript (expressions.m2:774-779) raises the exponent by 1 + depth n, computed from the exponent's own net, so the offset ignores how tall the base is; the parenthesized quotient ring measures (height, depth) = (3,3), six lines with its baseline in the middle, and the exponent lands on row 2 of 6 exactly as the file's arrow marks. Raising by max(1 + depth n, height b) against the base net puts it above the top line, which is what the file asks for, and is byte-identical to today for a one-line base and for a matrix base -- checked, since the tempting height b - 1 breaks the ordinary case by dropping the exponent onto the baseline. Not a deliberate choice: git log -S 'n^(1+depth n)' returns only 647f7532b3, Initial revision. #3198 is about the parser's precedence for _ and ^, not where a superscript is drawn
bugs/dan/1-export	dan	1	note	38	n/a	fixed		63271b9134	drop	the literal sentence is still true and the consequence it turns on is gone. 63271b9134 (2011-03-30) put a new package's export dictionary on dictionaryPath during loading (packages.m2:403-407), so the file's "especially when the dictionary to be exported is not on the path" no longer applies: after export { "zzfoo" => "zzbar" } the private dictionary still holds only zzbar, but zzfoo resolves inside the package to the same symbol object -- zzbar = 42 then zzfoo gives 42, and assignment through either name is visible through the other. The file's own spelling no longer parses either, since de6a0e20e8 (2014-08-28) made both sides strings. Two side notes: packages.m2:436 now makes it an error for the public name to already exist privately, i.e. the file's premise is deliberate policy; and export-doc.m2:26-27 says the form "creates a symbol with the name name", which is imprecise -- no symbol is created, a key is bound to the existing one. Reproducing the transcript also turned up a separate defect, filed by hand as #4575 and with no row of its own: packages.m2:437 tests sym#1 and reports nam
bugs/dan/1-factor	dan	1	note	22	n/a	fixed		b007b6176d	drop	the experiment became the implementation. The file is a C++ program calling rootOf(x*x-2) then factorize(g,a1) to factor over a simple algebraic extension; e/interface/factory.cpp:661-749 now does exactly that pair of calls inside rawFactorBase, reached from the "NumberField" strategy at factor.m2:132-139, landed in b007b6176d (2012-07-03) and covered by tests/normal/factor.m2:51-56. Verified: toField(QQ[a]/(a^2-2))[x] factors x^2-2 as (x-a)(x+a), GF(9)[x] factors x^2+1, frac(QQ[a])[x] factors x^2-a^2. Towers do not work -- isSimpleNumberField requires one generator, so QQ[a,b]/(a^2-2,b^2-3) falls through and the engine rejects the coefficient ring. Checking this turned up a separate defect, filed by hand as #4574 and with no row of its own: without toField the same quotient silently reports x^2-2 as irreducible, which is the path #1996 left behind when it closed #677
bugs/dan/1-factoring-library	dan	1	note	1	n/a	fixed			drop	the suggestion was taken up, twice over. FLINT is a hard dependency -- configure.ac:590 lists it, :881 requires >= 2.6.3, and M2/libraries/flint/Makefile.in bundles 3.6.0 -- and it literally is M2's integer factoring library: rawZZfactor calls fmpz_factor at e/interface/flint.cpp:46-79. Polynomial factoring goes through factory rather than FLINT's own *_poly_factor, but factory is itself built on FLINT (configure.ac:600, and :942 forces building factory when FLINT is built), so the C library the file points at underlies that path too. fix left blank: adoption was incremental and no single commit answers the file. 5-factoring-by-lifting is a different unread ask, Decker's lifting algorithm
bugs/dan/1-factory-conversion	dan	1	note	505	n/a	fixed		2bc53f48f8	drop	no longer reproduces, and the fix is upstream. All four examples run: the file's own radical J on the ZZ/2 ring finishes in 1.8s, and Schwede's three ass ideal singularLocus cases -- including the ZZ/3 one that segfaulted -- return answers. The failing assertion was factory's own, fac_cantzass.cc:125 in distinctDegreeFactorFFGF; M2 only ever patched that file for an unrelated mpz_mdivmod_ui macro (libraries/factory/patch-3.1.1). M2 left factory 3.1.6 in 2bc53f48f8 (2014-03-02, a Singular snapshot), reached 4.0.0 in 9c051b92b8 (2014-05-24), and now requires >= 4.2.0 while bundling 4.4.1; libfac went separately in cf06c247bc. Same shape as 1-decompose, another factory crash that went away with a version. #4494 is the live factory issue and is about thread safety, not this
bugs/dan/1-file-search-path.m2	dan	1	repro	42	fail	fixed		a6aa79a1ee	drop	the ask landed and the file the diff patched is gone. a6aa79a1ee (2020-12-21, 'Check package using tests from package test directory, if it exists') added loadTestDir (testing.m2:66-82), which scans PKG/tests/ and feeds it to tests, which check calls; documented at check-doc.m2:85-86. Verified: tests "JSON" prints 'loading tests from /usr/share/Macaulay2/JSON/tests/' and returns two TestInputs, with no path arithmetic in the package. Dmodules itself was renamed to WeylAlgebras in e3be0869c9 and the successor has plain load lines with TEST blocks inside the loaded files, so the workaround the diff introduced is gone too -- Dan fixed the root cause the same week he filed this, in c717fbb72e (2007-06-14). Residue not worth filing: only JSON, LanguageServer and RInterface use the tests/ convention, while 16 packages still hand-roll PKG#"source directory" | ..., Schubert2.m2:1883-1890 being the purest surviving instance. #3420 is the successor ask, tests keyed to documentation nodes. Also worth knowing: LAYOUT's packagetests key has no counterpart in the live Layout built at startup.m2.in:277, so do not cite LAYOUT as evidence of it
bugs/dan/1-finalize-files	dan	1	note	1	n/a	open	#4577		issue	unmet on all three counts and data is genuinely lost, measured rather than read: after zzf << "hello"; zzf = null and two collectGarbage() calls the file is empty and openFiles() still lists it. At normal exit it does reach disk, via closem (d/stdio.d:575-583) registered with atend -- which flushes but does not close. Two blockers, and the second is the interesting one. There is no finalizer on the file type (git grep -i finaliz over d/stdio0.d d/stdio.d d/stdiop.d exits 1; every GC_REGISTER_FINALIZER in the tree is for foreign pointers, mysql, pthreads or engine objects). And openfiles (d/stdio.d:154-158) is a strong-reference list that addfile pushes every file onto and only rmfile removes, from cleanUp, after close -- so an unclosed file is reachable from a GC root and can never be collected, which is what openFiles() still listing it demonstrates. The two halves of the file are in tension: the flush-at-exit net that makes the common case work depends on that same pinning. #1515 is a hard second blocker, registerFinalizer broken since <=1.12 with #2728 on the same GC warnings and #1852 closed as its duplicate
bugs/dan/1-flatmonoid	dan	1	note	1	n/a	fixed		b16f33406a	drop	exposed, and by exactly the mechanism asked for. FlatMonoid is in the public export block at exports.m2:175 and has a full documentation node at doc_rings.m2:43-59 -- Usage R.FlatMonoid, Inputs, Outputs, a runnable example and SeeAlso flattenRing -- written by b16f33406a (2008-12-27) and relocated by 6d82610a3f. Verified reachable in plain user scope with no debug Core: class (QQ[x][y]).FlatMonoid is GeneralOrderedMonoid. It is load-bearing rather than incidental, being the definition of degreeLength, degreeGroup and heft for a PolynomialRing (polyrings.m2:95-96, hilbert.m2:71). And Schubert2, the package the file names, still uses it -- Schubert2.m2:266, weightRange(first \ degrees (ring f).FlatMonoid, f) -- so the need did not go away, it was met. The lowercase spelling in the file was informal; git grep flatmonoid finds nothing
bugs/dan/1-flattenRing	dan	1	note	40	n/a	open	#4578		issue	three asks, three destinations. (1) the opening question, what to do when the requested coefficient ring appears as (k/I)[a], is unmet and errors: flattenRing(zzB, CoefficientRing => zzA) with zzB = (zzA/ideal(s^3))[t] gives 'unable to flatten ring over given coefficient ring' (newring.m2:184) while CoefficientRing => QQ gives QQ[t,s]/s^3. There is a smaller repro of the same mechanism -- flattenRing(zzA, CoefficientRing => zzA) also errors -- because flattenRing Ring tests k === R at newring.m2:198 but the overriding methods at :221-225 and :243 test only the coefficient ring, so the self-reference falls through to unable(). Filing that one; Schubert2 calls the CoefficientRing form at five sites. (2) is met, and Dan's own '(or does it?)' is answered: degrees and degreeLength are preserved variable by variable (a {{1,0}}/{{0,1}} tower flattens to degrees {{0,1,0,0},{0,0,1,0}}, degreeLength 4 to 4) and homogeneity survives the map, by the 2008 degree-joining series 0126f8f60b..3f8ebb6ab1 plus 1da8ef003c and bf728fe883; matrix2.m2:181 now relies on it. (3) is verbatim still true -- degreeLength is never reduced and the order is the product order (monoids.m2:681-682) -- and its live symptom is #3887, whose reporter works around it with newRing(..., MonomialOrder => GRevLex, Degrees => {1,1}); commented there. A doc gap found on the way: flattenRing-doc.m2 has zero mentions of degrees, homogeneity or monomial order, which is what #651 should absorb
bugs/dan/1-flattenRing-can-save-time	dan	1	note	5	n/a	open	#4579		issue	both halves unmet, and the second is measurable without the first. Applying a ring map never short-circuits: ringmap.m2 contains no raw-ring comparison and RingMap RingElement (:169-175) always calls rawRingMapEval, so map(zzB,zzB) -- which satisfies zzid == 1, source === target and zzid === id_zzB, since ringmap.m2:31 computes exactly that predicate for comparison -- still costs 2.55ms per application on a 210-term polynomial and returns its argument. The first half is real but small: for a tower flattenRing builds a fresh raw ring rather than reusing R.FlatMonoid (raw zzS =!= raw zzR, zzR.FlatMonoid =!= monoid zzS) even though describe of the two monoids is character-identical, but caching from b25a44b6d1 (2008-10-24) already amortizes it -- 4.0ms on the first call for a 16-variable tower, 4.1us after. Filed as one issue keeping Dan's sequencing, reuse then short-circuit. Unsettled and worth a guard: whether reusing R.FlatMonoid is sound for Weyl algebras, Inverses, SkewCommutative or Join => false, which is what 'when appropriate' is doing in the file. #2133 is the adjacent caching issue
bugs/dan/1-font-lock-activity	dan	1	note	1	n/a	fixed			drop	done, and in the way the file asked for -- 'the way it's done in compile-mode'. The emacs mode is not in this tree (git ls-files '*.el' is empty; it is the Macaulay2/M2-emacs submodule at M2/Macaulay2/editors/emacs), and there M2.el:161,164 sets compilation-error-regexp-alist from M2-error-regexp-alist (:117-146, three patterns each commented with the d source that emits it) and turns on compilation-shell-minor-mode. RETURN and mouse-2 are therefore compile.el's own compilation-button-map, which binds both to compile-goto-error, rather than anything hand-rolled. The conversion was one commit, 5b68215 (2023-02-11, 'Use compilation-shell-minor-mode for jumping to source'), the only one touching either API. Both follow-on regressions in the converted mechanism are fixed: M2-emacs#48, filenames with spaces, by the quoted-filename alternation now in all three regexps, and M2-emacs#65, drifting line numbers, by M2-comint-forget-errors (M2.el:656-665) whose docstring describes that symptom. fix blank: the commit is in another repository
bugs/dan/1-for-by	dan	1	note	21	n/a	duplicate	#4580		drop	merged into #4580, filed from 1-for-loop-idea.m2, which covers the whole for-bounds gap. Both of this file's examples reproduce verbatim: for i from 4 to 0 by -1 fails at the grammar level, since forCode (d/parse.d:252) has no field for a step and "by" is not a keyword in the d sources, and for i from x to x+10*y by y fails as 'expected an integer' from d/evaluate.d:348-358, which is the same half the other two files report. The need is reachable through the in clause -- for i in reverse(0..4) and for i in select(0..10, zzk -> zzk%2==0), both verified -- so this is syntax rather than capability. The third ask, 'parallel for', is too vague to file and is not in the issue
bugs/dan/1-for-loop-idea.m2	dan	1	repro	13	fail	open	#4580		issue	filed as one issue covering the whole for-bounds gap, with 1-for-sequence-idea and 1-for-by as duplicates of it. Bart Snapp's example still fails: for i from (0,0) to (5,6) gives 'expected an integer' while the form the file compares it to, for j in (0,0)..(5,6), iterates all nine pairs -- verified. evalForCode (d/evaluate.d:314) is the whole story. The in clause accepts a Sequence, a List, or any iterable through getIterator and getNextFunction (:331-341); the from and to clauses accept only a ZZcell passing isInt (:348-358), because j and n are C ints. And there is no step at all: forCode (d/parse.d:252) has inClause, fromClause, toClause, whenClause, listClause and doClause and no field for one, and "by" appears nowhere in the d sources as a keyword -- which is why 1-for-by's first example fails as 'no method for adjacent objects: 0 (of class ZZ) SPACE by (of class Symbol)' rather than as a for-loop error. So the loop body already handles what the bounds refuse, and both needs are reachable today through the in clause: for i in reverse(0..4) descends, for i in select(0..10, zzk -> zzk%2==0) steps, both verified. Filed on the same basis as #4557 and #4563, convenience over a working spelling. The file's own parenthetical, 'what about installing a top level method to handle that?', is worth quoting in the issue because the answer is no -- from and to are parsed, not dispatched, so no method can reach them. #4271 is the live neighbour, a nested-for syntax whose author offers to implement it
bugs/dan/1-for-sequence-idea	dan	1	note	4	n/a	duplicate	#4580		drop	merged into #4580, filed from 1-for-loop-idea.m2, the same ask from a second reporter: for i from (1,1,1,1,1,1) to (1,2,3,4,5,6) gives 'expected an integer' because the from and to clauses take only a small integer (d/evaluate.d:348-358) while the in clause takes any iterable. Four lines each and they say the same thing, so one fix closes both
bugs/dan/1-fork-sandbox	dan	1	note	36	n/a	wontfix			drop	the two resource-limit steps shipped and the security content is better done from outside the process. Of the seven-step recipe, step 1 is limitFiles and step 6 is limitProcesses (d/system.d:204-221, documented ov_system.m2:2044-2062), both from 778e7f0cad (2012-03-13) -- the same commit as the --read-only-files the file itself credits, which still works: openOut under it is blocked. Steps 2-5, the privilege separation, are absent; there is no chroot or setuid anywhere in d/, c/ or e/, and class sandbox is Symbol. Two reasons not to pursue it. The recipe is fork-then-drop-privileges and fork's own documentation now says very few operations can be safely done in the child of a multithreaded program, even allocating memory -- M2 became multithreaded after this was written. And sandboxing the whole M2 process externally is strictly better than building privilege separation in: a container runtime, systemd unit confinement, a seccomp or firejail-style wrapper or a VM all cover the engine and every library M2 links, do not depend on M2 being correct about it, and need no fork inside a threaded process. Macaulay2Web is one consumer that does exactly that, out of tree. A judgment, so overrule it cheaply. One live gap that is not this file's ask: --read-only-files is documented nowhere in Macaulay2Doc or the man page, unlike limitFiles and limitProcesses. #519 is the adjacent resource-limits issue
bugs/dan/1-frac-tower	dan	1	note	5	n/a	fixed		711507e071	drop	works now, and correctly for the case that can be correct. frac(QQ[x]/x^2[y]) returns a FractionField instead of 'not implemented yet: fraction fields of polynomial rings over rings other than ZZ, QQ, or a finite field', because 711507e071 (pzinn, 2024-02-27, PR #3177 'frac of iterated ring') made factoryAlmostGood recurse through the whole chain (enginering.m2:335-342) where it previously looked only one level down at coefficientRing and so refused iterated rings wholesale. The guard at enginering.m2:350 is still there; it was widened, not removed. For a domain base it is sound: over frac((QQ[a]/(a^2-2))[y]), a^2 == 2, y*(1/y) == 1, 1/a*a == 1 and (y+a)/(y+a) == 1. Found while checking this, and NOT filed here because it is the live core of bugs/mike/0-frac-bug, still todo: the same guard never asks whether any quotient in the chain is prime, so frac accepts non-domains and builds a ring that is not one. frac's own documentation says the input is an integral domain. In frac(ZZ[t]/(t^4)) -- 0-frac-bug's ring -- t =!= 0, t^4 == 0, t*(1/t) == 1 and yet (t^4)*(1/t) == 0 while t^3*(t*(1/t)) == t^3, so the same product grouped two ways gives 0 and t^3. That file's own transcript is fixed, its product l now being 1 rather than a nilpotent denominator, so it could have been settled fixed on the symptom Filed as #4576 and bugs/mike/0-frac-bug settled as its duplicate.
bugs/dan/1-freebsd	dan	1	note	21	n/a	obsolete			drop	the specific error is unreachable and the port machinery is broken. The 2008 report is a GCC 3.4 libstdc++ cwchar clash; configure.ac:271 now sets -std=gnu++17, which GCC 3.4 cannot compile, and git grep finds no live wcstold/wcstoll/cwchar in the tree. M2/distributions/freebsd/ is vestigial from FreeBSD 7.1 (3bd4ddea6e, 2009-01-06) and provably cannot work: Makefile.in:26,62 drive pkg_create and pkg_info, removed in FreeBSD 10.0 in January 2014, and post-install.in/post-deinstall.in are three-line no-ops. No BSD appears anywhere in .github/workflows. A genuine ports effort in June-July 2020 (#1259, #1274, #1275, #1279, #1283, all against /usr/ports/math/macaulay2/) closed without landing a port, and freshports has no macaulay2. Two residues belong on #1091, not here: the 19-year-stale GCC-3.4 HINT at libraries/factory/Makefile.in:73-78, which is the only in-tree text that answers this file, and the --enable-freebsd plumbing at configure.ac:509-516 and m4/files:11-13
bugs/dan/1-front-end-tests	dan	1	note	51	n/a	open	#4581		issue	Mike's list is met; Dan's two exceptions are not. The June 2006 predicates for the Hilbert-aided GB are now canUseHilbertHint (gb.m2:260-271) item for item -- degreeLength R === 1, poly ring or quotient of one, over a field, commutative or skew, every variable's first degree positive, matrix homogeneous -- landed 6e72d40d14 (2025-07-29) and renamed ef88222289, nineteen years on. Exception (a), a Hilbert hint for res, is still literally as Dan describes: options gb has Hilbert and options res does not, comp-res.hpp and comp-res.cpp contain no hilbert at all, and set_hilbert_function exists only on GB classes. Demonstrated by installing a deliberately wrong hint, poincare J = 1: gens gb J becomes the zero map, so gb used it, while betti res J is unchanged from the correct resolution. res is now a synonym for Complexes' freeResolution, and the front-end store exists (poincare M = p, hilbert.m2:110) with no resolution consumer. Exception (b) is unmet too: isHomogeneous has 12 methods and none takes more than one argument, so there is no way to ask about the first degree component alone; Complexes/FreeResolution.m2:215-380 substitutes heft R =!= null, which is weaker, and full multigraded isHomogeneous, and does not enforce Mike's 'algorithm 3 additionally singly graded'. Filed as one issue covering both exceptions. #4487 is adjacent to (b), #3937 is why canUseHilbertHint was hardened
bugs/dan/1-further-libraries-and-applications	dan	1	note	18	n/a	open				parked with the other wishlist files: one row holding seventeen independent library suggestions, so filing it whole would produce an issue nobody can close. Seven are done in a real sense -- cddlib, lrslib and 4ti2 bundled and genuinely used (4ti2 has an interface package and six downstream packages), polymake as an interface and deliberately never bundled (configure.ac:612-616 calls its build procedure flawed), gap over SCSCP with a separate install, and linbox and palp present but inert. matplotlib is reachable through the Python package. The other nine -- iml, jmol, polybori, m4ri, genus2reduction, symmetrica, porta, coin/or -- are absent and none ever had an M2 package. The remainder is a grab bag rather than one ask, spanning dense-F2 linear algebra, boolean-ring Groebner bases, combinatorics tables, an arithmetic-geometry calculator, a molecular viewer used as a plotter and an LP stack that glpk and fflas-ffpack settled; several are near-dead upstream. Two findings recorded rather than filed: palp is in PROGLIST (configure.ac:593) and built, yet git grep palp over packages/ returns nothing and configure.ac:1119 still reads 'dnl TODO: uncomment whne we require palp'; and linbox defaults to ENABLE_LINBOX=no (configure.ac:1454) with no HAVE_LINBOX anywhere under Macaulay2/, though configure.ac:623 calls it an option for experimentation
bugs/dan/1-galois-fields	dan	1	note	54	n/a	open	#4582		issue	unmet, and the answer is cheaper than the file imagined -- reframed onto FLINT, since PARI left the tree in e79bd82855 (2025-03-07). findGalois (galois.m2:95-121) asks a hook, the only hook is ConwayPolynomials, and its data is FLINT's Conway table (ConwayPolynomials.m2:13, 'the data comes libflint', via a2fd44e9f0). Outside that table it falls to galois.m2:113, a brute-force search over dense random monic polynomials, then findPrimitive. Measured: conwayPolynomial(3,100) is null, GF(3,100) takes 6.5s then 4.8s and yields a 67-term modulus that differs on every call, while rawConwayPolynomial(3,100,true) -- FLINT's fq_nmod_ctx_init -- returns a modulus with 3 nonzero coefficients in 2.2ms. ConwayPolynomials.m2:16 hard-codes false, so GF never sees it. GF(3,582), the pari thread's own example, does not finish at all in any practical sense: left running without a timeout it was still going after 55 minutes at 99 percent of a core and 261MB, and was killed rather than completing. Two aggravating details: the modulus is non-deterministic, so GF(3,100) in two sessions gives incompatible fields, and findPrimitive (galois.m2:118) is computed then discarded on the FlintBig path (galois.m2:174-181), i.e. wasted precisely in the slow cases. Coupled cost for whoever takes it: a non-Conway modulus makes map(GaloisField,GaloisField) error by design (ConwayPolynomials.m2:42), which is #2143. #1917 is adjacent, same galois.m2 block
bugs/dan/1-gc-debugging-mode	dan	1	note	1	n/a	obsolete			drop	both nouns in the sentence are gone, deliberately. M2CPPFLAGS appears nowhere in the tree -- the build variable is M2_CPPFLAGS (configure.ac:266) and the spelling in this file was never in the configured files, only in the file itself. -DDEBUG was removed in 0c90490d32 and 6bed5b9d38 (2016-03/04) and configure.ac:307 records why: 'It is a mistake to add -DDEBUG to CPPFLAGS, because it is nonstandard and may confusing libraries, such as flint'. What --enable-debug passes now is -DGC_DEBUG (:310-311), which gc.h honours, and libraries/gc/Makefile.in:65-80 adds --enable-gc-debug, --enable-gc-assertions, --enable-static and --disable-parallel-mark. So gc debugging compiles. The breakage this file anticipated did happen, as #1027 in 2019, and was fixed by c44922195a plus e149f3a2df. Only residue: an unreferenced DEB_CPPFLAGS = -DDEBUG at libraries/ntl/Makefile.in:14. #1206 is the live remnant of the DEBUG-vs-NDEBUG cleanup and is about mathicgb
bugs/dan/1-gcd-GF	dan	1	note	15	n/a	fixed		318dccabbd	drop	Dan asked to get it to work and then made it work, within weeks. 318dccabbd (2008-10-22, 'GF gcd now working'), after eeb878da6d ('GF gcd progress') and 89ed026e2e ('start interface with Singular Libfac for factorization over finite non-prime fields'), added the modeGF branch that calls set_GF_minimal_poly, now at e/interface/factory.cpp:515-519 inside rawGCDRingElement. Verified on the file's own input: A = GF(3,20, Variable => a), R = A[x], gcd(F,G) returns a cubic that divides both F and G and is an associate of the expected common factor a*x^3-2*a*x^2-x-1 -- degree 3, remainder zero both ways, leadCoefficient ratio exact. The file's second half, the toField comparison it says should work, is the part that is still broken; that belongs to bugs/mike/0-gcd-doc.m2, whose last block is this file's example verbatim
bugs/dan/1-gcd-lcm	dan	1	note	6	n/a	fixed			drop	no longer recursive, so the limit cannot be reached. gcd(500:1) and lcm(500:1) both return 1, and gcd(5000:1) does too. Binary associative methods now fold iteratively: foldL (methods.m2:72) is (f, x, L) -> (scan(L, y -> x = f(x, y)); x), used by the Sequence and List dispatch installed at methods.m2:87-90, so argument count costs no stack depth. That shape reached its current form in PR #1939 (43cc816c41 and 6e85628c9e, February 2021), but the pre-#1939 code was already a for loop rather than a recursion, so the recursive version the file hit is older; the loop first appears in 5598a53088, a February 2009 merge of r8149-r8463 from the 1.2 release branch, which is the era of this file. fix left blank because that is a branch merge rather than a targeted commit, and pinning the original would need a bisect
bugs/dan/1-gcd-over-separable-extensions	dan	1	note	2	n/a	open	#4583		issue	unmet, and instead of declining it gcd returns a common divisor that is not greatest. Over QQ[a]/(a^2-1), which is QQ x QQ, with e = (1+a)/2 and f = (1-a)/2 verified idempotent and orthogonal: for F = e*(x-1)+f*(x-2) and G = e*(x-1)+f*(x-3), d = e*(x-1)+f has degree 1 and divides both, yet gcd(F,G) is 1. My first example, (x^2-1)*(x-a) against (x^2-1)*(x+a), gave the right answer x^2-1 and was a coincidence -- both components share a gcd there. Cause identified and the capability already exists: gcd calls the two-argument rawGCD (factor.m2:26-28) with no minimal polynomial, so an extension in the coefficient ring is invisible and only the base-field part comes back. Over K = QQ[a]/(a^6-a^3-1) with R = K[t], F = t^6-t^3-1 and G = (t-a)*(t+a), t-a divides both and the front end says 1, while rawGCD(raw F, raw G, raw (ideal K)_0) returns t-a. That is Mike's 2009 diagnosis verbatim, bugs/mike/0-gcd-doc.m2 line 3, 'rawGCDRingElement is not being called from the front end'. Also: the guard Dan proposed in #321 -- 'just give an error if the ring is a quotient ring' -- exists at factor.m2:24 but tests only the top ring, so gcd errors in QQ[a]/(a^2-1) and proceeds in (QQ[a]/(a^2-1))[x], and likewise for pzinn's own ZZ[y]/(y^2+3) example. Third guard-depth defect of this cohort after #4576 and #4578. bugs/mike/0-gcd-doc.m2 is left todo on purpose: it is a 120-line multi-ask file covering factor over toField ('NOT CORRECT!!'), bivariate gcd and missing documentation, so it must be read against this issue rather than settled as its duplicate. #1958 is the units-in-a-field case Mike called expected
bugs/dan/1-gctests	dan	1	note	6	n/a	obsolete			drop	both targets are gone or unbuildable and the mechanism the file diagnoses does not exist. gc_test went with the whole util/ directory in b68e23a93a (2025-05-22). testgc.c survives at Macaulay2/m2/basictests/ but cannot be built twice over: its Makefile is never generated, having left the configured-files list in f2ba6a4661 (2013-02-10), and LOADLIBES += @GC_LIBS@ at basictests/Makefile.in:57 is an unsubstituted placeholder since 52da3ae6ef (2019-08-17) dropped GC_LIBS from configure -- that line is the single occurrence of the string in the repository. .LIBPATTERNS, whose missing %.dylib the file blames, appears nowhere in the tree at all. What replaced the check: the .m2 files in basictests are compiled into the binary as strings (d/Makefile.in:219, cmake/startup.cmake:80-84) per the 2013 design, and testgc.c being C could not make that transition. The bundled gc is now exercised by upstream bdwgc's own make check, which CI skips via make check -o check-in-libraries. #1091 is the live home for the cleanup and already names gc_test.c
bugs/dan/1-getSymbol	dan	1	note	8	n/a	fixed		6fd0832dd5	drop	the invalid name is rejected now. getSymbol("d10--") errors 'invalid symbol' from d/actors5.d:1598, where isvalidsymbol guards symbol creation. The file's odd transcript -- first call silent, second returning the symbol -- is exactly the pattern in #2713, whose body shows getSymbol "x_1" silent at i2 and returning at i3, so this row is that issue seen two years earlier. Closed 2023-03-14 by 6fd0832dd5 (PR #2794, 'fix #2713 and assorted alphanum clarifications'), with tests/normal/unicode.m2:8 keeping it honest
bugs/dan/1-getWWW	dan	1	note	3	n/a	duplicate	#4179		drop	duplicate of #4179, which owns the behaviour that would explain it. The file is one dead 2009 URL, http://online.wsj.com/xml/rss/3_7041.xml, and the words 'This doesn't work', so the original cause cannot be verified -- but getWWW returns the raw response including the status line and never parses it, which is #4179's first point. Verified: getWWW 'http://macaulay2.com/' returns 1174 characters whose first line is 'HTTP/1.1 301 Moved Permanently', and a missing page returns 8566 characters beginning 'HTTP/1.1 404 Not Found', both with no error. So a URL that redirected -- which a 2009 http:// news feed almost certainly did -- yields a redirect response and no feed, indistinguishable from success. getWWW is hand-rolled HTTP/1.1 over a socket (http.m2:5-70) with Connection: close. #4179 also asks for https and file:// support; #663 was absorbed into it
bugs/dan/1-gmp-random	dan	1	note	2	n/a	fixed			drop	met, in a better place than the file asked for. There is no such check in configure.ac -- every gmp test there is presence or version, including the only AC_RUN_IFELSE at :918-940, which is a compile-time __GNU_MP_VERSION predicate. But tests/normal/random.m2 is exactly this test: its first line is '-- let's make sure the random number generator doesn't change', and it pins the output of random 100 and of five seed settings against hard-coded vectors, with the superseded pre-1.1 vectors left in comments as the record of the last change. It runs in both build systems and therefore in CI, and it passes today against gmp 6.3.0 -- verified by loading it under --no-randomize, which is how the harness runs tests and which the file's own lines 3-5 explain. M2 does depend on gmp here: random ZZ reaches mpz_urandomm on a gmp_randinit_default state (e/interface/random.cpp:25,63), and gmp documents that default as free to change between releases. A configure probe would be strictly worse -- it cannot see M2's own seeding layer and would fire on machines that only consume prebuilt packages. Residue not filed: random QQ and random RR (random.cpp:182-183, :217, :245, the latter via mpfr_urandomb) have no pinned vectors
bugs/dan/1-gratuitous-use-of-curl	dan	1	note	39	n/a	wontfix			drop	declined on the maintainer's own reading of both halves, which differs from the one I first proposed. (a) Dan's complaint that the final warnings scroll away is still literally true and I verified it: the summary block starts at configure.ac:1863, AC_OUTPUT is at :2106, and in this tree's BUILD/build/config.log all 99 'creating' lines follow the summary, with 2 real warnings (gfortran and f77 linking information) buried 3700 lines up. But that is how AC_OUTPUT sequences config.status, so there is nothing to do. (b) aborting rather than downloading by default has been the settled behaviour for years -- configure.ac:1206 sets DOWNLOAD=yes and the per-library pattern is header-not-found implies BUILD_<lib>=yes. I had reached wontfix by arguing the CMake build supersedes autotools; that reasoning is wrong for this project, whose maintainer uses autotools almost exclusively, and is not the basis recorded here. Brouwer's interactive prompt is separately a non-goal: configure.ac:616 excludes polymake precisely because 'it asks questions'. #4528 is not a duplicate -- it asked for a summary of external programs for packagers and was closed as scrapped in favour of hardcoded dependencies
bugs/dan/1-hal-negative-hf.m2	dan	1	repro	92	fail	fixed			drop	settled against the file's own oracle. The file records two output blocks: the buggy hilbertFunction one, whose H^1 row reads '0 0 -58 -59 -62', and the corrected numgens-source-basis one. Running HirzOmegaTable(2,2) today -- the hilbertFunction version -- reproduces the corrected block byte for byte, diff empty across H^0, H^1 and H^2, including the H^0 entry the buggy run got wrong (1, not 0). So the negative values are gone. The recorded autorun failure is not the bug: it is a parse error at line 59 from the two {* ... *} blocks, whose syntax became a lexer error in bc59b7532b, and it fires only after the computation has already printed. The file's actual ask is its first line, 'this now works, so let's speed it up': hilbertFunction is now 5.58s against basis's 2.46s over a 5x5 window and 10.8s against 7.36s over 9x9, so 1.5-2.3x and narrowing rather than the 'huge amount of time' the file describes. fix blank: the correctness fix predates the file's own first line and is in the engine, not hilbert.m2, which has no commits in the 2008-2012 window
bugs/dan/1-hashing-doc-examples	dan	1	note	3	n/a	wontfix			drop	decided by the file's own author, twice. 511504951f (2009-03-27, eight days after the file) implemented exactly this -- 'change caching of example outputs so the hash code is not dependent on the type List', switching the stored value to toSequence -- and 7c41af8e0e (2009-10-06) reverted it, 'change stored example inputs back to a list, instead of a sequence / be prepared to fix the resulting problems', leaving a standing instruction that survives verbatim at examples.m2:165-166: 'don't convert "ex" on the next line to a sequence, because the hash code for caching example outputs will change'. The rationale also fails on inspection: hash's own documentation (ov_hashtables.m2:913-917) names lists and sequences in one clause at the same weak guarantee, 'will be avoided, if possible', and hash List and hash Sequence are 1000041 and 1000042, adjacent draws from one type counter, so the swap buys no stability. Cost of doing it anyway: regenerating all 330 tracked examples/*.out files and the repo churn that #1216 was about
bugs/dan/1-hashtable-efficiency	dan	1	note	7	n/a	wontfix			drop	the cited idea does not apply to M2's design, and the measurable headroom is negligible. Brent's paper is about shortening probe sequences in open-addressed scatter storage; M2 uses separate chaining -- KeyValuePair is {key, hash, value, next} at d/parse.d:463 -- and hashtables.dd:137-142 records that new entries are prepended deliberately, because appending 'might cause a reader to encounter the same key twice' for readers that do not lock the table. Adopting open addressing would mean discarding that lock-free-reader invariant. Measured over 10^6 operations against a 0.372s interpreter floor: MutableHashTable store 0.723s and lookup 0.660s against MutableList 0.342s and 0.451s, so a hash lookup is about 1.5x an array index end to end and is dominated by interpreter dispatch rather than probing; a collision-free table could save tens of nanoseconds per operation. No issue among 4600+ has ever reported hash-table speed, the paper's URL in the file is a mangled Google redirect that no longer resolves, and the note names no symptom, benchmark or threshold. A judgment, so overrule it cheaply. #2591 was about hash-code quality rather than table structure
bugs/dan/1-height-balanced-trees	dan	1	note	1	n/a	duplicate	#1608		drop	duplicate of #1608, where Dan restated this ask himself in 2020 with the rationale the one-line file lacks: 'much more useful ... would be to implement red-black trees, which are a type of height balanced trees, where the keys can be any objects of Macaulay2 for which ? provides a total ordering'. Commented there rather than filed, because the comment's contribution is that the premise fails three ways, measured: ? is partial (1 ? "a", symbol x ? 1 and {1} ? (1,) all give 'no method'), it can answer 'incomparable' for Sets rather than one of < = >, and #650 still reproduces so it is unstable where it does answer -- sort applied twice to a list of Sets alternates between two orders. So a balanced-tree type cannot take 'any objects for which ? is a total order' as its key domain; it needs a comparison supplied at construction, or a documented restriction, or #650 fixed first. Current state for the record: Core has no ordered container at all, and no distributed package implements one
bugs/dan/1-help-memory-consumption	dan	1	note	17	n/a	fixed			drop	the premise is measurably false. One help call costs nothing: M2 -q -e 'help merge' peaks at 125148KB against a 125312KB do-nothing baseline, i.e. inside run-to-run noise; 200 help nodes cost +3MB; and about("merge", Body => true), which opens every installed database and reads every value, costs +7MB. There is no 'whole help is read in' event, because documentation lives in per-package databases opened on demand and memoized (system.m2:352-354) and retrieved one key at a time, with the value only evaluated at that moment (document.m2:379-381). The debug-mode limit the email is about still exists and was doubled for debug builds in 230286b1f5 (2021-06-26): run.m2:114-116 sets GC_MAXIMUM_HEAP_SIZE=800M when --enable-debug appears in the configure arguments and 400M otherwise, and Dan's own follow-up 76361ca44c (2011-02-19) raised the example limits five months after this file. Two things unverified: the 800M branch, since neither M2 available here is an --enable-debug build, and whether ulimit -m at run.m2:13 is the no-op on Linux that RLIMIT_RSS semantics suggest. #1879 is a different phenomenon, bdwgc heap fragmentation during html generation on i386
bugs/dan/1-help-synopsis	dan	1	note	17	n/a	fixed			drop	the synopsis is there, in an installed M2 and in a build tree alike. help merge now prints Usage, Inputs and Outputs above Description; the file's transcript, headline and rule followed straight by Description, does not reproduce. Verified in both /usr/bin/M2 (1.26.06-40) and M2/BUILD/build/M2 (1.26.06-59), with byte-identical section structure, so the 'when running in the build tree' qualifier no longer distinguishes anything. Cause was the lossy round trip between a document tag's formatted string and its key sequence -- getSynopsis needs the Sequence to emit Function:/Operator: and the 2008 code formatted the key first -- which is Dan's own diagnosis on #1317, closed 2020-09-14 as part of mahrud's document.m2/help.m2 refactor. The session-local unformatTag reverse map that used to paper over it is gone from the tree. fix blank: #1317 has no single closing commit and three of the four shas GitHub associates with it are unreachable, having been rebased away. One cosmetic regression noticed and not filed: 7beed02e6a (2025-02-23) turned SUBSECTION "Synopsis" into a plain hash key, so the heading no longer appears in help output or in generated html
bugs/dan/1-hermite-memory-leak	dan	1	note	4	n/a	fixed			drop	no leak, measured rather than inspected. Max RSS is flat across iteration counts -- 303300KB at n=1, then 305076, 304948, 304848 and 304824KB at n=5, 10, 20 and 40 -- against a 124672KB do-nothing baseline and 125048KB for building the matrix alone. So the first hermite call costs about 178MB of one-time working set and every subsequent call costs nothing, which is the opposite of the file's claim. Wall time scales linearly at roughly 0.9s per 30x30 Hermite normal form, so the file's own scan(1000, ...) would take about 17 minutes; that is a separate complaint the file does not make. fix blank: nothing identifies when it stopped leaking. bugs/mike/0-gauss-hermite.m2 and bugs/mike/1-hermiteLLL-leadTerm are unread neighbours in the same area
bugs/dan/1-hilbertSeries-coherent-sheaf	dan	1	note	49	n/a	fixed		8b32397e67	drop	Dan answered his own question the same day he asked it. The file is his 2008-12-10 email -- 'For a projective variety hilbertFunction() simply applies itself to the underlying graded ring. Similarly for coherent sheaves. This might be unexpected behavior. Should we fix it?' -- with Eisenbud's reply 27 minutes later saying the right answer for a sheaf is the Hilbert function of the global section module, via Hom(mm^d, M) with d from the Castelnuovo-Mumford regularity, and asking 'Worth including automatically?'. 8b32397e67, committed that same day, is 'disable hilbertFunction etc. on projective varieties': the method ae25d821e5 had added in 2000 (hilbertFunction(ZZ,CoherentSheaf) delegating to F.module) gained a notImplemented() guard, and 2964a771ad (2021-11-23) removed it altogether. Today hilbertFunction has nine methods, none for CoherentSheaf or ProjectiveVariety, and both error with 'no method found'. Eisenbud's global-sections capability was never added. hilbertPolynomial still delegates the naive way for both (Varieties.m2:198 and :361), which the file itself calls okay and which CoherentSheaf equality depends on at :376. The file's other pointer is stale: only one 'temporarily disabled' remains in the tree, at help.m2:305, and it is about broken links
bugs/dan/1-homog-tensor-subst	dan	1	note	26	n/a	open	#4585		issue	reproduces byte for byte: with A = QQ[a], B = QQ[b] and C = A**B, substitute(vars A, C) gives isHomogeneous false and degrees {{{0,0}},{{0,0}}} while degrees C is {{1,0},{0,1}}. The file's own framing is right -- 'if only substitute would pay attention to how C was constructed from A' -- and the information is derivable: map(C,A) carries no DegreeMap, and supplying the obvious one, map(C, A, {C_0}, DegreeMap => d -> d | {0}), makes it homogeneous with degrees {{{0,0}},{{1,0}}}. The tensor already computes it. monoids.m2:692 applies d -> join(d,N0) to the first factor's degrees inline and :694 stores only the second factor's map as opts.DegreeMap. I predicted from that asymmetry that substitute(vars B, C) would work where vars A fails; it does not, both are non-homogeneous with zero degrees, so the stored map is not consulted either and the fix is to plumb it rather than to add the missing half. Second row of this session where the needed information exists and the front end does not use it, after #4583's minimal polynomial. #2905 is the adjacent tensor-and-degrees bug that three settled rows already point at
bugs/dan/1-hooks	dan	1	note	1	n/a	open	#4586		issue	filed as the general gap rather than the D-module one. Hom is hookified -- hooks(Hom, Module, Module) lists Strategy => Default and Strategy => Syzygies, from e0ffe77743 (2023-12-12) -- while hooks(Ext, Module, Module) is empty and Ext in Core is only a stub raising missingPackage (complexes.m2:78,93), with the real implementations installed as plain methods in Complexes and OldChainComplexes. So no package can add an Ext strategy without overriding the method. The D-module framing is deliberately dropped: WeylAlgebras does use the mechanism, hooking codim at WeylAlgebras/Dbasic.m2:270-271 since 19c0b76f7d (2020-11-18), so the pattern was known and not chosen for Hom or Ext; the D-module Hom and Ext shipped instead as standalone DHom and DExt in BernsteinSato, taking an extra weight-vector argument, so whether they are substitutable for Hom and Ext is a mathematical question I could not settle. Anton, whom the file names, filed nothing in eighteen years
bugs/dan/1-html-doc-directory	dan	1	note	11	n/a	obsolete			drop	the link was deleted three months after the file was written, so the problem cannot recur. Dan had added it himself seven months earlier, in e67dd83a9b (2008-12-16), renaming an older myHomeButton to directoryButton pointing at file:// plus applicationDirectory() plus index.html; 0996057a46 (2009-10-13, 'fix html links under Windows; introduce variables rootPath and rootURI') commented it out of the button bar, 1cccd53054 (2018-06-21) deleted the assignment and cb3d399e7e (2020-08-17) the last fragments. directoryButton appears nowhere in the tree now, and the very page the file cites has zero file:// or /home/ links when installed here. Recorded as obsolete rather than fixed because it was resolved by removing the feature, not by computing the relative path Dan says he did not know how to compute -- and makePackageIndex still writes ~/.Macaulay2/index.html (installPackage.m2:319-364), whose own outgoing links are absolute by design because they span prefixes. #957 and #1516 are the live tickets for that relative-path difficulty
bugs/dan/1-html-package-links	dan	1	note	53	n/a	fixed		1cccd53054	drop	every clause is satisfied, mostly by the 2018-06 layout rework. The opening ask, absolute paths for hyperlinks to packages under a different prefix, is what toURL(String,String) does at hypertext.m2:72-83 and locatePackageFileRelative at system.m2:259-264: same prefix gives relativizeFilename, otherwise prefix|tail. Demonstrated on this machine, which has packages under two prefixes -- a page under ~/.Macaulay2/local links to /usr/share/Macaulay2/Style/doc.css and /usr/share/doc/Macaulay2/Macaulay2Doc/html/___Matrix.html absolutely while same-prefix targets stay relative, and every cross-prefix target exists. The symlinks in ~/.Macaulay2/local are gone too: find finds only an unrelated Python venv link, and the last symlinkDirectory call on the installPackage path went in d5bf9798e7 (2018-06-12) along with the Encapsulate option. Mike's original complaint is moot -- Style is the first line of =distributed-packages and every package's .installed depends on Style/.installed (packages/Makefile.in:112). The thread's alternative proposal, moving Style's files to share/doc/Macaulay2, was never adopted (startup.m2.in:267 vs :269) and is moot now that cross-prefix links reach them directly. adf9649504 (2024-06-03) fixed a residual case as #1516. One residue not filed: the GoldStar IMG at installPackage.m2:305-307 builds its src from the running M2's prefixDirectory and currentLayout instead of going through getStyleFile, which is the pattern #431 objects to; it could not be observed here because no certified package is installed locally
bugs/dan/1-html-to-pdf	dan	1	note	1	n/a	wontfix			drop	declined on the maintainer's reading: PDF documentation can already be generated directly, and which tool one might use to convert html to pdf is not a Macaulay2 question. prince itself was never adopted -- every raw match in the tree is princeton.edu -- and the project took a LaTeX route instead: installPackage's MakePDF (installPackage.m2:653,841) calls installPDF (book.m2:132-206), which ignores html and builds from Style/M2book.tex.in via the tex backend, added in fd311c1f65 (2020-12-16) and announced in 1.17 as 'PDF output will be improved in a future release'. The option is wired end to end -- packages/Makefile.in:18,30 turn --enable-documentation=pdf into installPackage's MakePDF -- but installPDF stops at the .tex: running installPackage('FirstPackage', MakePDF => true) produces manual.tex and no manual.pdf, with pdflatex installed, while book.m2:206 signs off 'created ...manual.pdf'. Only cmake runs the latex-bibtex-latex-pdflatex chain (cmake/latex.cmake, one caller at packages/CMakeLists.txt:197), and book.m2:193 asks installPDF to stay in sync with it. Out of scope for triage and not filed: if a row turns up asking that pdflatex be run on the generated .tex, 1-testing-book and 1-book-notes.m2 are the rows that would own it, both still todo. Default documentation is 'html info' and nothing PDF ships
bugs/dan/1-hyperlinks-to-preinstalled-packages	dan	1	note	2	n/a	fixed			drop	the mechanism was rebuilt so the premise no longer holds. beginDocumentation still aborts the rest of the file with 'return end' (packages.m2:518-526), but only when currentPackage#?rawKeyDB and isOpen currentPackage#rawKeyDB -- i.e. only when the installed documentation database can answer instead. Demonstrated on the package Dan names: after needsPackage("SimpleDoc", LoadDocumentation => false), SimpleDoc#"documentation not loaded" is true, so the top node at SimpleDoc.m2:307 was never evaluated, and html TO "SimpleDoc" still yields the correct href with the headline in its title attribute, resolved from the database. Whatever Dan's 2008 fix was it did not involve moving the node earlier, since SimpleDoc's top node is still after the gate. And the premise would now break almost everything: of 181 distributed packages, roughly 170 put their own top node after beginDocumentation and their links work. The database-first direction arrived through c39951e928, 804fe90950, dd8df714d7, b9e6f13e63 and 0656312aea; fix blank because no single commit carries it. #3484 asks the inverse, to allow doc before the gate
bugs/dan/1-icon	dan	1	note	5	n/a	fixed		23d332cef4	drop	two of three lines met, the third moot. 23d332cef4 (2023-06-10, 'Add icon to html documentation') added packages/Style/icon.gif and the LINK element in defaultHEAD (html.m2:62-68), so the icon is on every generated page rather than just the index -- it is line 41 of the installed _singular__Locus.html. The link resolves at both prefixes: relative from the same prefix, realpath giving /usr/share/Macaulay2/Style/icon.gif which exists as a 16x16 GIF, and absolute from a different prefix. So line 1 and line 2 are done. Line 3, moving the style files under share/doc/Macaulay2, is unmet -- the aux files sit under the layout's 'package' key (startup.m2.in:267) not 'packagedoc' (:269) -- and moot for the same reason as in 1-html-package-links: it was a workaround for symlinks that no longer exist. One nit not worth filing, being purely generator output: html.m2:67 declares type image/x-icon for a GIF
bugs/dan/1-improvements-for-sage	dan	1	note	13	n/a	fixed			drop	both asks settled, one moot and one met on all three sub-parts. (b) 'back up to autoconf 2.59 instead of 2.61' names a 1999 release and is nineteen releases stale; there is no AC_PREREQ in configure.ac at all now, and #2122 records the minimum having been 2.71 in 2021. (a) the architecture split exists as Layout#2, selected by installPackage.m2:70 from SeparateExec and used by the build (packages/Makefile.in:38): html, info and example output land under common/share/... while binaries and caches go under <MACHINE>/..., with staging areas at configure.ac:2048-2079. Arch-independent files are not invalidated by arch-dependent changes, because packages/Makefile.in:78 lists a package's .installed prerequisites as its .m2 file and its source directory only -- the M2 binary is deliberately absent, unlike Macaulay2/m2/Makefile.in:52 where the arch-dependent stamp does depend on it. And the make -k half holds by ordering: Macaulay2/Makefile.in:10-14 makes all-in-packages depend on all-in-m2 on all-in-bin on all-in-e, which are ordinary prerequisites, so -k continues to siblings but will not run a recipe whose prerequisites failed. Shipping prebuilt documentation is served by --enable-documentation=download (configure.ac:219-232) rather than by tarball inclusion. Not verified by building, which this branch does not do: the make -k behaviour and the relink-does-not-invalidate claim are read off the makefiles. Note 1-architecture-dependent-only-build is settled wontfix for the converse ask, a target building only the arch-independent half, and its phrase 'there is no split to expose' is about targets rather than the filesystem
bugs/dan/1-include-files	dan	1	note	4	n/a	fixed			drop	the collision the file describes cannot happen, guarded three ways. The generated header is include/M2/config.h (configure.ac:4), not include/config.h, and every M2 site includes it namespaced -- d/types.h:1 and e/engine-includes.hpp:10 use <M2/config.h>, c/scc.h:3 uses "M2/config.h" -- so CPPFLAGS=-I/tmp/foo with /tmp/foo/config.h cannot shadow it; the builder would have to create /tmp/foo/M2/config.h deliberately. Even then there is a sentinel: configure.ac:524 defines M2_CONFIG_H with the comment 'a macro definition to ensure our config.h was the one loaded' and d/types.h:2-3 raises #error without it. And the flag order the file asks for is in place: config.Makefile.in:70-74 prepends -I@abs_top_srcdir@/include, -I@abs_top_builddir@/include and -I$(BUILTLIBPATH)/include ahead of the builder's $(CPPFLAGS), with d/Makefile.in:170 carrying the comment "it's important that *our* directories get searched first". d/ and e/ do differ, but in M2_CPPFLAGS placement, which holds only -D flags -- last in d/Makefile.in:171 and first in e/Makefile.common.in:4 -- so a builder passing -UNDEBUG would be overridden in one and win in the other. That is a separate, small inconsistency with a clean closing condition, recorded rather than filed. Residual hole outside the file's scope: make CPPFLAGS=... on the command line still clobbers the chain, which config.Makefile.in:58-60 acknowledges
bugs/dan/1-index-strings	dan	1	note	6	n/a	fixed			drop	it does something definite now: it errors. R = QQ[u,u] then R_"u" gives 'variable not found in ring' rather than the random generator the file reports, and it errors consistently across repeated calls. String indexing itself is unharmed -- on a ring with distinct names S_"v" returns v, and a name that is absent errors the same way. So the ask, 'it should do something more definite', is met. One wrinkle worth noting for whoever touches the message: for QQ[u,u] the name is not absent but ambiguous, so 'variable not found in ring' describes the situation imprecisely even though refusing is right
bugs/dan/1-infinity	dan	1	note	2	n/a	wontfix			drop	the need is served and the change would cost more than it buys. InfiniteNumber is still a type and class infinity is still InfiniteNumber, so the ask is unmet -- but the bridge it asks for exists: numeric infinity returns an RR, and numeric_100 infinity honours a precision, so 'an infinite real of the current defaultPrecision' is available on demand. What the file proposes beyond that is abolishing the symbolic class, and that class is load-bearing as a sentinel: options res carries LengthLimit => infinity, SyzygyLimit => infinity and PairLimit => infinity, compared against integers, and #3656 uses infinity the same way. Collapsing it into an RR would change what those comparisons mean across the tree. The friction the proposal would remove is real and tracked -- #1597, open since 2020, still reproduces exactly: infinity * 0_RR is 0 while (1/0_RR) * 0_RR is NotANumber and infinity * 0_R errors outright -- but that issue asks for consistency rather than unification. A judgment, so overrule it cheaply
bugs/dan/1-info	dan	1	note	1	n/a	fixed			drop	the investigation the file asks for has a definite answer, and it is yes. dpkg handles it structurally rather than per package: install-info declares 'interest-noawait /usr/share/info' as a file trigger, /usr/share/info/dir is owned by no package and maintained by that trigger, and macaulay2-common needs no .triggers file of its own -- dpkg fires install-info's whenever any package adds or removes files there. The entries are present here, /usr/share/info/dir carrying 24 Macaulay2 lines including '* Macaulay2Doc: (Macaulay2Doc). Macaulay2 documentation', and the packages ship one .info.gz per distributed package. So removing the package does remove the dir entries, with no maintainer-script machinery -- which is why macaulay2.postinst contains no install-info call. The concern was real when written: dpkg triggers were new in the 2007-2008 era and before them packages ran install-info from postinst and prerm themselves. Checked against the Ubuntu PPA build of the Debian source package rather than Debian unstable
bugs/dan/1-info-dir	dan	1	note	5	n/a	duplicate	#4554		drop	the first ask is #4554, which this catalog already filed, and the second is met. (a) running install-info in ~/.Macaulay2/local/share/info on every install or uninstall is exactly what bugs/dan/1-application-dir-info-dir was settled open for -- 'installPackage writes an .info file into the user's Application Support tree but never creates or updates the info dir index beside it' -- so this row points at the same issue rather than a new one. Two more rows in the same cluster will land there too: 2-info-dir asks that installPackage generate info/dir entries the way install-info does, and it is still todo. (b) is done: files.m2:443 lists ("INFOPATH", currentLayout#"info", ":") among setup's shell fixes and the template at :432 does setenv VAR "/PREFIX/DIR:$VAR", i.e. prepends, putting M2's info directory at the front as the file asks; there is a matching emacs fix for Info-default-directory-list at :450, and setup-doc.m2:29 documents that INFOPATH is among the variables affected
bugs/dan/1-info-doc	dan	1	note	1	n/a	open	#4587		issue	half met, half never attempted, and the check that would have caught the gap has been off since 2009. The table of contents machinery is there -- a full Next/Prev/Up spine over all 2010 nodes of Macaulay2Doc.info, a valid tag table (installPackage.m2:411-414) and 236 '* Menu:' blocks from format.m2:315-331, whose code comments explain why Up links and unwrapped menu items matter for the emacs reader. But the flagship manual's Top node has no menu at all: the next node begins at line 169 and the first menu anywhere is at line 442, so at the manual's entry point m, the digit keys and standalone info's TOC do nothing and only follow-reference works. It is package-dependent, Varieties.info having a Top menu, because only Subnodes feeds the menu generator and Macaulay2Doc's ov_top.m2 uses hand-rolled UL lists instead. The index half is simply absent: zero Index nodes in any M2 info file, while makeSortedIndex (installPackage.m2:421-441) builds exactly that for html over the same node list, so the data is computed and never rendered into info. And packages/Makefile.in:121-122 disables check::check-info with the comment that Info-validate 'doesn't work well enough to be useful', commented out by f766cd4dfa8 on 2009-01-06 -- Info-validate being the tool that flags nodes reachable only by cross-reference, which is why this went unnoticed for seventeen years. 2-toc-index-info-doc is the same ask with a proposed mechanism and is still todo; #4554 is the sibling about the dir file beside the .info rather than navigation inside it
bugs/dan/1-info-files	dan	1	note	7	n/a	wontfix			drop	the file defers itself and the idiom would not help. Its first line is 'defer this:', its body an observation that texinfo menu items can point at a line within a node, and its last 'Maybe we can use it.' -- no problem statement, no reproducer, no acceptance criterion, and nothing in the issue tracker has ever mentioned it. M2 uses none of it: format.m2:322-328 is the only menu generator and emits '* key::' or '* key: node.', node granularity by construction, with byte offsets recorded per node at installPackage.m2:402 for the tag table alone. Nor would it pay: the form solves intra-node navigation for long prose nodes, as in the Emacs manual where one node documents dozens of hooks, whereas M2 documents one node per symbol -- 2010 nodes in a megabyte, typically 50 to 120 lines. Line references into generated output would also need line accounting threaded through the info writer and would be invalidated by every regeneration. Kept separate from 1-info-doc deliberately: that row is inter-node navigation with two closing conditions, this is intra-node with none
bugs/dan/1-info-link-redirection	dan	1	note	3	n/a	fixed			drop	both formats redirect the same way now, out of one construct: help.m2:55-64 renders a secondary tag as KBD fkey followed by ' -- see ' and a link to its primary tag, so html gives <kbd>RingElement * Matrix</kbd> -- see <link> while info gives * "RingElement * Matrix" -- see *note *: _st,. The file's own example is a plain link in both: the Matrix node carries * *note RingElement * Matrix: _st, (Macaulay2Doc.info line 107647) and ___Matrix.html carries href="__st.html", both landing on the * node. Neither format makes the secondary key itself the link, so the asymmetry the file reports is gone rather than repaired on one side. Residue not filed: in the RingElement node the see-form items sit inside the * Menu: block that starts at line 10002, so an item's name runs up to the first colon and reads 'RingElement * Matrix" -- see *note *' -- following it still lands on _st, but the displayed name carries the html phrasing into a format whose menu syntax expresses see-references natively
bugs/dan/1-init-priority.cc	dan	1	note	15	n/a	wontfix			drop	an exploratory scratch file rather than a report: 15 lines of struct a/b/c with __attribute__ ((init_priority (101))) and one comment, 'we might be able to use this feature to control order of running constructors in gcc'. No problem statement, no acceptance criterion, and nothing in the tracker has ever mentioned init_priority -- the same shape as 1-info-files. The idea was never taken up and the need is met explicitly instead: init_priority appears nowhere in the tree, the only __attribute__((constructor)) is d/xml-c.c:19 for initxml, and ordering is done at runtime by IM2_initialize (e/engine.cpp:41-55), which is idempotent and whose comment records the one real dependency, that get_trivial_poly_ring sets up globalZZ, trivial_monoid and trivial_poly_ring and interconnects their degree rings. A judgment, and recorded as wontfix rather than obsolete because gcc still has the attribute -- nothing about the file evaporated, it simply was never needed
bugs/dan/1-install-info-dependency	dan	1	note	16	n/a	fixed			drop	met by the packaging rewrite, the rpm counterpart of 1-info. The spec the file names is gone: rpm/Macaulay2-common-body.spec went with the --enable-rpm option (beeb464469), and the current M2/BUILD/rpm/Macaulay2.spec dates from 2025-09-12. Checked against the built Fedora 43 rpm rather than the spec text: 294 .info.gz files under /usr/share/info, rpm -qp --scripts empty so nothing calls install-info from %post or %preun, and no Requires mentioning info in any form, with the spec deleting %{buildroot}%{_infodir}/dir at :138-139 so the shared index is owned by no package. That is the same structural answer as dpkg's interest-noawait trigger recorded at 1-info, and #68 (closed) records the Debian side of the same transition. The Fedora file-trigger half rests on the maintainer's knowledge, not on a measurement here -- there is no rpmdb to inspect on this Ubuntu box
bugs/dan/1-installMethod	dan	1	note	5	n/a	wontfix			drop	the need is already one call, and the file's own answer cannot work. installMethod(m,X,X,f) installs and dispatches; the asked-for installMethod((m,X,X),f) errors with 'expected method for nullary operator to be a function of 0 variables'; and the proposed fix, installMethod(Sequence,Function) := installMethod @@ append, installs cleanly -- lookup(installMethod,Sequence,Function) is non-null afterwards -- yet the call still errors, because class installMethod is CompiledFunction and a compiled function does not consult the method table. What does work, verified, is the composite applied directly: installMethod append(key, f), one call and no new interface. #3076 (closed) is adjacent and about message wording. Left unfiled as a general M2 trap rather than an installMethod one: installing a method on a compiled function succeeds, is recorded by lookup, and never fires
bugs/dan/1-installPackage	dan	1	note	28	n/a	fixed			drop	both halves, measured. (a) the links: installing FirstPackage with SeparateExec => false gives 73 local links in the package's html and 0 broken, each href resolved against the file containing it. (b) the index: a package installed only in the user prefix does appear on the page viewHelp opens -- ~/.Macaulay2/index.html links a probe package into ~/.Macaulay2/local/share/doc/Macaulay2/... and prefixPath is {~/.Macaulay2/local/, /usr/}, user prefix first. A warning for anyone retesting this: do not use -q. last.m2:65-71 prepends applicationDirectory()|'local/' to prefixPath only when noinitfile is false, so -q removes the user prefix, leaves prefixPath at {/usr/} and makes a correct index look exactly like the 2009 complaint -- it produced a wrong reading here before the flag was noticed. Cosmetic and not filed: a package present under two prefixes is listed twice, user copy first
bugs/dan/1-installPackage-links	dan	1	note	3	n/a	wontfix			drop	declined as too narrow an edge case on the maintainer's reading -- only a developer installing from a split-layout build tree could meet it. Not soundly reproducible here either: the one split-layout M2 on this machine is an in-progress -fsanitize build whose Macaulay2Doc doc db is still rawdocumentation-dcba-8.db.tmp, and tallyInstalledPackages skips a package whose db is absent, 'maybe installation was interrupted, so ignore this package', so getPackageInfo 'Macaulay2Doc' returns null and the links fall back -- 11 of 77 broken for that reason rather than for the layout, which is what an unfinished build looks like, not what this row claims. The mechanism the file names is also gone: locatePackageFile (system.m2:241-256) resolves the target package's prefix first and takes layoutIndex from detectCurrentLayout of that prefix, not from the running M2, and the reverse mismatch measures clean, the layout-1 /usr M2 installing into a layout-2 prefix giving 73 links and 0 broken. One loose thread left unresolved: in that confounded run the warning at system.m2:254-255 for a file 'not installed yet' never fired despite 11 missing targets
bugs/dan/1-interrupt	dan	1	note	15	n/a	fixed			drop	getWWW is interruptible in both phases, tested in a pty with a real ^C. Blocked in connect to 192.0.2.1, an RFC 5737 address that black-holes: ^C returns to the prompt about 4 seconds in with 'error: can't open socket : Interrupted system call', where the connect itself would run some 130 seconds. Blocked reading from a local server that accepts and never answers: ^C gives 'error: interrupted', the prompt returns and 1+1 evaluates. So the transcript in the file -- two ^C's, then the Exit (y/n) prompt and an abnormal exit -- no longer happens. The commented-out SETJMP(interrupt_jump) block at scclib.c:760-765 is still present and still marked FIXME, but it is not what makes this work: SIGINT arrives without SA_RESTART, connect returns EINTR, and the flag check surfaces it. #145, 'getWWW should time out', is open and asks for a different thing, a bound for when nobody is there to interrupt
bugs/dan/1-interrupt-appearance	dan	1	note	16	n/a	wontfix			drop	still reproduces exactly and declined as cosmetic on the maintainer's reading. In a pty: 'i2 : f()' followed by '^Cstdio:1:16:(3):[2]: error: interrupted' on the same line, where the file asks for the message to begin on the next one and writes out both renderings to show that the line break is the whole request. The ^C is the tty driver's echo; M2 then reaches printErrorMessageE(c,interruptMessage) at d/evaluate.d:1822, which writes no leading newline, and d/interrupts.d only sets flags, so nothing anywhere emits one for a terminal-delivered interrupt. Dan's transcript shows 'C-c C-c' because emacs echoes the keystroke that way; the defect is the same. The same run-on shows up in the two socket rows of this batch. No issue covers it: of nine issues with interrupt in the title six are closed, and #4144 is the adjacent live one, asking for debug info at the Exit prompt
bugs/dan/1-interrupt-connect	dan	1	note	5	n/a	fixed			drop	the blocking connect is interruptible now, so the diagnosis in the file no longer holds. openInOut "$192.0.2.1:80" against a black-holed RFC 5737 address, then ^C in a pty: 'error: can't open socket : Interrupted system call' about 4 seconds in, prompt returns, 1+1 evaluates -- the system call does not continue past the handler, and the EINTR is surfaced in the message rather than swallowed. mysql is still an optional dependency (configure.ac:419) and d/mysql.d still calls mysql_real_connect, so the file's own scenario remains constructible, but the general defect it names is gone. scclib.c:760-765 still carries the commented-out SETJMP(interrupt_jump) marked FIXME; noted rather than filed, since what it would have protected works without it
bugs/dan/1-invisible-symbol	dan	1	note	40	n/a	fixed		fb2b4c6e3f	drop	the trigger moved ahead of the database, so the cascade the reporter actually complained about cannot happen. His point was the second error, not the first: after 'can't convert local symbol or invisible global symbol Prune to external string', every later installPackage failed with 'File open error : ...rawdocumentation-dcba-4.db.tmp'. Today an unexported package symbol is caught at packages.m2:511-513, 'mutable unexported unset symbol(s) in package ...', raised from endPackage while the package loads -- introduced by fb2b4c6e3f (2010-09-09), a year after this August 2009 report, and moved to its present home by b77d07067b -- which is before installPackage.m2:755 opens the database, so no .db.tmp is created and a second attempt fails identically rather than differently. Verified with a probe package carrying an unexported option symbol: no db file of any kind is left behind and openFiles() holds nothing but stdio. The phrase 'invisible global symbol' no longer appears anywhere in d/. Two independent guards also stand at installPackage.m2:750 and :752, removing a stale .tmp and opening the db read-only to check nobody holds it for writing; the Windows angle in the file's first line is that Cygwin cannot unlink an open file, which is what would have made :750 fail there
bugs/dan/1-isPrime	dan	1	note	4	n/a	fixed			drop	the pari flags became two documented functions. The file asks to import isprime with its flag argument and to document it; pari is no longer a dependency, and the choice those flags offered is now the pair isPrime, which calls flint's fmpz_is_prime, against isPseudoprime, which calls fmpz_is_probabprime -- integers.m2:84-85 over e/interface/flint.cpp:18-40. Both are documented in isPrime-doc.m2, with the probabilistic guarantee spelled out at :19-31, 'declared probably prime, i.e. prime for most practical purposes ... there are no known numbers which are composite, and for which this function returns true', and worked examples timing both. Neither method takes options: both are declared Options => true but with an empty table, so there is no flag to pass and none is needed. Small residue, not filed: the (isPrime,ZZ) node at :60-69 does not itself say its answer is a proof rather than a probable-prime test -- the distinction is documented from the isPseudoprime side only
bugs/dan/1-isPrime-benchmark	dan	1	note	12	n/a	fixed			drop	the benchmark the file asks for has now been run, so the row is discharged rather than left blocked. Its precondition never arrived -- see 1-isPrime, where the pari flags became the isPrime/isPseudoprime pair -- but the comparison is still meaningful. On this machine 10^500+961 takes 10.1s for isPrime and 0.0058s for isPseudoprime, against the file's quoted 93.8s for pari's isprime(n,2) and 428.2s for Morain's ecpp; 10^800+1537 takes 70.0s and 0.019s against 508.3s and 1537s. Both confirmed prime. The ratios mean nothing across seventeen years of hardware, so the figures establish only the absolute point: flint proves primality at 500 to 800 digits in seconds to a minute, and nothing here is waiting on flags
bugs/dan/1-jacobian	dan	1	note	4	n/a	wontfix			drop	declined on the maintainer's reading: the redesign would change documented output for every caller. The generator-dependence is real -- I == ideal(x^2,x*y,x^2+x*y) holds while jacobian I differs from the jacobian of that larger generating set -- and the intrinsic object Dan wants is one line away, image(jacobian I ** (R/I)), which does agree across generating sets. But jacobian-doc.m2:42-48 documents the present behaviour deliberately, headline 'the Jacobian matrix of the generators of an ideal' and text 'This is identical to jacobian generators I'. Nothing on the tracker has ever mentioned jacobian in a title, and no pull request either
bugs/dan/1-join-hash	dan	1	note	5	n/a	open	#4589		issue	the guess is right and the saving is worth having. Every List construction folds the whole list: basic.d:114-117 does r.hash = hash(r), and hash(x:List) at :82-85 is the element-by-element fold with multiplier 1299833 over the seed x.Class.hash + 23407. Cost measured: join of two 200k lists takes 11.2ms, while the identical fold over the resulting 400k elements takes 7.5-8.5ms -- measurable because a Sequence's hash is not cached, basic.d:33-36 refolding on every call -- against 0.69us to read a List's stored hash. So roughly two-thirds of join is hashing. And the fold is combinable: h(L++M) = 1299833^(#M) * (hash L - c) + hash M mod 2^64 with c = hash class L + 23407, verified on seven cases including both empty sides, mixed element types and nested lists. My first attempt used the Sequence constants seqHashSeed and seqHashMult (basic.d:8-9) and failed all five cases, which is how the two folds turned out to use different constants. The file's second half is already moot: new List from J and toSequence J on 400k elements cost 1 to 2us, because a List wraps a Sequence and they share the array. Fix site is d/actors4.d:1175-1186 plus a list() variant in basic.d taking a precomputed hash
bugs/dan/1-kernel-ringmap	dan	1	note	20	n/a	open	#4590		issue	Mike's 2008 recipe has three ingredients and they landed unevenly. The Hilbert-function hint is implemented for degree-preserving maps: ringmap.m2:320-332 sets poincare cokernel graph to poincare module target f times product(degrees source graph, d -> 1 - T_d) and asserts at :332 that gb used it. Verified live with R = QQ[a,b,c,d, Degrees => {4,4,4,4}] mapping to QQ[s,t] by {s^4,s^3*t,s*t^3,t^4}, where isHomogeneous graph is true, canUseHilbertHint is true, and gb records the rawGBSetHilbertFunction log key. The inhomogeneous case the email was written for is unmet: canUseHilbertHint requires isHomogeneous m (gb.m2:271), and with standard degrees the graph ideal is inhomogeneous because a - s^4 mixes degrees in QQ[p_0..p_5], so the block is skipped and no homogenize/dehomogenize path exists. The recipe's last step is unmet and separately tracked -- forceGB appears 0 times in ringmap.m2, and #686 asks for exactly it, quoting the same reasoning. PR #4485 (open) is adding another strategy to the same hook table, for skew-commutative targets via a new centerRing, so ringmap.m2's strategy block is live code right now
bugs/dan/1-kernel-ringmap-ZZ	dan	1	note	16	n/a	duplicate	#1518		drop	#1518, 'Kernels of ring maps over ZZ are disabled', is open and quotes the same failure, recording that Mike said at an internals meeting it can in principle be turned on. Still fails here, though the wording moved with the hooks rewrite: ker map(ZZ[u],ZZ[u],{0}) now gives 'kernel: no method implemented for this type of ring map' from methods.m2:695, where the file has 'kernel Ringmap: not implemented yet'. ringmap.m2:336 does register a ZZ strategy, but only for source f === ZZ, where it returns ideal char target f, so a map ZZ[u] -> ZZ[u] falls through to Default and fails
bugs/dan/1-lcm-needed	dan	1	note	5	n/a	fixed			drop	all three asks answered, the third against the proposal. lcm is implemented at integers.m2:64-76 -- lcm(), the ZZ and QQ pairs, the unary cases -- plus RingElement, MonomialIdeal, List and Sequence methods, and the 0-argument forms lcm {} = 1 and gcd {} = 0 arrived in PR #3328 (merged 2024-06-29). Speed: lookup(gcd,ZZ,ZZ) is a CompiledFunction, the engine's gcd0, and gcd of two roughly 700-digit integers takes 14.3us with lcm at 18.3us, since lcm(ZZ,ZZ) is abs f * (abs g // gcd(f,g)). The third ask, 'maybe not Binary method any more!', is recorded as declined rather than merely unimplemented: class gcd and class lcm are both MethodFunctionBinary, and the Binary path is the faster one -- lcm of a 2000-element list takes 9.7ms through it against 13.8ms for an explicit fold over the same list
bugs/dan/1-leadTerm-crash.m2	dan	1	repro	9	fail	fixed			drop	the ignored engine error is propagated now, so there is no blue smoke. R = frac(QQ[a])[x] then F = leadCoefficient(a*x) gives a living in frac(QQ[a]), and leadTerm F stops with 'expected polynomial ring' from enginering.m2:496, raised through :518, instead of crashing. That is precisely the diagnosis written in the file -- IM2_RingElement_some_terms returns an error and 'the front end is ignoring this error' -- with the front end no longer ignoring it
bugs/dan/1-lift-RR-CC	dan	1	note	13	n/a	fixed			drop	the file's exact ask, both spellings. lift(1p100+0p100*ii, RR) and lift(1p100+0p100*ii, default RR) each return an RR of precision 53, where the file records precision 100 for both. Worth noting for the current engine work: this is the CC-to-RR arm of the promote/lift graph that MichaelABurr/M2#62 is formalising, and MichaelABurr/M2#64 found two missing lift arms and a swapped pair in the same neighbourhood
bugs/dan/1-lift-modules	dan	1	note	16	n/a	fixed			drop	implemented. lift((QQ[x])^3, QQ) returns QQ^3, where the file records 'no method found for applying lift to ... (of class Module)'; the matrix case the file contrasts it with, lift(id_((QQ[x])^3), QQ), still works and lands in QQ
bugs/dan/1-lifting	dan	1	note	10	n/a	fixed			drop	the silly answer is gone because the promotion changed direction. .3 * id_(QQ^3) is now a matrix over RR_53 whose entries print as .3 and externalise as .29999999999999999p53, where the file shows a QQ matrix full of 5404319552844595/18014398509481984 -- so QQ promotes to RR rather than RR being lifted into QQ. promote(.3, QQ) errors outright now, the same direction MichaelABurr/M2#62 is formalising as the canonical-homomorphism DAG. lift(.3, QQ) still answers on request and gives 3/10 rather than the exact binary value
bugs/dan/1-line-wrapping-with-negative-numbers	dan	1	note	30	n/a	duplicate	#4149		drop	the same gap as #4149, one character class over, so recorded there rather than as a second issue about the same function. Reproduces byte for byte: printWidth = 79 then toExternalString apply(40, i -> -2^i) leaves three lines ending in a bare hyphen, splitting each minus from its digits. splitcolumn (d/nets.d:207-221) carries exactly the four rules Dan's own reply describes -- not between two alphanumerics, not between two punctuation characters, and not between a period and a digit either way -- and a hyphen is punctuation while a digit is alphanumeric, so no rule applies. #4149 is the same function breaking after a path separator, a slash followed by an alphanumeric. Dan's reply also names the fix, one more clause for a hyphen followed by a digit. One case beyond his ask shows up in the same output: a line ends -1073741824 and the next begins with a comma, a digit/punctuation split the rules also permit
bugs/dan/1-list-of-ideals-of-R	dan	1	note	25	n/a	wontfix			drop	asked and declined, on the record. The sketch exists so that intersect of an empty list of ideals of R can answer ideal 1_R, which needs the list's type to remember the ring; nothing was installed, decompose still returns a plain List, and intersect {} and intersect() both fail with 'no method found'. But the question was settled in PR #3328 (merged 2024-06-29), which added the 0-argument forms for gcd, lcm and union and deliberately left intersect out: the maintainer asked there whether intersect and tensor should assume ZZ, and Mike Stillman answered 'I would prefer not to have the ring default to ZZ for tensor and intersect. We have that in other cases (e.g. ideal()), and it causes hard to find bugs... Better might be to have versions of these take a ring argument too...?'. Mahrud dissented, arguing ZZ is initial in the category of rings and citing ideal 0_R == ideal {} failing, so it was contested rather than unanimous. Found only after this row had been settled the other way: bin/fetch-issues drops pull requests, so nothing in this directory can search decisions made in PR discussions
bugs/dan/1-loadPackage	dan	1	note	40	n/a	fixed			drop	the hazard is announced now rather than silent, which meets the need if not the mechanism. Reproduced with a valid example: pt = base() and V = OO_pt^4 created before loadPackage("Schubert2", Reload => true), after which flagBundle({2,2}, V) gives 'no method found for applying flagBundle to: {2, 2} (of class List), V (of class AbstractSheaf)' while methods flagBundle lists (flagBundle, List, AbstractSheaf) -- two distinct type objects printing the same name. The same call works when the objects are created after the reload, and works in a control with no reload at all. Two mitigations arrived since: plain loadPackage of an already-loaded package now refuses with 'package Schubert2 not reloaded; try Reload => true' (packages.m2:313), and PR #3852 (merged 2025-06-01, closing #3851) added the warning at packages.m2:171-172, 'warning: reloading ...; recreate instances of types from this package', whose advice is correct since recreating the instances does resolve it. The printing ask itself is unmet. Note the file's own example, flagBundle({2,2}, OO_pt^2), is invalid today for a mathematical reason -- Schubert2.m2:608, rank 2 cannot carry a {2,2} flag -- and fails identically with no reload, so testing this row requires rank 4
bugs/dan/1-loading-documentation	dan	1	note	23	n/a	fixed			drop	documentation is served from the installed database and html now, so nothing is loaded. With notify = true, help "EdgeIdeals :: EdgeIdeals" prints no --loaded lines at all and returns the real content, headline 'A package for working with the edge ideals of (hyper)graphs', where the file's transcript shows four packages being loaded to answer one query. viewHelp is at least as good: help.m2:558-563 fetches raw documentation, and when the html page exists -- /usr/share/doc/Macaulay2/EdgeIdeals/html/index.html does -- it takes the show URL branch and never reaches help. Same database-first direction recorded at 1-hyperlinks-to-preinstalled-packages
bugs/dan/1-local-doc-design	dan	1	note	12	n/a	open	#4591		issue	the sentence is still there and still contradicts itself. Macaulay2Doc/M2-Singular-Book.m2:351 reads TEX "The following is WRONG.  In this local ring, $y$ is in the ideal $J$." followed by EXAMPLE {"y % J"}. Reproduced the whole 'Singular Book 1.4.9' node: globally y % I = y, then in QQ[x,y,z,MonomialOrder=>{Weights=>{-1,-1,-1},RevLex},Global=>false] gens gb J = matrix {{y-x*y, z-x*z}}, dim J = 1 and y % J = 0. Zero is correct -- localized at the origin x-1 is a unit, so J = (y,z) and y really is in J, which is what the sentence's own second clause says. So the manual labels a correct answer WRONG and then explains why it is right. Dan's 'wrong in a different sense' most likely points at % in a Global => false ring not being a genuine local remainder in general, which is a different claim from the printed one. Content rather than rendering, so it survives the html rewrite; no issue and no pull request mentions the passage
bugs/dan/1-local-variable-shielding	dan	1	note	18	n/a	wontfix			drop	both silent cases confirmed, and the asymmetry looks deliberate rather than missed. After i = "a b c", the line for i to 3 list j := i+1 warns about nothing, although the loop variable really does shield the string -- i is still "a b c" afterwards -- and the body's j := leaves j a bare Symbol outside the loop; then top-level j := 4 followed by j := 5 does warn, 'local declaration of j shields variable with same name'. The difference is that the silent shielding lasts only for a scope that immediately ends, so warning there would fire on ordinary loop code, while the noisy one persists. Dan wrote the row as a question rather than a report, '<==== should we warn here, too, as below?'. Nothing in issues or pull requests mentions shields
bugs/dan/1-logging	dan	1	note	18	n/a	fixed			drop	the headline ask is met, and M2 uses the file's own word for it: the log announces itself as 'This is the beginning of your Macaulay2 log'. Core.m2:153-164 reads applicationDirectory()|"history.m2" at startup and appends at exit, guarded by 'if not noinitfile and not gotarg "--no-readline"' -- which is also the command-line opt-out the file asks for. On this machine the log is 4.5MB and 191048 lines. Three sub-asks are unmet, two measured in a sandboxed HOME. The flush-per-expression one is the substantive one, and it is the file's own motivation: a session that ran two assignments and then segfaulted left history.m2 at 4 lines with neither command saved, because appendHistory sits in an addEndFunction that a signal death skips -- so the crash-reporting case is the case that loses the data. History is also recorded for piped, non-tty stdin, where the file asks for it to switch off, and there is no rotation. Cosmetically the header names the path rather than the M2 version, and there is no File object, no BeforeEval hook (only a commented-out one at gb.m2:79-81) and no Logging package. Core.m2:158-162 carries its own TODO about Ctrl+D duplicating the last line
bugs/dan/1-long-list-parsing	dan	1	note	1	n/a	duplicate	#4543		drop	the reported threshold is gone; what survives is the missing diagnostic, which #4543 owns. At the 8192K stack the file names -- this machine's default -- list literals of 90000 and 150000 elements parse, while 175000 dies with a bare SIGSEGV, exit 139, and no message whatsoever; raising the stack to 16384K parses 300000, so the limit is parser recursion depth scaling with length rather than a fixed cap. M2's own handler prints a stack trace for other crashes but cannot here, because the stack it would run on is the exhausted one -- which is exactly the subject of #4543, 'Catch SIGSEGV on an alternate stack with sigaltstack'. Comment posted there with the reproduction and the two thresholds
bugs/dan/1-make-and-capybara	dan	1	note	1	n/a	fixed			drop	the need is met by a different mechanism than the file imagined. Instead of M2 packages named make and capybara that build gfan, cddlib, 4ti2 and glpk, external programs are located at runtime by findProgram and programPaths (m2/programs.m2) and supplied by the distribution: the rpm spec carries Requires for 4ti2, TOPCOM, cohomCalg, csdp-tools, gfan, lrslib-utils, msolve, nauty and normaliz, and the build can fetch and build libraries itself. So users get the programs the file names without M2 having to become a package manager
bugs/dan/1-map	dan	1	note	19	n/a	open	#4592		issue	the notation already works, but only for endomorphisms, which is a narrower gap than the file suggests and than I first recorded. map(R,R,{a => a^2}) on QQ[a,b] gives map(R,R,{a^2, b}), leaving b alone, because ringmap.m2:496 handles unmentioned generators when R === S and S === ring commonzero; every other case falls to :500 and errors 'destinations not specified for every generator'. So the option list is parsed either way and the sensible default exists -- it is gated on source and target being identical. The file's own example is the interesting side of that gate: for T = QQ[a] and U = T[b], the unspecified generator of map(T,U,{b => a}) is a, which is a generator of the target, so leaving it alone is well defined rather than merely convenient. Where it genuinely is not -- map(QQ[c], QQ[a,b], {a => c}) -- the present error is right. substitute takes the same spelling unconditionally since it rewrites an element rather than defining a homomorphism. Watch the positional form while changing this: map(T,U,{a}) silently expands to map(T,U,{a, a}). No issue and no pull request covers it; the search for map with destinations returns only #4578, filed from this catalog
bugs/dan/1-monoid-degreeLift	dan	1	note	21	n/a	duplicate	#2580		drop	one defect in the degree-lift machinery with two sites, so recorded at #2580 rather than filed again. The ask is unmet: monoids.m2:695-711 is byte-identical to the file's first quote, still ending in x -> error "degree lift function not provided (DegreeLift option)", while ringmap.m2:98-104 is byte-identical to the second quote and does compute a lift by inverting the degree map, verified as f.cache.DegreeLift {2} = {1} for a doubling DegreeMap. But the mechanism the file says to copy is itself broken and still reproduces -- #2580, open, 'DegreeLift doesn't work for maps of multigraded rings': for map(A,B,gens A,DegreeMap => reverse), isHomogeneous f1 is true while isHomogeneous inverse f1 is false, and it stays false when DegreeLift => reverse is supplied explicitly. Copying it into the monoid code would propagate that, so #2580 comes first
bugs/dan/1-monorder.m2	dan	1	repro	20	fail	open	#4593		issue	two of the file's five wishes met, one claim not confirmed, one live inconsistency. Met: Weights => {3:1} on four variables is accepted now, and the case the file calls 'error message wrong' gives a precise one, engine.m2:187 'Weights: expected weight vector of length 2 but got 4'. Not confirmed: 'weight vector comes out wrong' -- an over-long inner vector is ignored rather than miscomputed, since MonomialOrder => {GRevLex => {}, GRevLex => {1,1}, Weights => W} sorts a degree-4 basis identically for W = {1,2,3}, {1,2} and {1,2,99}. Still unmet, and this is what gets filed: the same over-long vector is a clean error outside MonomialOrder and silently accepted inside it, stored as given; and Weights => {{1,3},{-4,-1}} is still rejected. All four of the file's 'these are correct' lines still work, and its first line builds, prints and satisfies its own assertion x_R == R_0, so autorun=fail is drift from the lines that are meant to error
bugs/dan/1-monorder2.m2	dan	1	repro	17	pass	fixed			drop	runs clean, matching autorun=pass: all three monoid constructions build without error, including the 52-variable one with Degrees, Weights inside MonomialOrder and MonomialSize => 32, and the two 'simpler version' four-variable ones with a Weights vector padded to the full variable count. The file records no expected output and makes no assertion, so running without error is the whole available check
bugs/dan/1-more-synonyms	dan	1	note	3	n/a	wontfix			drop	none of dimension, codimension or variables is defined, and the precedent cuts both ways. PR #3742 (merged 2025-04-21, closing #2257) did exactly this shape for intersection, adding the long name as a synonym for the abbreviation -- but its author had to test packages that define intersection locally, and here two of the three names are already taken by shipped packages: dimension by PathSignatures and SlackIdeals, variables by Bertini, MRDI and SRdeformations. Only codimension is free. Declined rather than shadow five packages' exports, which is how the shadowing warnings in 1-loading-documentation's own transcript arise. #72 and #4202 are the adjacent open synonym issues
bugs/dan/1-mpc	dan	1	note	1	n/a	fixed			drop	mpc was never adopted and is not needed. There is no mpc anywhere in the build and libmpc is not linked into M2-binary; the only mpc involvement was accidental, #484 recording that d/pari-gnump.h had started including mpc.h, with the reporter's own comment 'I'm under the impression we use none of the code in mpc', and PARI itself left the tree in e79bd82855 (2025-03-07). The need behind the ask is met by the mpfr-based implementations, which are accurate to about one ulp at 200 bits: abs(exp(i*pi)+1) is 1.14e-61 against an ideal 2^-200 = 6.22e-61, abs(exp log z - z) is 4.98e-60 and abs((sin z)^2+(cos z)^2-1) is 1.59e-58 for z = 3+4i
bugs/dan/1-mutable-list-doc	dan	1	note	15	n/a	duplicate	#4302		drop	the idiom still works exactly as the transcript shows -- x##x = v parses as x#(#x) = v, keying each entry by the current size, so values x is {a,b,c} and peek x is 0=>a,1=>b,2=>c -- and it is documented nowhere. ov_hashtables.m2:100-102 does state the property it rests on, that consecutive integer keys from 0 are scanned in natural order, and the MutableHashTable node's example is scan(0 .. 30, i -> x#i = i^2), which fills a known range rather than appending; no hit for 'stack' or 'push-only' anywhere in Macaulay2Doc, and none across all 71 wiki pages. The reason it matters is the sibling row 0-mutable-lists, settled duplicate of #659: mutable lists grow one element at a time, 280x the work for 10x the elements, so this is the O(1) workaround -- and #1608 proposes the same idiom as a type, 'a new type of MutableHashTable with integer keys and identity hash function ... which may be called a MutableVector'. Settled against #4302 rather than filed separately: that issue asks for a data-type selection guide scoped to HashTable vs MutableHashTable with 'use X when ...' examples, so one paragraph closes both. Commented there with the idiom, the #659 motivation and the ov_hashtables anchor
bugs/dan/1-named-pipes	dan	1	note	1	n/a	open	#4594		issue	unmet, and the documentation says otherwise. openInOut (stdio.d:384-392) handles "-", $host:port and !cmd, then errors unconditionally on any plain filename -- 'can't open file X for both input and output' -- so a fifo held open by another process is refused exactly like an ordinary file; that error dates to ceb927b193 (1998). ov_system.m2:496-501 documents the plain-filename case and gives a named pipe as its example, and Dan wrote that sentence in 10dc2cc960 (2008-12-30) two weeks before creating this file (2009-01-12), so the file is him noticing his own doc claim was false. Filing as bug rather than feature request on the strength of the contradiction; a fifo is openable O_RDWR on Linux, so the code side is one branch. #681 and #3666 are the only other openInOut issues and are about socket half-close and pipe buffer size; nothing matches fifo or 'named pipe'. #4526 (M2 compute process over pipes, filed from this catalog) would be a consumer
bugs/dan/1-names-of-fraction-rings	dan	1	note	40	n/a	fixed		#855	drop	fixed, and reproducing it needed the file's own order since R is rebound at i19. Both renderings now agree: (frac R)^6 prints (frac R)^6 for R = QQ[x]/(x^2+1), not the expanded frac(QQ[x]/(x^2+1)) the file marks with asterisks. The 2008 code had three printing methods that disagreed -- net FractionField and net QuotientRing each checked hasAttribute(...,ReverseDictionary) and so printed frac(R) and R, while expression FractionField and expression QuotientRing did not, and a free module reaches expression ring M (modules.m2, the Power/Superscript branch), so only the module expanded. 5d2988b2b0 'the great expression/texMath upgrade' (2018-09-17, #855) deleted the separate net and toString methods for both types and folded the ReverseDictionary check into expression (enginering.m2:316, quotring.m2:53-56), so one path now serves net, toString and the module
bugs/dan/1-native-windows-port	dan	1	note	2	n/a	obsolete			drop	compile under cygwin and pass -mno-cygwin to gcc. That flag was deprecated and then removed from cygwin's gcc years ago, and the cygwin distribution it depends on is gone
bugs/dan/1-needless-reloading-of-Macaulay2Doc	dan	1	note	5	n/a	fixed		#1454	drop	no reload happens. Under notify = true the file's three lines now print at most one line, ' -- opening database .../Macaulay2Doc/cache/rawdocumentation-dcba-8.db', and even that comes from *printing* the returned hash table (it renders SeeAlso with headlines): with a semicolon nothing is opened at all, and the document call itself is 0.8 ms. In 2008 the culprit was checkLoadDocumentation, which called needsPackage "Macaulay2Doc" -- with notify temporarily forced off, so it did not even announce itself -- whenever a document tag had to be resolved. 25dd3d9bbc 'close #1181 and simplify help.m2' (2020-08-19, #1454) deleted that function outright and routed help/locate through fetchAnyRawDocumentation against the on-disk database. Macaulay2Doc is still not in loadedPackages at startup, so had the function survived the reload would still fire
bugs/dan/1-network-security-via-cookies	dan	1	note	15	n/a	wontfix			drop	maintainer's call, and it is a judgment rather than a finding. The ask is literally unmet -- startServer (SCSCP/server.m2:7-76) has no options at all, so there is nowhere to put a cookie -- but the need is served by binding the listener: startServer "127.0.0.1" restricts it to lo, which is what Dan R already proposed in the file behind #4527. A shared secret over a plaintext socket adds little that an ssh tunnel or a loopback bind does not, and the second half of the file is an unfinished design, Dan trailing off at 'Hmm, maybe we have to generate a set of cookies...'. Same shape as 1-cookies, also wontfix. Facts for a future reader: the default is every interface (startServer() -> startServer("","26133"), and docs.m2:74 says so without warning what it means); handleIncomingConnection does a version handshake then forks and evaluates each block, though what it will evaluate is bounded -- all 24 CDs under OpenMath/cds/ are arithmetic, polynomials, Groebner bases and linear algebra, no run/value/system escape -- so it is unauthenticated remote computation, unbounded in cost, not code execution; and GAP's server has a whitelist M2 lacks, SCSCPserverAcceptsOnlyTransientCD, described in README-gap.txt:36. The openssl half has an echo elsewhere: getWWW already shells out to 'openssl s_client -quiet -verify 1' at http.m2:45-48
bugs/dan/1-new-lift-and-promote.m2	dan	1	repro	31	fail	fixed		#2726	drop	the try is gone and the engine reports liftability by returning null, which is the mechanism Dan proposed ('a result pointer instead a result reference ... a null pointer means we are only interested in the boolean'). Two commits, both by Dan: 7bfa3e4a9e 'add Verify option to lift, making liftable redundant' (2008-01-11) rewrote basicLift/multipleLift/basicLiftMatrix around 'if rawLift(...) =!= null ... else if opts.Verify then error' (enginering.m2:34-45), and e5149530bc (2022-08-19, #2726) finally rewrote liftable itself as 'lookup(lift,class f,R) =!= null and null =!= lift(f, R, Verify => false)' (rings.m2:100). One try remains, at enginering.m2:251 in setupLift, where a user-supplied lift function signals failure by raising error "cannot lift" (ringmap.m2:590) and Verify => false catches it -- so the masking the file objects to survives on that narrow path, for rings built by toField, ringFromFractions and LocalRings
bugs/dan/1-new-res-options	dan	1	note	80	n/a	wontfix			drop	maintainer's call: the 2006 proposal was superseded rather than dropped. The algorithm choice did get names -- Nonminimal, NonminimalWithGB, Syzygies, Homogenization, Engine, OverZZ, OverField, registered as hooks at Complexes/FreeResolution.m2:561-571 -- and SortStrategy stayed an integer escape hatch for engine developers, documented as 'an internal option'. #4581, filed from this catalog, owns the one item with a user-visible consequence, that no Hilbert hint reaches res at all. Measured state, with a fresh module per call since freeResolution caches on the module and reusing one makes every variant look like it works: Strategy => 2 ok, Strategy => {2, LongPolynomial} errors (Mike's 'allow a list' was never built), Strategy => LongPolynomial and => Hilbert error, SortStrategy => 2^10 ok (Mike's 'Down'), SortStrategy => Down errors, SortStrategy => 12345 silently accepted and passed to the engine, which decodes it as a bitfield at res-a0.cpp:500-507. The bare 0,1,2,3 are still registered as hooks and still documented as valid Strategy values at ChainComplexDoc.m2:997, and engine.h:124 still carries the comment '/* Res: SortStrategy, 0, 1, 2, 3 ?? */'. gb.m2:41-45 has the flag names LongPolynomial, Sort and UseSyzygies, but for gb, with UseHilbertFunction => 4 commented out and questioned
bugs/dan/1-newRing	dan	1	note	2	n/a	duplicate	#2351		drop	the literal ask is unmet -- options newRing has 18 keys, all monoid options, because newring.m2:16 builds the table from applyValues(monoidDefaults, ...), and CoefficientRing is not one, so newRing(R, CoefficientRing => QQ) gives 'unknown key or option'. But the capability it stands for is #2351 'Base change', open since 2021 and quoting the same two error messages. What newRing is actually used for argues against adding it there: 169 call sites in distributed packages, and of those passing an option 48 are MonomialOrder and 47 Degrees -- same variables, different order or grading, almost always package-internal where the ring arrived as an argument. The polynomial case already has a documented spelling, k (monoid R) at doc_rings.m2:253, used at ~15 sites including QthPower.m2:797-800 chaining one monoid across ZZ then QQ; and the quotient case works for exactly one pair, since tensor(Ring,Ring) (newring.m2:48-59) hard-codes R === coefficientRing S, its reverse, and ZZ -> QQ, then errors. Commented on #2351 with the cause and one symptom it does not have: k ** k[x,y] errors for every QuotientRing coefficient field (ZZ/5, ZZ/32003, QQ[a]/(a^2-2), ZZ[b]/(b^2-2)) though coefficientRing R === k in each, because QuotientRing ** PolynomialRing (:62) is more specific than Ring ** Ring (:45), so tensor(QuotientRing,PolynomialRing) (:68) runs and opens with k := coefficientRing R, hitting rings.m2:56 -- QQ, ZZ and GF(4) work. Same shape as #4576/#4578/#4583. The 'or a ring map' half is in neither: QQ[t] ** Q adjoins t to the monoid rather than making QQ[t] the coefficient ring
bugs/dan/1-non-orthogonality	dan	1	note	17	n/a	wontfix			drop	a design observation with no proposed remedy, accurate in every particular and not worth acting on; recorded as a judgment so it can be overruled cheaply. All four forms check out: zzf(ZZ,ZZ) := (a,b) -> ... installs a method that methods zzf reports as (zzf,ZZ,ZZ); both >> spellings still work, including f(X,Y) := {Foo=>bar} >> opts -> ...; and [(f,X,Y),Opt] is still a live doc-key shape, cited verbatim at document.m2:73 as [(res, Module), Strategy => FastNonminimal]. Making the notations orthogonal is a language change touching the documentation key of every method in Macaulay2Doc and 300-odd packages. The runtime face of item 2 is not a defect either: options (codim, Ideal) returns OptionTable{Generic => false} while options codim is null, and options res returns the table while options (res, Module) is null, because options Sequence (methods.m2:237-239) looks up the installed method and asks it -- so options faithfully reports whichever declaration style was used, and options-doc.m2 uses options(codim, Ideal) as its own example. Nothing in the tracker or in the catalog notes covers the doc-key/declaration mismatch
bugs/dan/1-not-equation	dan	1	note	1	n/a	open	#4595		issue	unmet, and the intended implementation is sitting in the source as a comment. 57f11276fe (2009-07-18, Dan) 'start adding methods for not, and, and or of expressions' added three lines; 'Expression and Expression' and 'Expression or Expression' are complete, while the third shipped with its general case already commented out and is unchanged at expressions.m2:471 -- not Equation := e -> if #e == 2 then BinaryOperation{symbol !=, e#0, e#1} else -* UnaryOperation{symbol not, e} *- error(...). He created this file two days later, 2009-07-20, as a note to finish his own placeholder. Today not (a==b) gives a != b; not (expression 1 == expression 2 == expression 3) errors 'negation of an equation with 3 parts'; not expression 1 has no method, since 'not Expression' is the other line that commit left commented out and its commented body is wrong anyway, a BinaryOperation with two slots for a unary operator. UnaryOperation does not exist -- two hits in the whole tree, both in comments, this line and a disabled toOpenMath method at OpenMath/expr.m2:119 -- so the change is a new expression type on the BinaryOperation template plus switching on the two placeholders. #1754 is the same corner of expressions.m2 from the inequality side but is blocked on moving method lookup into d/, a different obstacle
bugs/dan/1-on-and-methods	dan	1	note	49	n/a	duplicate	#4534		drop	first half is the same ask as bugs/dan/0-on, filed from this catalog as #4534 -- 'code that monitors every call to any method function of random, which should be incorporated into on' -- a working sketch where 0-on had a patch. The second half, after the end, is the part #4534 lacks and it still reproduces verbatim under debug Core: setAttribute(f 1, ReverseDictionary, "hi there") is accepted and f 1 still prints FunctionClosure[stdio:...], as does the functionBody variant. Cause, isolated: f 1 === f 1 is false, each application builds a fresh closure, so the first call names an object that is discarded -- naming a bound closure does work, h = f 1; setAttribute(h,...); h prints 'hi there' -- and naming the shared functionBody does not, because printing reads the attribute off the closure and never consults the body. That is the file's own inline comment ('we should store the function body, not the function closure, see below') and it is load-bearing for #4534's gap 1, since the Name option in that patch and the setAttribute in this sketch both name per-application closures. Commented there. #3310 is about doc locations for Core methods, not tracing
bugs/dan/1-open-databases-during-installPackage	dan	1	note	28	n/a	fixed		1b8cd343cc	drop	fixed nine months after the file was written, by 1b8cd343cc (2008-11-02) 'close the documentation database before trying to replace the file, during installPackage' -- which adds 'if pkg#?rawkey and isOpen pkg#rawkey then close pkg#rawkey' immediately before the moveFile, and in the same diff deletes the sibling bug file bugs/dan/0-installPackage, the Windows-side report of the same defect. The close is still there (installPackage.m2:809). The link-then-remove sequence that produced the message is unchanged -- moveFile(String,String) is still 'removeFile tar; linkFile(src,tar); removeFile src' at files.m2:43-45, not rename(2) -- so what fixed it is the close, not the move; cygwin having been dropped in 2021 makes it moot besides
bugs/dan/1-openListener-IPv6	dan	1	note	1	n/a	open	#4597		issue	unmet, and low priority -- IPv6 transport works everywhere, only the literal spelling is missing. Measured against a server bound to [::1]:24602: openInOut "$ip6-localhost:24602" opens, SCSCP newConnection("ip6-localhost",24602) connects far enough to reach the handshake, getWWW "http://ip6-localhost:24602/" returns HTTP/1.0 200 OK -- and the literal form of all three errors. The resolver is already family-agnostic: scclib.c:733 sets hints.ai_family = PF_UNSPEC and opensocket passes NULL hints, so getaddrinfo returns AAAA records. The break is upstream of it, at stdio.d:227-231, which splits $host:service on the FIRST colon and breaks; for $::1:24601 host0 comes out empty, and stdio.d:233 reads an empty host as 'listener', so a connect attempt silently becomes a bind attempt with service ":1:24601". Three colon-splitters exist and only one is right: SCSCP/client.m2:79 uses greedy ^(.*)\:(.*)$, i.e. the last colon, which is correct for IPv6, then re-concatenates at :23 and openInOut undoes it; splitWWW errors on http://[::1]:24602/. Filing only the stdio.d half. The argument is the documented idiom rather than IPv6 adoption: every socket example in the tree is an IPv4 literal (newConnection("127.0.0.1",26135), startServer "127.0.0.1", the SCSCP docinput transcripts, #4527's bind-loopback advice) and none has an IPv6 spelling. Nothing in the tracker matches ipv6, getaddrinfo, ip6, openlistener or host:port except #4594, filed from this catalog
bugs/dan/1-opensuse-build-service	dan	1	note	3	n/a	wontfix			drop	a non-goal on record, not merely a dead link. The file is two lines pointing at http://en.opensuse.org/Build_Service, a wiki since retired (OBS is build.opensuse.org now), but what settles it is that M2 stopped building distro packages in its own tree: 6c833cbf0c (2025-09-08) 'Remove Debian packaging directory' and beeb464469 (2025-09-13) 'Remove now-outdated --enable-rpm configure option', both by the maintainer who packages M2 for Debian. M2/distributions/ now holds only freebsd, install, tar and top, and the sole surviving openSUSE reference in the tree is platform detection, configure.ac:127 '*"openSUSE") ISSUE_FLAVOR=openSUSE'. So adopting a service for building M2's own packages is against the direction taken; downstream maintainers package it. wontfix rather than obsolete because openSUSE and OBS both still exist -- it is M2's policy that changed. #4528, filed from this catalog, is where the packaging relationship actually went: make configure report what it found so packagers have an easier time
bugs/dan/1-options	dan	1	note	1	n/a	fixed		#1939	drop	fixed by making the inconsistency legal. tensor is now method(Options => true, Binary => true) at shared.m2:27, so each method carries its own option table instead of sharing one: of its 23 methods, the seven Ring/Monoid pairs take the 18 monoid options, twelve (Module, Matrix, Complex, ComplexMap, RingMap, CoherentSheaf) have an empty table, and four -- (tensor,Sequence), (tensor,List), (tensor,Thing,Thing), (tensor,SheafMap,SheafMap) -- have none. Options are checked per method rather than dropped or crashed on: tensor(M,N,MonomialOrder=>Lex) and tensor(M,N,NoSuchOption=>3) both give 'encountered an unknown key or option', while the same MonomialOrder is accepted for a pair of rings. 8950020fd3 (2021-02-14, #1939 'Implement binary (associative) methods with options') is the change. #1881 and #2864 are the live complaints about this machinery from the other direction, that options on an Options => true method function returns null
bugs/dan/1-options-of-binary-methods	dan	1	note	6	n/a	fixed			drop	the file contains its own fix as its last line: 'Ring ** Ring := Ring => (R,S) -> tensor(R,S)' is verbatim newring.m2:45 today, so Dan wrote the workaround into the note and into the source. options (symbol **, Ring, Ring) now returns null rather than tensor's 18 monoid options. No fix commit recorded because the file is the record. The second sentence, 'This will require some thinking to prevent in the future', is unmet but has no victim: options Sequence (methods.m2:237-239) still looks up the installed method and asks it, so a method function assigned directly to an operator key still leaks -- zzf = method(Options => {ZzOpt => 7}); ZzT ** ZzT := zzf gives options (symbol **, ZzT, ZzT) = {ZzOpt => 7} while the lambda form gives null -- but all four direct assignments in the tree target option-free functions and report null correctly: RawFreeModule ++ RawFreeModule := rawDirectSum (engine.m2:298), RawFreeModule ** and RawMatrix ** := rawTensor (:317,:369), Option ++ Option := directSum (matrix.m2:368). Left unfiled deliberately, since a bug nobody can hit invites 'cannot reproduce'; worth revisiting if an option-carrying method function is ever assigned to an operator key, or as part of #1881, which asks that options on an Options => true method function list the installed methods and their options. #2569 is the same family from another angle -- locate and code reporting the wrapper for functions involving options, caching or @@ -- but a different mechanism
bugs/dan/1-overflow-test	dan	1	note	3	n/a	fixed		591918051b	drop	the file is right that the recipe cannot fail: './overflow-test sub 2>/dev/null || echo test succeeded' prints success for any nonzero exit, including a missing binary or a crash unrelated to overflow. Fixed twice. 591918051b (2017-06-06) 'fix overflow test; resolves #627' rewrote each line as './overflow-test sub || if [ $? = 1 ] ; then exit 1 ; else echo OVERFLOW TEST SUCCEEDED ; fi', distinguishing exit 1 (real failure) from the expected abort, and added overflow-test-b.cpp so the compiler could not constant-fold the operands. Then 4c5f86c4a3 (2026-05-20, #4347 'Organizing the e directory') deleted overflow-test.cpp and the makefile recipe entirely in favour of unit-tests/OverflowTest.cpp, a googletest with EXPECT_THROW on safe::add/sub/mult/div. #627 is the issue 591918051b closed and is the tracker's version of this file
bugs/dan/1-package-configuration	dan	1	note	41	n/a	fixed		e5a5d578ab	drop	a design document implemented the next day and never deleted: the file was added 2006-10-28 (41f8a357a7 'new package configuration design idea') and e5a5d578ab 'new Configuration option for newPackage, etc.' landed 2006-10-29. Every clause holds, verified with a throwaway package under a redirected HOME. The option is on newPackage (packages.m2:187) and loadPackage/needsPackage (:255,:277); the file is applicationDirectory()|'init-Foo.m2' (:332), its name is under the key "configuration file name" (:369), both exactly as specified; (options Foo).Configuration works and is populated before the package body runs. Precedence is defaults <- user file (:338-339) <- loadPackage argument (:350-354), and a user-file key absent from newPackage is dropped because applyPairs iterates the defaults. Clause 4 measured: editing precision to 999 and then adding an option to the package printed '-- new configuration options for package', kept 999, added the new key, and left init-ZzConfDemo.m2.bak -- and the file's own sentence about overwriting with retention and a backup is verbatim in the generated header (configFileString, :59-61). Clause 8 too: the whole block is under 'if not noinitfile' (:330), so with -q nothing is read, no file is written, and "configuration file name" is null
bugs/dan/1-package-symbols	dan	1	note	2	n/a	duplicate	#666		drop	unmet, and #666 is Dan's own open thread on the same collision with the opposite proposal -- symbols shared in the Core dictionary so two packages can both use an option name, versus this file's global-but-private-to-the-package -- ending 'What should be done?'. Status quo measured with a throwaway package on a Core-owned name: export {"Gamma"} succeeds, and after loading, symbol Gamma resolves to the package's dictionary and takes the name from everyone (Gamma 2 returns 1 before the load and errors after, class Gamma becomes Symbol), with the warning 'symbol "Gamma" in Core.Dictionary is shadowed by a symbol in ZzSymDemo.Dictionary / use the synonym Core$Gamma'. So what exists is a global that clobbers Core, plus a synonym serving the victim -- not isolation for the package. That warning is the same machinery this catalog credited when settling 0-synonyms-and-collisions as fixed (its ask 2, alert the user) and 1-Package-dictionary as wontfix (its ask 1, reorder dictionaryPath, declined in favour of the warning). Commented on #666 with the 2009 alternative and this measurement. #2275 and #2328 are adjacent but about documentation ownership and inadvertent globals
bugs/dan/1-packages	dan	1	note	9	n/a	fixed		#2600	drop	both complaints gone. findHeft no longer loads a package at all: 6a4868857e (2022-08-17, #2600 'Simplify monoid constructor and fix various bugs') deleted the needsPackage "FourierMotzkin" line -- the one that never restored dictionaryPath -- and the line the file calls silly, B := ((value getGlobalSymbol "fourierMotzkin") A)#0, replacing them with a direct engine call, 'heftvec := - sum entries map(ZZ, rawFourierMotzkin raw matrix degs)' (monoids.m2:407). rawFourierMotzkin is interface.dd:3939 over e/interface/cone.cpp, so nothing in the package is involved and there is no dictionary to restore. The comment crediting Greg Smith's FourierMotzkin documentation survives at monoids.m2:388-389, and the commit left '-- TODO: should FourierMotzkin become preloaded?', so the underlying question is acknowledged while the mechanism the file objects to is gone
bugs/dan/1-parallel-documentation-and-source	dan	1	note	23	n/a	fixed		41cccde383	drop	fixed by removing the link, deliberately and for this reason. help.m2:305-306 reads '-- temporarily disabled because sometime the links are broken' over linkToFile := (src, fn, pos) -> TT { fn | pos }, with the HREF commented out beside it; 41cccde383 (2025-04-21) 'disabled links to source in documentation temporarily' is the commit. So help FirstPackage now prints 'defined in FirstPackage.m2.' as plain text and there is no link to 404, which is the symptom Mike reproduced in 2008 when a pre-1.0 copy of the documentation under ~/.Macaulay2/local shadowed the installed one. #2785 is the live ask, a user asking for source links (to GitHub) to exist at all, and help.m2:312 carries the maintainers' own '-- TODO: for packages, should we link to the location on GitHub instead?'. Whoever re-enables it inherits this failure mode: the stale user-prefix copy. Adjacent to the -q/prefixPath finding on 1-installPackage
bugs/dan/1-parsing-RR	dan	1	note	11	n/a	fixed		6f1bdcf19a	drop	fixed eleven months after the file was written, and by exactly the change it asks for. 6f1bdcf19a (2009-01-21, Dan, 'documentation; real numbers;') deleted the six lines the file quotes -- eprec, toRR(x,eprec), the y*pow10 or y/pow10 scaling and the final toRR(y,prec) -- and replaced them with a single toRR(ss,prec), adding toRR(s:string,prec:ulong) as one Ccode call to mpfr_set_str(z, s, 10, MPFR_RNDN) (gmp.d:969-972). parseRR (parser.d:5-34) now only strips the pNNN precision suffix and hands the rest of the literal, mantissa and e-exponent together, to MPFR, so correct rounding is MPFR's guarantee rather than an argument; pow10 has no consumer left outside gmp.d. Checked against the exact rational at several precisions -- 0.1 at p53 and p200, a 29-digit mantissa at p53 and p100, 1.234...p53e-300, 9.87654321p53e300, 1p53e-400, 36 digits at p113, and 0.500000000000000000001p11 chosen to punish double rounding -- all equal toRR of the exact value
bugs/dan/1-part-deprecation-notneeded	dan	1	note	9	n/a	fixed		d8083e4f10	drop	the deprecation is gone, five months after the file (added 2009-06-02, 4dd5eb6b30 'add doc request'). d8083e4f10 (2009-10-30) 'clean up some stubs of obsolete functions; document them' deleted 'RingElement _ ZZ := x -> error "method for RingElement _ ZZ has been replaced: use part(n,f) instead"' from m2/obsolete.m2 and moved the statement into changes.m2 as a historical note, which is where it now lives. The syntax was then repurposed rather than restored: RingElement _ Thing := IndexedVariable => (x,i) -> (baseName x)_i at monoids.m2:252-253, commented '-- fixes the issue of declaring kk[x] followed by kk[x_1]', so x_3 is now an IndexedVariable and (x+y^2)_2 errors 'expected a generator' because baseName of a non-generator fails. part(2, x+y^2) is the way to ask for a graded piece
bugs/dan/1-part-doc	dan	1	note	1	n/a	fixed		#870	drop	the ask is met almost word for word. part-doc.m2 was rewritten in September 2018 by Lily Silverstein -- 292525ea79 (2018-09-27, #870), header comment '--- status: rewritten September 2018' -- and it now documents wt as 'a list of integers to use as weights before selecting degrees' and explains it concretely: 'we apply the weights {2,3} before selecting terms. In other words, the term x^ay^b is considered to have degree 2a+3b', with a worked example. It goes further than the file asked, adding that where the ring's own generator degrees are not 1 the weights override them, again with an example, and covering the multigraded and unbounded-range forms. Headline is now 'select terms of a polynomial by degree(s) or weight(s)'
bugs/dan/1-pivots	dan	1	note	15	n/a	open	#4598		issue	both asks unmet, filed together. The code is verbatim unchanged from the file's quote at matrix2.m2:10-19, '-- I wish this could be in the engine' included. Ask (a), document the column-echelon assumption: not done, and the documentation is worse than silent -- pivots-doc.m2 is '--- status: DRAFT', describes the output only as 'positions of the non-zero lead terms (in each column)', its only Caveat is 'Should be implemented in the engine' (Dan's other wish), and its own worked example violates the precondition: for f = matrix{{1,3,0,0,3,5,2,0,0},{0,0,0,1,3,6,7,8,0}} it returns {(0,0),(0,1),(1,3),(1,4),(1,5),(1,6),(1,7)}, row 0 twice and row 1 five times, which is exactly the same-row case the file warns about. Ask (b), a quick check: no check exists. Neither has a victim in the tree -- three of the four call sites feed smithNormalForm output (matrix2.m2:176, modules2.m2:181, :203) which is canonical, and the fourth, factor Module (:227), is restricted to ZZ, k[x] or a field -- so the risk is to a user calling an exported, documented function on their own matrix. Also worth knowing: which row is chosen for a column with several nonzero entries depends on a Down/Up direction derived from leadTerm matrix {{1_R},{1_R}}, so over QQ[x] pivots matrix{{x,1},{1,x}} is {(1,0),(1,1)}. Searched issues and PRs: #613 is the engine's reduce_by_pivots and #2511 is reducedRowEchelonForm, neither this
bugs/dan/1-poincare-bug	dan	1	note	15	n/a	fixed			drop	the mismatch is gone. The error was that poincare Ideal computed the series of the quotient -- 'poincare ((ring I)^1/I)' -- while module Ideal copied I.cache.poincare onto image generators I, the submodule, whose series is different. Today poincare Ideal := I -> poincare comodule I (hilbert.m2:81) with comodule Ideal := I -> cokernel generators I (matrix1.m2:438), and module Ideal := (cacheValue symbol module)(I -> image generators I) (matrix1.m2:440) has the poincare-copying line deleted. Measured over QQ[x,y] with I = ideal(x^2,x*y): poincare I is 1-2*T^2+T^3, poincare module I is 2*T^2-T^3, and they sum to 1 as they must; module I does not inherit the ideal's value. Checked the MonomialIdeal path too, since poincare MonomialIdeal does cache under I.cache.poincare (monideal.m2:131): for monomialIdeal(x^2,x*y) that value is 1-2*T^2+T^3, the quotient's series, and module J still comes back with no cached poincare -- so there is nothing left to copy onto the wrong module
bugs/dan/1-porting	dan	1	note	124	n/a	obsolete			drop	every premise is dead, and the file was read to the end to be sure. It asks for a cygwin port (dropped 2021), names four porting machines that are gone (octopus.math.cornell.edu, a CYGWIN_NT-5.0 box, SunOS 5.8 on sun4u sparc, a 2.4-kernel i686), lists 'systems to port to: debian suse cygwin freebsd', and then spends its second half on building .deb files with alien from the binary tarball, hand-repacking data.tar.gz with ar to gunzip files inside it, and scp'ing the result to ssh.math.uiuc.edu. M2 stopped shipping distro packaging entirely -- 6c833cbf0c removed the Debian packaging directory and beeb464469 the --enable-rpm option, both 2025-09 -- so the alien recipe has no target, and only distributions/freebsd survives of the four systems. util/overlay.h, which the file says must go for a cross-compile, is not in the tree. Same seam as 1-opensuse-build-service
bugs/dan/1-positions-of-strings	dan	1	note	7	n/a	open	#4599		issue	unmet, and filed reframed at the maintainer's suggestion: the file proposes a LocatedString type, but the need it names -- 'that would make the code in SimpleDoc much simpler' -- is better served by making doc a keyword, since Code in the interpreter knows its location while the Expr reaching top level does not. Measured, with the control adjacent in one file: a doc/// node occupying lines 5-10 reports loc/ZzLoc2.m2:11:0, which is the TEST line below it, i.e. the next construct entirely; the TEST /// block on lines 11-13 reports 11:5-13:3, an exact span. TEST gets that because it is a keyword -- binding.d:315, special("TEST", unaryop, precSpace, wide) -- and testing.m2:23-24 says so verbatim, 'TEST is a keyword that takes an object as input and determines its location', passing a FilePosition to addTest, which stores it. That landed in #3419 (2024-08-31), the maintainer's own. A document{} node is merely off by one (line 8 reported as 9). LocatedString does not exist and strings are still String < Net < Thing; SimpleDoc.m2 carries 55 linenum/lineNumber mentions doing this bookkeeping by hand, threading keylinenum through some twenty section handlers. Not covered by the reframing: value on a string reports currentString:LINE:COL with no provenance, so an error in a generated string cannot be traced to its origin. Searched issues and PRs -- nothing proposes doc as a keyword. #3599 (open PR, user-defined keywords) is the infrastructure that would make it cheap, #3420 wants a Test keyword inside document/doc for coverage, #4409 is doc-node templates
bugs/dan/1-ppc-version	dan	1	note	1	n/a	obsolete			drop	one sentence about a 32-bit big-endian PowerPC Mac in August 2010, with no symptom, no backtrace and no reproducer, so there would be nothing to act on even if the platform were alive. It is not: Apple's last PPC Mac shipped in 2006 and macOS dropped PPC support in 10.6, and the tree has no powerpc code or CI -- the only matches are historical uname lines in Benchmark.m2:593,655,674. Worth noting for anyone who reads this as 'M2 ignores PowerPC': big-endian is handled where it matters, endianAdjust at ffi.d:160-163 fixes widened return values for ForeignFunctions, and #2617 and #3171 are the live big-endian and alternative-architecture issues. ppc64el as a Linux target is a different question from this file's, and this file has nothing to contribute to it
bugs/dan/1-preimage	dan	1	note	17	n/a	fixed		#2734	drop	the function Dan asks for exists and does what the email specifies, including for non-free modules. 0ecf02bd2f (2022-09-03, #2734 'Brushing up RingMap') added preimage(Matrix, Module) at ringmap.m2:370-373, three lines: T := target f; g := inducedMap(T/M, T); kernel(g * f). Tested with everything non-free -- f : coker matrix{{x,y}} -> coker matrix{{x^2}} over QQ[x,y] and S = subquotient(matrix{{x}}, matrix{{x^2}}) inside the target -- giving subquotient(matrix{{-x}}, matrix{{x,y}}), and verified rather than eyeballed: the image of the preimage is contained in S, it equals kernel(M -> N/S), and it is a proper submodule. modulo is still there for the low-level use the email contrasts it with
bugs/dan/1-printing-rings	dan	1	note	15	n/a	wontfix			drop	maintainer's call: the ring half of the exchange was implemented and the monoid asymmetry is left as is, a monoid being a low-level object whose option list is the useful thing to see when you do print one. State measured. Rings are terse -- net (QQ[a,b, Degrees=>{2,3}, MonomialOrder=>Lex]) is QQ[a..b] -- via expression PolynomialRing -> expressionPolynomialRing R (polyrings.m2:57-65), which is just the run-length-encoded generator list, while describe routes to expressionMonoid monoid R (:61) and toExternalString gives the full form, so Mike's condition ('toExternalRing should give them') holds. Monoids have no such split: expression and describe of a monoid return the same verbose thing, and even monoid [a,b] volunteers Degrees => {2:1}, Heft => {1} for options nobody supplied. Searched issues and PRs; nothing on monoid printing. #1721 is adjacent from the other side, wanting a named ring to print its definition rather than its name, and notes in passing that describe R gives 'a little bit too much information'
bugs/dan/1-printingPrecision	dan	1	note	8	n/a	fixed		a65ecd9412	drop	fixed five weeks after the file (added 2009-03-03, cb8c7573ad 'add bug report') by a65ecd9412 (2009-04-08), whose message names the exact failure mode: 'forbid assignment of bad values to printingPrecision and printingAccuracy that make mpfr abort the program'. The guard is actors5.d:1963, 'if n < 0 then return buildErrorPacket("printingPrecision can not be set to negative value")', with the companion check for printingAccuracy < -1 at :1968. So printingPrecision = -1 now errors at assignment and the MPFR abort in the transcript -- get_str.c:1563 assertion failed: (prec) > 1, Aborted -- is unreachable because the invalid value never gets stored
bugs/dan/1-profile-init	dan	1	note	15	n/a	wontfix			drop	unmet as asked, and not worth the cost: the checks would run uname and a directory test in every login shell to defend against a shared home directory spanning architectures, which is Dan's 2006 scenario (his transcript checks uname -m/-s/-r/-p on rhodium) and is rare now. setup() is otherwise unchanged in shape: it writes ~/.profile-Macaulay2 and inserts a loader into ~/.bash_profile, ~/.bash_login, ~/.profile or ~/.zprofile (files.m2:499-508), hard-coding the prefix into PATH, MANPATH, INFOPATH and LD_LIBRARY_PATH (:439-443), and the bash template's only logic is avoiding a duplicate entry (:410-418) -- nothing tests that the directory still exists or which machine it is on. It is user-facing and documented (setup-doc.m2), recommended for installs outside a standard location. One caveat worth keeping if this is revisited: three of the four variables are inert when stale, but LD_LIBRARY_PATH reaches every dynamically linked program in the login session, so a wrong-architecture entry there is the only part with consequences beyond M2. setup() has real history in the tracker, all about which shell to munge -- #1061/#1067, #1138, #1139, #1405/#1406, #1460, all closed -- and #1068 is open, 'setup() should examine $SHELL'; nothing about validating the prefix or the architecture
bugs/dan/1-prune-setting-eliminated-variables	dan	1	note	7	n/a	wontfix			drop	maintainer's call: a pruned ring is a different ring, and giving the eliminated symbols values in it -- even optionally -- trades a clear error for cross-ring confusion of the kind #666 and 0-synonyms-and-collisions are about. Unmet as asked, and the state is worth recording. use assigns only gens Rp, so for R = QQ[a,b,c]/(a-b-1) and Rp = minimalPresentation R = QQ[b..c], after use Rp we have ring a = R and ring b = Rp, and both a+b and a*b error. The ingredient the ask needs does exist: R.minimalPresentationMap is map(Rp,R,{b+1,b,c}), sending a to b+1 in Rp, so an implementation would not have to compute anything. One trap for anyone who revisits it: map(Rp,R) looks like the same map and returns b+1 for a, but only because a's normal form in R is already b+1, so it agrees by accident rather than by recording the correspondence. Nothing in the tracker matches prune, pruningMap, minimalPresentationMap, use Ring or eliminated variable
bugs/dan/1-pushForward1	dan	1	note	25	n/a	wontfix			drop	the suggestion was tested and the code declines it. pushForward1 is gone -- changes.m2:1827 records "'pushForward1(f,M)' has been replaced by 'relations coimage map(M,f)'" and the only survivals are commented-out doc at pushForward-doc.m2:95-121 -- and tu_canEmbed.m2:254-256 now reads ff1 = map(R,S,can1); G = map(coker F1,ff1); trim coimage G, giving betti {(0,{0},0)=>1, (1,{2},2)=>10}. Substituting the surviving function, pushForward(ff1, coker F1), errors 'no applicable strategy for computing pushforward' (pushforward.m2:103), and the reason is mathematical rather than a missing case: the Default strategy needs a homogeneous map and M/ideal f.matrix finite-dimensional, and here isHomogeneous ff1 is false and dim(M/ideal ff1.matrix) is 1; the Quotient strategy (Justin Chen, from #1522) needs a common ambient ring with source among target.baseRings, and neither holds. ff1 is a rational map P2 --> P6 by cubics through three points, so it is not module-finite and coimage, which computes the ideal of the image, is the right tool. PR search done rather than issue search only, since pushForward is under active development: Joel Dodge's #4366 (merged, towers and differing coefficient rings), #4435 (open, relaxes a degree-map restriction, failing example errors 'unexpected degree map of ring map' inside pushNonLinear) and #4465 (queued behind it). All widen which finite maps are accepted, which is a different axis from this row -- this map fails the homogeneity gate first. One wording gap left unfiled: the prose still says 'compute its push-forward under the map' while the code says coimage, and Dan hyphenated push-forward in the same 2008 diff, apparently so it would not read as a function name
bugs/dan/1-python-interface.c	dan	1	note	59	n/a	obsolete			drop	not an M2 bug: a scratch C file exploring whether Python can be embedded in a C program, quoting William Stein on making Sage's 'from sage.all import *' avoid importing IPython so that 'sage -python' and 'sage -c' start faster. The complaint is about Sage, the code links libpython2.5 against a Sage 3.2.1 tree from /aux/dan/sage, and the Local Variables block hard-codes that path. Python 2 is gone and so is that Sage layout. The question the exploration was for is settled affirmatively in M2 itself: d/python.d embeds CPython directly (Py_IsInitialized/Py_Initialize at :40), d/python-c.c is the conversion layer, and pythoncapi_compat.h tracks the modern C API. Its sibling 1-python-stuff carries the live asks
bugs/dan/1-python-stuff	dan	1	note	5	n/a	open	#4600		issue	three asks: the third is met, the first two are one thing and are measured. Ask 3, an example of a dynamically loaded C library in a python module, is done well beyond the request -- installNumPyMethods with worked examples in Python/doc/numpy.m2 converting M2 matrices and vectors to NumPy arrays, plus a matplotlib tutorial with a rendered twisted-cubic.png; both are C extension modules in M2's embedded CPython. Asks 1 and 2 unmet: python.d:28 builds pythonObjectCell(po, hash_t(0)) with no registerFinalizer and no Py_DECREF, and the only three Py_DECREF calls in the interface (python-c.c:163,175,219) are on conversion temporaries. Measured two ways: sys.getrefcount on a list held in __main__ goes 2 -> 3 when M2 wraps it and stays 3 after the M2 reference is dropped and collectGarbage() and gc.collect() are both run; and 20 objects created in a loop with no M2 reference kept are all still alive afterwards. Caveat on the proof, since only the two together are conclusive: a refcount that stays put is also consistent with Boehm not having collected the cell, and that cannot be distinguished by observation precisely because there is no finalizer to watch fire. registerFinalizer exists as a MethodFunction, so the mechanism is available; the work is deciding per toExpr call site whether the reference is owned or borrowed, a wrong DECREF being worse than the leak, which is presumably why Dan wrote it as a task. Correcting an earlier claim of mine: Python.m2 has 14 TEST blocks, so the package is tested -- what is true is that none touches refcounts, lifetime or GC, and the three-line check above would be one. Searched issues and PRs: the interface has had a lot of work (#2130, #2302, #2316, #2523, #2605, #2631, #2639, #2692, #3025) and none is about reference counting
bugs/dan/1-quotrem-welldef	dan	1	note	49	n/a	duplicate	#4515		drop	the same defect as #4515, which this catalog filed four days ago from 0-quotient-for-non-free-modules, and which leads with the well-definedness claim. Reproduces exactly, with an asymmetry #4515's example does not have: for f = inducedMap(R^1/x, R^1/x^2) and g = inducedMap(R^1/x, R^1/x^3) over ZZ/101[x], quotientRemainder(g,f) has isWellDefined first true while quotientRemainder(f,g) has it false. The mathematics agrees, which is why it is a good test case: quotientRemainder(f,g) wants q : R^1/x^2 -> R^1/x^3, and 1 sends x^2 to x^2, nonzero in R/x^3, whereas the other direction sends x^3 to 0 in R/x^2. Commented on #4515 with the pair and Dan's 2006 email asking 'Did I just not think about whether the resulting maps are well-defined?'
bugs/dan/1-random-bug	dan	1	note	10	n/a	fixed			drop	no longer reproduces: random(ZZ^2,ZZ^2,MaximalRank=>true) gives a different matrix every call, e.g. {3643,3321}/{206,3321} then {911,122}/{3121,335}. No fix commit identified, and the obvious candidate is wrong -- randomMR (genmat.m2, reached from :122) has had the randomizing blocks since it was written in 7fd73b1579 (2006-07-08), six months before this file (2007-01-05), so the identity output did not come from those being absent. For a square matrix the m>k and n>k branches are skipped and everything depends on the 'if m>1' and 'if n>1' row/column additions, whose coefficients are random(d0,R,opts) and random(d1,R,opts) with d0 = d1 = {} because degreeLength ZZ is 0. So the likeliest 2007 cause is random(List,Ring) returning 0 for that shape; it now returns varied values ({5,1,8,7,4}). Recorded as fixed on the observation rather than on an attributed commit
bugs/dan/1-random-height	dan	1	note	2	n/a	wontfix			drop	literally unmet -- randomHeight is still set up at actors5.d:1849, still calls rawSetRandomMax at :1931, and maxHeight is still the engine global (e/interface/random.cpp:17) -- but nothing observable rides on it, so eliminating it is internals work across the M2/engine boundary for no user-visible gain. Decisive point, from the maintainer: randomHeight is not exported. class randomHeight is Symbol at top level (it is setupvar'd into Core but absent from exports.m2), so it takes debug Core even to read. I had written this up as a bug on two leaks, and both are unobservable: mutablemat.m2:173 and :179 restore with 'randomHeight := s', colon-equals, which declares a local, so fillMatrix(m, Height => 100000) leaves the global at 100000; and genmat.m2:55-59 sets it and then errors between set and restore, so random(ZZ^2,ZZ^2,Height=>0) leaves it at 0. Neither is visible from the prompt -- with the global sitting at 100000, 400 samples of random(ZZ^1,ZZ^10) and 400 of random ZZ both stay within 10, because every consumer sets it from its own Height default before reading. So the two := are dead code rather than live bugs. On the same reading, changes.m2:2858 ('The variable randomHeight has been removed, replaced by [fillMatrix, Height] and [random, Height]') is accurate about the user surface, which is the only surface a release note is about -- I had first read it as a false claim. mutablemat.m2:171 and :177 both comment '-- silly global variable', so the file's opinion is shared. Adjacent tracker state: #2089 'Crash on random with Height => 0' is open but no longer crashes, erroring cleanly at genmat.m2:56 ('expected a positive height'); #999 'random QQ' is the other open one
bugs/dan/1-ranges	dan	1	note	10	n/a	fixed		b8246778dd	drop	Mike's suggestion was taken, five weeks after he made it. His email is dated 2009-06-16 and the file was created the same day (bd88e96c0c); b8246778dd (2009-07-20) 'add operator ..<' added it. Today 1..<6 is (1,2,3,4,5) and 0..<0 is (), the half-open semantics Groovy uses. The keyword is DotDotLessS at binding.d:285, makeKeyword(binaryleft("..<")), with DotDotLessFun at actors.d:976-1009, so it is a real operator with a binary-method fallback rather than sugar
bugs/dan/1-read	dan	1	note	33	n/a	fixed			drop	does not reproduce, with the caveat that the file says the corruption happened only 'sometimes!'. Ran Anton's transcript five times -- M2 as 'openInOut openListener "$:PORT"', a python client sending 'hi there', a 60-character buffer string held across the read -- and the buffer was byte-identical afterwards every time; the file's diagnostic, substring(buffer,0,#newstring) == newstring, is false, where in the bug it was true because the read had overwritten the buffer's head. Five trials is weak evidence against an intermittent memory bug, so this is 'no longer observed' rather than a proven fix, and no fix commit is identifiable. What makes it plausible is the era: the D-language string and buffer handling was rewritten for C++ in fc4f09790b (2011-12-27, 'refactor scc -> C++ ... for safety'), long after the 2006 report. Worth re-testing if anyone sees string corruption around sockets again
bugs/dan/1-read-prompt	dan	1	note	12	n/a	fixed		#1161	drop	fixed, and the tracker carries the same report twice. Reproducing it needs read to be genuinely blocked, so a pipe that supplies input immediately does not exercise it -- driven from python with a six-second gap, alarm fires while read waits. Then: 'error: failed to read file : interrupted' followed by a normal numbered prompt, where the file's transcript shows the '>> ' prompt persisting through the next two inputs (o9, o10). c2bb79553a (2020-05-15, #1161 'Fix prompt overriding when read is interrupted') closed #1160, the same complaint from a user; d5fe98839a (2023-10-04, 'fix read() #2951', in #2991) closed #2951 'missing prompt after read()', a later relapse. #1159, "'read' doesn't recover after interrupt", is the third and also closed
bugs/dan/1-readline-MacOSX	dan	1	note	6	n/a	obsolete			drop	the premise expired with the platform. The file is about macOS shipping libedit's readline shim, which provides completion_matches but not rl_completion_matches or _rl_comment_begin, so M2 had to compile its own readline; macOS builds now get real GNU readline from Homebrew. Half the ask was done regardless: 37c060e7d4 (2015-06-11) 'a less stringent test for libreadline' deleted the hand-written link test 'extern int rl_set_prompt(); extern int _rl_comment_begin; int main () { return rl_set_prompt() + _rl_comment_begin; }' in favour of AC_SEARCH_LIBS(rl_set_prompt,readline,,BUILD_readline=yes). The other symbol survives and is genuinely used, not just tested -- configure.ac:1227 checks rl_completion_matches and M2lib.c:130 calls it -- so avoiding it would mean changing the source too. And the tree moved the other way: c27ce84b40 (2018-06-25) added a fourth reason to bundle, 'build libreadline if the existing one does not define rl_catch_signals', so BUILD_readline is now a deliberate fallback from four checks rather than an accident of two over-strict ones. #726 (closed) and #4321 (open, cmake syslibroot on macosx) are the nearest tracker items and neither is this
bugs/dan/1-real-output	dan	1	note	4	n/a	duplicate	#708		drop	duplicate of #708 'floating point weirdness', open since 2017 and worked on by the maintainer, whose own body closes with toExternalString oo -> .9007199254740991p53e16, the same function this file shows. State today: the transcript's trailing e0 is gone (toExternalString .3 is .29999999999999999p53) and the value round-trips, but seventeen significant digits are emitted where one would do, since value ".3p53" == .3. Not a blanket policy -- .5 and .25 print as .5p53 and .25p53 because those decimals are exact in binary, and 1. prints .1p53e1 -- so M2 prints short when it can be exact and otherwise falls back to full precision. The maintainer's comment of 2024-11-03 states the mechanism and the obstacle: 'using mpfr_get_str, we get the mathematically closest option. But for readability, we probably want the option with the fewest number of digits. There are various algorithms for this (Dragon4, Grisu3, Ryu), but as far as I can tell, they haven't been implemented for MPFR yet.' #3477 bumped p53 digits from 15 to 16 and that comment notes 17 is required, which matches the 17 measured here; #1579 is collateral. Commented with the one thing the row adds, that the symptom shows on an ordinary number rather than only near 2^53. Search note: the cache found nothing because the decisive text is in a comment and bin/fetch-issues does not cache comments, and #708's title shares no vocabulary with this row -- gh search issues, which does index comments, found it on the term 'ryu'
bugs/dan/1-references-citations	dan	1	note	8	n/a	wontfix			drop	nothing in this repository to change. The file opens 'for the web site' and asks for two literature searches -- Google Scholar and MathSciNet, both for references to 'macaulay2, a software system' -- plus code to dedupe the combined list. That is neither a defect nor a feature of Macaulay2 and has no closing condition an issue in this tracker could carry; the artifact would live on the web site, which is not this tree. PackageCitations.m2 exists but points the other way, generating citations for packages rather than collecting papers that cite M2, and #586 ('support cite command for packages') and #864 ('fix cite command') are that lineage. Searched the cache and gh search issues, which indexes comments, for google scholar, MathSciNet, citations and bibliography: nothing about collecting citations of M2. Not recorded as obsolete because that would assert something about what the web site publishes today, which was not checked
bugs/dan/1-regularity	dan	1	note	5	n/a	open	#4601		issue	unmet in every particular, and cheaper now than when it was written. regularity is declared at betti.m2:244 with Options => {Weights => null} only -- no Strategy, no Algorithm, no addHook or runHooks anywhere for it -- and the real methods live in Complexes/ChainComplex.m2:640-654, where regularity Ideal, Module and Complex all go through betti(freeResolution ...) with no dispatch point. The package the file names exists, packages/Regularity.m2, but exports mRegularity, CM, MonCurve (:22): a parallel function, so a user who writes regularity I cannot reach its algorithm, and the package's own tests assert the two agree by hand, 'assert(mRegularity(I, MonCurve => true) == regularity I)'. The consequence is still accumulating: #4191, an open PR, adds weightedRegularity to Depth.m2 as a third name for a related computation. What has changed in the file's favour is that hookified methods are now M2's conventional pattern -- freeResolution, pushForward, minimalPrimes and kernel all dispatch this way -- so the mechanism is standard rather than novel, and the file's second clause, 'the value of Strategy should be checked, somehow', is what runHooks provides. #3321 (closed) is regularity over quotient rings, unrelated. Searched cache and gh search issues; nothing on hookifying regularity
bugs/dan/1-reinteract-graphical-interface-suggestion	dan	1	note	7	n/a	fixed			drop	the proposed model is dead and the need is met several times over. Reinteract (fishsoup.net/software/reinteract, Owen Taylor) has had no release since around 2010. What the file wanted from it -- tab completion, tooltips with information about what is on screen, inline graphs, portable to Windows and Mac -- is what the Jupyter notebook interface provides, and #605 'Jupyter interface' was closed 2025-10-02; Jupyter is a symbol in Core (changes.m2:1246). The wiki carries Using-Macaulay2-with-Jupyter, -with-VSCode, -with-Sublime, -with-Org-Mode and -with-Emacs pages plus Interfaces-to-Macaulay2, so there are now several, and Macaulay2Web is a browser front end besides. #675 (vim) is the other closed interface issue
bugs/dan/1-replace-string-speed	dan	1	note	8	n/a	fixed		#1425	drop	both halves met, measured against the file's own numbers. It complains that replacing 80100 times in a 5643739-byte cedict is 'too slow, compared to emacs'; on a corpus of the same shape and size (5286599 bytes, 80100 lines, all 80100 substitutions firing -- output grew 881100 bytes) the file's own pattern runs in 0.246 s, against sed -E at 0.26 s and python3 re.sub at 0.214 s on the same file. #1425 'Switch to Boost::regex' (390894fe9f, 2020-07-26) is the change. 'Also, make it interruptable' is met too: alarm 1 during a 2.1-second replace over a 42 MB corpus interrupts it. Boost adds a bound of its own -- a catastrophic pattern like (a+)+b raises 'The complexity of matching the regular expression exceeded predefined bounds ... to prevent eternal matches' -- so a runaway match cannot happen either. #3513 and #332 are the live replace issues, about linear algebra speed and unicode
bugs/dan/1-ring-maps	dan	1	note	6	n/a	open	#4602		issue	reproduces, and the finding is broader than the file's. Finding the ring shape took three tries: the file's F() returns a plain quotient coefficient ring, since with GF or toField the coefficient generator is not reachable at all and R_2 is 'index 2 out of bounds 0 .. 1'. With zzF = () -> (k0 := ZZ/2[ww]; k0/(k0_0^2+k0_0+1)), R = zzF()[x,y] and S = zzF()[x,y]: R_2 and S_2 are both ww, I = ideal(x+ww), and sub(I, {R_2 => S_2}) errors. The message has changed since 2009 -- 'expected substitution values and omitted generators to be in compatible rings' where the file has 'expected ww to be a generator of R' -- and it is not specific to the coefficient generator: sub(I, {R_0 => S_0}) fails identically, while (map(S,R)) I returns ideal(x+ww). So any partial substitution between two separately-constructed but identical rings fails, and the full ring map shows the answer is computable. The error is arguably honest, since with y omitted the result's ring is ambiguous between R and S, but the same shape is accepted when R and S are the same ring, which makes the failure look incidental. Searched cache and gh search issues: #1224 is QQ[a,a,a], replicated names within one ring; #1011 is a doc request that M2 does not enforce well-definedness; #1183 is GaloisField coefficient rings, the shape that here errors on R_2 instead. The maintainer's unpushed PR_ring-maps work is about which conversions are canonical, a different axis
bugs/dan/1-ringmaps	dan	1	note	10	n/a	duplicate	#4579		drop	three asks. The identity predicate is met: RingMap == ZZ at ringmap.m2:30-32, where f == 1 is 'source f === target f and f === id_(source f)'. The dispatch ask is unmet and is the same missed predicate as #4579, filed from this catalog out of 1-flattenRing-can-save-time, whose second half is that applying a ring map never short-circuits when f == 1 -- here it is composing rather than applying. RingMap * RingMap (ringmap.m2:383-397) unconditionally computes g matrix f, builds a fresh rawRingMap and constructs a new RingMap; over QQ[a..h], 200 compositions take 0.021s for f*zzid and 0.0205s for zzid*f against 0.035s for f*f, so cheaper but not free. Probe trap worth keeping: === on RingMaps is structural, so f*zzid === f is true and f.RawRingMap === g.RawRingMap is true, and neither shows a short-circuit -- what does is a marker in the cache, f.cache#"zzmarker" = 1 being invisible from (f*zzid).cache, proving a distinct object. The third ask, Schubert2 doing all pullbacks by ring maps to optimise composition on cycle classes, depends on the composition short-circuit existing first and is a package refactor. Commented on #4579 with the composition timings and the === trap. #1919 (RingMap.cache.DegreeMap) and #1518 (kernels over ZZ) are the other open RingMap items, neither this
bugs/dan/1-rpm-directories-linger	dan	1	note	17	n/a	obsolete			drop	the premise is gone: M2 no longer builds rpms, so there is no *.spec file whose %dir entries could be missing. beeb464469 (2025-09-13) removed the --enable-rpm configure option and 6c833cbf0c (2025-09-08) the Debian packaging directory, both by the maintainer who now packages M2 downstream; M2/distributions/ holds only freebsd, install, tar and top. The report itself is a 2008 email from a Warwick user about RedHat rpms on Dan's own download site leaving empty directory trees behind after removal, and Dan's guess that not listing directory names in the spec file explained it. Same seam as 1-porting, 1-opensuse-build-service and 1-rpm-repository. #60, #240 and #678 are the surviving rpm issues, all closed and all about building rather than about spec-file directory ownership
bugs/dan/1-rpm-repository	dan	1	note	6	n/a	obsolete			drop	same seam as its sibling 1-rpm-directories-linger, and dead for the same reason: M2 stopped shipping rpms (beeb464469 removed --enable-rpm, 2025-09-13), so there is no set of rpms for createrepo to index. The file is six lines noting that createrepo had moved from linux.duke.edu to createrepo.baseurl.org and recording the invocation; createrepo itself was superseded by createrepo_c years ago. Distribution repositories for M2 are now the distributions' own concern, which is the arrangement #4528 from this catalog serves by making configure report what it found for packagers
bugs/dan/1-running-examples	dan	1	note	6	n/a	fixed			drop	the need was met by a better mechanism than the one proposed. The file wants examples run by forking a warm process and redirecting i/o, for which it says M2 would need close ZZ, open String and dup2(ZZ,ZZ) -- none of which exists. Instead M2 grew capture (examples.m2:59-62, capture = method(Options => {UserMode => true, PackageExports => null}) over the built-in capture'), which runs an example in the *current* process with output collected, so there is no fork, no file-descriptor juggling and no startup cost at all -- strictly better than the proposal for the purpose stated. It is the default path: captureTestResult calls isCapturable and prefers capturing, falling back to a subprocess only when the example is not capturable (examples.m2:147 lists the exclusions, e.g. anything matching temporaryFileName). No single fix commit is identifiable; capture predates 2008 in some form and the method wrapper is later
bugs/dan/1-running-tests-and-examples	dan	1	note	2	n/a	wontfix			drop	unmet, and the remedy has become less applicable rather than more. Nothing in examples.m2 or testing.m2 sets up an unwritable directory -- no chmod, no fileMode -- so a package that writes stray files into the current directory still does so unnoticed. But capture (examples.m2:59-62), which is now the default path for running examples and which settled the sibling row 1-running-examples, runs them in M2's own process, so there is no per-example working directory whose permissions could be changed; doing it to M2's cwd would affect the whole run. M2 already has a blunter form of the idea in the --read-only-files command-line option, which refuses output files globally (stdio.d). The concern is real and acknowledged in passing: examples.m2:147 excludes from capture anything matching temporaryFileName, commented 'this is sometimes bug prone', so examples that make files are already a special case, by exclusion rather than prevention. If revisited, the plausible shape today is running check with cwd set somewhere disposable and diffing it afterwards, rather than an unwritable directory. Searched cache, PRs and gh search issues; #1217 'Running M2 as root' is the only permissions-adjacent open item
bugs/dan/1-scalar-times-matrix-coercion	dan	1	note	11	n/a	fixed			drop	does exactly what the file proposes. For R = QQ[x], S = R[y], f = map(R^2,R^2,matrix{{x,0},{0,1}}) and b = y_S, b*f returns a matrix over S with target and source S^2, and target(b*f) == S ** target f is true; entries are {{x*y,0},{0,y}}, so the R-entries are promoted and scaled. The mechanism is toSameRing (matrix.m2:13-21), called by RingElement * Matrix at :98-100, which promotes whichever side is promotable into the other's ring via isPromotable and errors otherwise. The file's condition that the modules be free is not needed for this to work. 0a494d5f6e (2009-01-24) is where toSameRing appears, its message including 'improve tensor product coercion', and 7a3be96374 and c969a5299c (2024) extended promotion for tensor products; the file is undated in the tree but the google-group exchange it cites puts it around then. #3906 'Constant times matrix fail' is the closed tracker version of the same area
bugs/dan/1-scan-apply-idea	dan	1	note	7	n/a	wontfix			drop	unmet as asked, and the need has a shorter spelling than the proposal. Both transcripts still error identically: scan(5,9,identity) and apply(5,9,identity) give 'expected argument 1 to be a list or sequence'. But apply(5..8, identity) is (5,6,7,8), and .. is how ranges are written throughout M2 -- including the ..< operator this catalog settled as fixed in the previous batch, added at Mike's request in b8246778dd. The overload also carries a real cost: apply(5,f) iterates 0..4, so the first argument would mean 'count' at arity two and 'start' at arity three. The live requests in this family are about what the function may do rather than how the range is given -- #3870 'apply/scan should accept continue' and #4184 'try modifier in apply,select,etc', both open -- and nothing has asked for the two-integer form in seventeen years. Searched cache, PRs and gh search issues
bugs/dan/1-script-option	dan	1	note	6	n/a	fixed			drop	the shebang works. Wrote the file's own two lines -- '#! /usr/bin/M2 --script' then 'print a' -- made it executable and ran it: it executes, and scriptCommandLine is {./foo}. The file's transcript instead shows M2 failing to find ./foo, looking for it in the d/ source directory, which is what a build-tree M2 with an unset prefix would do. Handling is at startup.m2.in:534-546: commandLine#1 == "--script" takes commandLine#2 as the file and puts the rest in scriptCommandLine, with :464 erroring if --script is not first, which is what a shebang guarantees. No fix commit identified -- the failure looks like a 1.2-era build-tree path problem rather than a defect in the option. #234 'M2 --script' is open and about the option's design, not this
bugs/dan/1-search-documentation	dan	1	note	4	n/a	fixed			drop	the system the file says is needed exists. about (help.m2:658, options {Body => false}) searches the installed documentation databases and returns numbered hits across all packages -- about "kernel" lists nodes from Complexes, CpMackeyFunctors and so on -- with Body => true to search node text rather than just keys; apropos (help.m2:639) matches symbol names; help and viewHelp do direct lookup. #774 'master documentation index and search function' is closed and is the tracker's version of this same request. The second sentence, 'Boolean operators in search expressions would be good, too', is half-served rather than met: about takes a regular expression, so alternation gives OR (about "kernel|cokernel"), while AND has no spelling and would need filtering two searches. Left unfiled because the live requests in this area already point at improving search rather than providing it -- #4324 'apropos with fuzzy search' and #4509 'Documentation nodes should be able to declare search aliases', the latter filed from this catalog out of 0-doc-Keywords, whose note records a single term returning 131 hits, which is the case where AND would actually help
bugs/dan/1-select-method	dan	1	note	1	n/a	fixed		#1425	drop	select is a method function and users can add methods to it, which is the whole ask. class select is MethodFunctionWithOptions with eleven methods installed: (select,Thing,Function), (select,BasicList,Function), (select,BasicList,Type), (select,HashTable,Function), (select,Set,Function), (select,String,String), (select,String,String,String), (select,ZZ,Function), (select,ZZ,BasicList,Function), (select,ZZ,HashTable,Function), (select,ZZ,Set,Function). 3dc3352f44 (2020-07-28, #1425) 'allow select to have options, so the regex parameters can be adjusted' is the commit that gave it options; it was already a method by then. #578 and #579, both closed, are about what select means on Sets and HashTables rather than about its dispatch
bugs/dan/1-series-expansion.m2	dan	1	repro	78	pass-partial	wontfix			drop	the useful third of the file was taken into Core; the package it asks for was not, and nothing has asked for one since. recipN at hilbert.m2:12-26 is the file's recip1 verbatim, comments word for word ('n is a positive integer', 'g always has the form 1 plus terms weight 1,2,...,m-1', '1-f*g always has terms of wt m and higher'), sitting under '-- Local utilities', declared with := so file-local, beside a truncatePower helper and used by the Hilbert series machinery at :42 -- so the algorithm runs on every hilbertSeries call but only as private plumbing for that one caller. recip2 (constant unit) and recip (unit times an invertible monomial, using weightRange and exponents for the Laurent case) have no counterpart, and those are precisely the general cases a series package would need. No such package exists; PlaneCurveLinearSeries, SymbolicPowers and QthPower are unrelated. Not filed because a 'write a package' issue with no consumer sits indefinitely -- the README records that shape as why the wishlist files survived twenty-five years -- and the two open series issues would not be closed by it: #974 'Can't take value of a Hilbert series' and #598 'Defect in differentiation of Laurent series' each want a specific fix. Searched cache, PRs and gh search issues for series expansion, power series, recipN, truncatePower
bugs/dan/1-setRandomSeed	dan	1	note	2	n/a	wontfix			drop	the ask is unmet but the need is met, via debug Core, which the maintainer pointed out. setRandomSeed returns the NEW seed, not the previous one, because system.m2:146-148 ends with the assignment 'randomSeed = seed' (commented 'magic assignment, calls rawSetRandomSeed internally'), and randomSeed is not exported -- class randomSeed at top level is Symbol and it is absent from exports.m2. But debug Core is the supported route to private symbols and the round trip works: old = randomSeed (117061313407862), setRandomSeed 12345, setRandomSeed old, back to 117061313407862. It is also less private than the export status suggests, since setRandomSeed-doc.m2:17 names it -- 'Otherwise sets randomSeed to a value based on seed' -- so a reader is told the variable exists, though it has no node of its own. Core does the same save/restore internally with pushvar(symbol randomSeed, ...) and popvar at examples.m2:75 and :122. What remains is ergonomics: debug Core puts Core's whole private dictionary on dictionaryPath to read one integer, with the shadowing costs several rows in this catalog are about -- a cost of debug Core generally rather than of this feature. Changing setRandomSeed's return value would also break callers relying on the present one. Searched cache, PRs and gh search issues for setRandomSeed, randomSeed, previous seed, restore seed: #89, #3800, #978, all closed and about randomness in tests
bugs/dan/1-setting-state	dan	1	note	24	n/a	wontfix			drop	a latent hazard in Core-private code, with the file's own instance gone and no reachable case found. buildPrefix, which the file calls 'exactly the situation', is no longer anywhere in m2/. The mechanism it wished for -- 'Dynamic scoping, as in lisp, has its uses!' -- was built as pushvar/popvar (Core.m2:67-73) and is used at eight sites: inDebugger (code.m2:282), randomSeed and OutputDictionary (examples.m2:75,86), printWidth (format.m2:317 and installPackage.m2:381), currentPackage (installPackage.m2:696), flagInhomogeneity (modules2.m2:136). It does not address the hazard: pushvar(symbol randomSeed, 999) followed by an error leaves randomSeed at 999 and the varstack unbalanced, restored only by an explicit popvar. Core.m2:65 already says '-- TODO: move to the interpreter and make thread-safe'. Not filed because no user-visible instance could be constructed: the most promising live site, installPackage.m2:381 pushing printWidth with two deliberate error calls defined just above it, cannot be reached -- forcing one of those errors with a doc node named "Top" fires at document.m2:699 during package load, before the pushvar, and printWidth came back unchanged at 55. Searched cache, PRs and gh search issues for pushvar, popvar and state-after-interrupt: nothing; #1098 (closed) is about restoring the terminal on SIGSEGV
bugs/dan/1-setup	dan	1	note	1	n/a	wontfix			drop	the effect behind the ask is already delivered, and the residue is cosmetic. setup() (files.m2:488-508) does run unconditionally -- supplantStringFile for ~/.profile-Macaulay2 and ~/.login-Macaulay2, then mungeFile into ~/.bash_profile, ~/.bash_login, ~/.profile or ~/.zprofile, with nothing consulting PATH first -- but the snippet it writes is idempotent: bashtempl (files.m2:405-418) prepends a directory only when the variable does not already contain it, and setup-doc.m2 documents exactly that, 'add the appropriate directory to the front of the environment variable PATH ... unless that directory already occurs in the path'. So no duplicate PATH entry results; what the file objects to is only that the init files get edited when there was nothing new to add. Correcting an earlier claim of mine, that nothing checks PATH: nothing in setup() does, but the written snippet does. The maintainer raised the larger question of whether setup() is obsolete. Evidence against: it is referenced from ov_getting_started.m2:231, ov_editors_emacs.m2:92 and distributions/top/INSTALL.in:80 (which runs ./M2 -e 'setup();exit 0'), and users were hitting it recently enough to file #1061, #1138, #1139, #1460 (all closed 2019-2020) and #1068 (open), with real fixes in 480e0899a4 and 4a66fd9023. Evidence for: its audience is now only people installing from the binary tarball into a private location, since packaged installs put M2 on PATH, and the doc's Caveat is about multi-architecture shared home directories, the same dead scenario that settled 1-profile-init. Retiring setup() would mean deciding those three sets of instructions together, which is larger than this row
bugs/dan/1-setup-announcement	dan	1	note	22	n/a	wontfix			drop	a question rather than a request -- 'should we do something like this?' over IPython's first-run banner -- and the answer is no, for reasons the pasted banner itself supplies. Its distinctive feature is 'Please press <RETURN> to start IPython', a blocking prompt, which is incompatible with the non-interactive uses that now dominate: M2 --script, capture, example generation and CI. IPython abandoned that banner years ago, so the model is gone too. The underlying behaviour is unchanged: setUpApplicationDirectory (called from packages.m2:331) creates ~/.Macaulay2 with init.m2, code/, local/, an index.html and a README on first run, silently -- observed directly while testing Configuration under a redirected HOME two batches ago, where a fresh home acquired the whole tree and the only output came from the package's own Configuration. The need is served more quietly by that README: a user who looks finds an explanation. A non-blocking one-line notice would be the defensible version, but first-run output is exactly what breaks reproducible example output across the ~8500 .out files, and nobody has asked in seventeen years. Searched cache, PRs and gh search issues for first-run banners, applicationDirectory and welcome messages: nothing; #2861 is a package update announcement
bugs/dan/1-setup-emacs	dan	1	note	1	n/a	fixed			drop	the mechanism was declined with a reason and the need met another way, both recorded in the source. files.m2:445-450 has the exec-path fix commented out with the explanation beside it: '-- the exec-path fix is not needed, because we exec the shell and ask it to find M2'. What is in emacsfixes instead is ('PATH', currentLayout#"bin", emacsenvtempl), so ~/.emacs-Macaulay2 sets the PATH environment variable, which is what lets emacs's shell find M2 -- the need in the file's one sentence. #67 '.emacs-Maculay2 may also need to set PATH variable' is the tracker's version of the same point and is closed, consistent with PATH now being set. So this is fixed rather than wontfix: the ask names exec-path, the need is that M2 be findable from emacs, and it is
bugs/dan/1-shadowed-symbols	dan	1	note	22	n/a	fixed			drop	both complaints are gone. The self-shadowing warning in the transcript -- 'symbol fourierMotzkin in FourierMotzkin.Dictionary is shadowed by a symbol in FourierMotzkin.Dictionary', a package shadowing itself, with a fourierMotzkin$0 synonym invented for it -- does not occur. Reproducing it needs a package that is not preloaded, since loadPackage "FourierMotzkin" now refuses with 'package FourierMotzkin not reloaded; try Reload => true'; with Posets and loadPackage(..., LoadDocumentation => true, Reload => true) the only output is ' -- warning: reloading Posets; recreate instances of types from this package', which is the informative warning added by #3852 and credited in this catalog on 1-loadPackage. The second complaint, 'also, the tests didn't run' (check printing nothing in the transcript), is also gone -- check works, as this catalog established on 1-check-inputs where check(0, "Posets") runs 36 tests. #1184 'New notation for shadowed symbols' and #4292 'Stray symbols from packages' are the live open items in this area and neither is this
bugs/dan/1-sheaf-Ideal	dan	1	note	8	n/a	fixed			drop	the ask was granted, and in the shape the file guessed it would be. (sheaf, Ideal) and (sheaf, Variety, Ideal) are both installed -- twelve sheaf methods in all -- and sheaf I for a graded ideal returns a CoherentSheaf. So the file's own reservation was accepted rather than resolved: 'the result should be a sheaf of ideals, not a sheaf of modules; and it seems sort of silly to invent the whole class of sheaves of ideals just so sheaf I will do something. But, why not?' -- no such class was invented, and the result is a sheaf of modules. That is the answer to 'why not', arrived at by doing the cheap half
bugs/dan/1-show-watch	dan	1	note	1	n/a	wontfix			drop	half done, half unrecoverable. show works: methods.m2:721 declares it, four methods are installed -- Hypertext and URL at html.m2:203,208, TEX at latex.m2:334, RawComputation at engine.m2:408 -- and it is exported, writing a hypertext object out and opening it in a browser, or typesetting and viewing TEX. watch has no definition, no export and no mention anywhere in m2/ or d/, and no commit removed one; a git log -S over 'watch' returns only incidental substring hits in unrelated commits. So there is nothing to recover about what it was meant to do -- a display that updates as a value changes, a debugger watchpoint, both are guesses with nothing to anchor them. A four-word file whose remaining half cannot be reconstructed has no closing condition, and inventing one would be filing an ask Dan did not make. Recorded rather than dropped silently so that anyone who knows what watch meant can revive it. #585 'show the back trace in case of a thrown exception in debug mode' is open and uses the word but is about backtraces
bugs/dan/1-singularLocus	dan	1	note	9	n/a	fixed			drop	singularLocus(ZZ[x,y]/(11,x)) no longer returns the spurious (11,x,1)
bugs/dan/1-site-start.el-file	dan	1	note	2	n/a	obsolete			drop	cygwin postinstall and preremove scripts keeping up to 100 backups of site-start.el; those scripts went with M2/distributions/cygwin
bugs/dan/1-slow-gcd	dan	1	note	25	n/a	wontfix			drop	a ratio with no target, and the maintainer's question -- gcd of what? -- is the right one, since the file benchmarks only QQ[a,b]. Measured across rings with operands built outside the timing loop: QQ[a,b] gcd 18.7 us against multiply 3.02 us (6.2x), QQ[t] 19.9 vs 3.12 (6.4x), ZZ/32003[a,b] 14.1 vs 2.19 (6.4x), ZZ 3.0 vs 0.37 (8.2x). So the ratio is uniform rather than specific to the case measured, and it has roughly halved since the file was written (11.7 reported, ~6 now) with nobody aiming at it. What the spread does show is that the cost is overhead rather than algorithm: any polynomial gcd is 14-20 us however trivial, gcd of two 200-digit integers is 4.1 us against 3.0 us for gcd(12,18), and real work scales sensibly -- gcd((a+b)^12,(a-b)^12) is 86 us and a pair sharing a degree-12 factor is 230 us. Not filed because there is no stated criterion for success and no profile establishing the overhead is avoidable; the likely answer, conversion to and from Factory, is architectural. One harness correction worth recording: a first pass showed QQ[t] at 36.7 us, apparently slower with one variable than two, because t+1 was being constructed inside the timed loop -- the anomaly was mine. #321 and #1851 are closed; the one open gcd issue, #4583 from this catalog, is about correctness
bugs/dan/1-smithNormalForm	dan	1	note	44	n/a	fixed			drop	fixed. The 2007 bug was that smithNormalForm returned its argument unchanged with identity change matrices; Mike's matrix over QQ[x] now gives a genuinely diagonal form, D = diag(1, x-1, x^5-3x^4+x^3+3x^2-x-1), with P*A*Q == D verified true, and the divisibility chain 1 | x-1 | x^5-... is the correct Smith convention. Dan's diagnosis in the reply -- that we need QQ[x, MonomialOrder => Position => Up] 'so that every gb is triangular', and that he should enforce it somehow -- is not what the tree records as the resolution; no fix commit is identified. #3017 'smithNormalForm bug' and #940 'smithNormalForm gives incorrect answer (matrix wrong dimensions)' are both closed and are the tracker's versions of this family; #1580 'smithNormalForm test fails on i386' is still open and is about a different thing. Reproducing this needs matrix{{...}} rather than the file's matrix"..." Classic syntax, which does not accept ^
bugs/dan/1-smithNormalForm-msg	dan	1	note	3	n/a	open	#4603		issue	unchanged after seventeen years, message included: smithNormalForm(matrix{{1}}, ChangeMatrix => {true}) still gives 'array index 1 out of bounds 0 .. 0'. The cause is visible from the call -- ChangeMatrix expects a list of two booleans, one per change matrix, and the caller gave one; {true,false} and {false,true} both work, as the sibling row 1-smithNormalForm2 exercises. So a plausible mistake, since {true} is what someone writes wanting only the first change matrix, produces an internal indexing error naming neither the option nor the expected length. The fix is a length check. Worth filing because it is the last live piece of this family: its two siblings in the same batch both came out fixed, the substantive bugs having been dealt with as #3017 and #940, both closed, leaving only the diagnostic. #1580 'smithNormalForm test fails on i386' is the only open smithNormalForm issue and is an architecture problem. Searched cache, PRs and gh search issues for ChangeMatrix and the message text: nothing on option validation
bugs/dan/1-smithNormalForm2	dan	1	note	42	n/a	fixed			drop	the shape bug is gone. The file's complaint is that smithNormalForm(A, ChangeMatrix => {false,true}) returned a 2x2 normal form for a 3x2 input -- 'this normal form doesn't have the right shape!' -- while the other two option settings returned 3x2. Today all three agree: for A = matrix{{-1,1},{1,1},{1,1}} the normal form is matrix{{1,0},{0,2},{0,0}} whether ChangeMatrix is omitted, {true,false} or {false,true}. The divisibility order also improved: the file shows {{2,0},{0,1},{0,0}} and it is now 1 then 2, which is the correct Smith convention. The file's own guess, 'it must be related to the KeepZeroes option', is not corroborated -- no fix commit identified. #3017 and #940, both closed, are the tracker's versions
bugs/dan/1-sort	dan	1	note	3	n/a	open	#4604		issue	two of three clauses unmet, and the measurements are worse than the file's. Interruptability is met: alarm 2 during a 45-second sort interrupts it. The speed clause is not: sorting 50000 equal elements takes 19.96 s against the file's target of .01 s, and pre-sorted distinct input is worse still at 45.73 s, where the same 50000 values shuffled sort in .061 s -- a factor of 750. Quadratic, established by scaling rather than one point: pre-sorted 10000 takes 1.79 s, 20000 takes 7.22 s (4.0x for 2x the data) and 40000 takes 35.7 s (4.9x). Duplication scales the same way: random from 0..99 is .447 s, all-equal is 19.96 s. internalsort is a recursive quicksort at actors3.d:477-509 (sortfun -> basicsort2, setupfun at :535); the pivot is already randomized, 'a := randomint() % b' at :479, which is why random input is fast and why the pre-sorted collapse is surprising -- the naive diagnosis is wrong. A per-call linear shift runs after both recursive calls, 'for k from l+1 to j do sortlist.(k-1) = sortlist.k', which is worth examining, but I did not establish it as the cause and the issue says so. The third clause, tallying duplicates first, would address the 19.96 s case and not the 45.73 s one. List construction was excluded from the timings (toList(0..49999) is .008 s). Searched cache, PRs and gh search issues: #101 and #650 are open and about sort's semantics, not its speed; nothing on complexity
bugs/dan/1-sort-function	dan	1	note	1	n/a	fixed			drop	sort accepts a function: sort({3,1,2}, x -> -x) returns {3,2,1}. The tracker's version, #1154 'feature request: sort accept order function', is closed. Worth recording the semantics, since the file asks for a 'comparison function' and what exists is a key function -- the second argument is applied to each element and the results compared, which is why x -> -x sorts descending rather than being read as a two-argument comparator. That covers the common case and composes with inversePermutation and the rest, and a genuine comparator would be a different signature. #4529, 'sort(List) advertises DegreeOrder and MonomialOrder, which it ignores', is closed and was filed from this catalog
bugs/dan/1-sort-permutation	dan	1	note	3	n/a	wontfix			drop	unmet -- options sort is {DegreeOrder => null, MonomialOrder => Ascending}, with no Permutation -- but the capability is one composition away and nobody has asked in seventeen years. sort(toList(0..#L-1), i -> L#i) returns the permutation, using the key-function form that this same batch recorded as fixed on 1-sort-function; inversePermutation exists as a MethodFunction, so the file's cross-reference target is there, just unreferenced from sort. sortColumns is the precedent for returning an ordering rather than the sorted object, for matrices, which is where the need actually arose. Two notes for anyone revisiting: the one-liner is not discoverable, which is the real gap and would be a documentation fix rather than an option; and a Permutation option would run through the same internalsort that 1-sort is filed against in this batch, so it would inherit the quadratic behaviour on ordered input. Searched cache, PRs and gh search issues: #101 and #650 open on sort semantics, #1154 closed, nothing on permutations
bugs/dan/1-speed-up-random-matrices	dan	1	note	5	n/a	fixed			drop	the ask names fillMatrix and the constant case, and that is what was done. genmat.m2:118-148 now has three paths: all degrees zero goes to randommat, a single rawRandomConstantMatrix call; one non-zero degree goes to basis(deg,R) * randommat, still one bulk fill; only mixed degrees fall through to randomElement := memoize(deg -> ...), which builds entries individually. Measured over QQ[x,y] at 300x300: uniform degree 0 is .148 s, uniform non-zero degree .549 s, three distinct degrees 2.145 s, so the surviving path is about 14x the bulk one. That residue has a reason rather than being an oversight -- fillMatrix produces constants, and a homogeneous entry of degree d must be a random combination of basis(d,R), which differs per degree -- and the code already groups by degree via degreesTally with a memoized generator per degree. Not filed: the request was carried out for the case it named. #3513 'More linear algebra speed issues' is open but about linear algebra over fields rather than matrix generation; #978 and #2360 are closed
bugs/dan/1-spurious-documentation-shadow-warning	dan	1	note	66	n/a	fixed			drop	does not reproduce. Rebuilt the file's setup exactly -- packages Bar and Foo each exporting fff, Foo's documentation containing the cross-package reference TO "Bar :: bbb" -- and installed both: no shadow warning of any kind, where the 2010 transcript shows '--warning: symbol "fff" in Bar.Dictionary is shadowed by a symbol in Foo.Dictionary' firing during installation. The warning would be legitimate in a session with both packages loaded; the file's complaint is that it fired during installPackage, where resolving the cross-reference pulls Bar in behind the scenes, so the user is warned about a collision they did not create. Two adjustments were needed to run it at all, neither affecting the result: installPackage now requires a non-empty Headline in the package and in its nodes ('installPackage: expected non-empty Headline in package Bar'), and the packages need a body for the exported symbol. No fix commit identified; the documentation system was rewritten substantially in #1454 (2020), which removed checkLoadDocumentation and is the likeliest place the incidental load went away. #1184 and #4292 are the live open items on shadowed and stray symbols
bugs/dan/1-stack-protector	dan	1	note	6	n/a	wontfix			drop	a tentative suggestion -- 'Maybe we should turn on this option in the debug mode' -- superseded from both ends. configure.ac carries no -fstack-protector, no _FORTIFY_SOURCE and no hardening flags at all, so it is literally unmet. But release builds get hardened by whoever packages M2: Debian and Ubuntu apply -fstack-protector-strong and -D_FORTIFY_SOURCE=2 through dpkg-buildflags and Fedora through its macros, and GCC on those distributions defaults to -fstack-protector-strong anyway -- which matters more since M2 stopped shipping its own packaging (beeb464469, 6c833cbf0c), so the builds users install are not M2's. And the debug case the file actually names is better served by the sanitizer builds the tree supports: AddressSanitizer catches the same buf[101]=12 and reports the offending write with a location, where -fstack-protector only notices a smashed canary at function return and aborts. Searched cache, PRs and gh search issues for stack-protector, hardening, _FORTIFY_SOURCE and fsanitize: nothing; #573 and #1431 are compiler-compatibility problems
bugs/dan/1-static-linking	dan	1	note	3	n/a	obsolete			drop	the flags the file wants configure to check for are gone. It asks that configure.ac test directly whether gcc's linker accepts 'the flags we're using for static linking', and that d/Makefile.in be fixed and the logic moved to config.Makefile or configure.ac. There is no -static, -Bstatic or equivalent anywhere in configure.ac, Macaulay2/d/Makefile.in or Macaulay2/bin/Makefile.in, so there are no such flags left to check. M2 links dynamically and gets its libraries either from the system or from its own builds under BUILD/; the surviving linking issues in the tracker are about specific libraries -- #460 dynamic linking of givaro, #285 gmp versus mpir, #1737 static boost with CMake -- and all are closed
bugs/dan/1-step	dan	1	note	4	n/a	wontfix			drop	the motivating breakage is gone and the general cost is paid by a deliberate class. step is still a keyword and still unusable as a variable -- class step gives 'unhandled step command' and step := 3 gives 'syntax error at :=' -- but NAG, now NumericalAlgebraicGeometry, contains step only in comments ('-- step control', '-- c = step adjustment coefficient', '-- coefficients for a multistep predictor'), so the package adapted and nothing is blocked. What remains is that step belongs to a small class of parsing keywords declared with special(...) at binding.d:315-320 -- TEST, time, timing, elapsedTime, elapsedTiming, breakpoint -- so converting it is a language change touching all of them rather than a fix for one name. And one of that class earns the form: TEST is a keyword precisely so it knows its own location, which is the mechanism behind #4599, filed from this catalog. #4580, 'for accepts only small integers as loop bounds, and has no by clause', is the adjacent open parsing issue; nothing in the tracker or in comments mentions step
bugs/dan/1-stopping	dan	1	note	14	n/a	fixed			drop	the interpreter level is no longer bumped. Under M2 --stop with stopIfError = false, 1/0 now reports 'stdio:2:1:(3):[1]: error: division by zero' and the next prompt is a normal numbered 'i3 :', where the file's transcript shows the prompt becoming a bare '3 :' -- the level having been pushed and not popped. The bracketed depth in the error is [1] rather than the file's [2], consistent with the level no longer being bumped. No fix commit identified
bugs/dan/1-strange-C-warning	dan	1	note	6	n/a	obsolete			drop	the warning is not strange, and the code it was about is gone. The three lines still warn under gcc today -- 'passing argument 1 of tostrings from incompatible pointer type', 'expected const char ** but argument is of type char **' -- but that is the C standard being enforced rather than a compiler quirk: char** does not convert implicitly to const char**, unlike char* to const char*, because it would let a const char* be stored into the array through the alias. It is a well-known rule (C FAQ 11.10), so the casts were correct and the puzzlement was the premise. And the code is no longer there: environ does not appear in d/M2lib.c at all, so the 'many casts involving environ and others' the file mentions have gone with whatever used them
bugs/dan/1-strange-shadowing	dan	1	note	23	n/a	fixed			drop	does not reproduce. Loading Macaulay2Doc with LoadDocumentation => true and DebuggingMode => true, then loadPackage "IntegralClosure", produces no shadowing output at all, where the transcript shows two warnings about CC' and RR' in Macaulay2Doc.Dictionary being shadowed by Core's private dictionary with 'no synonym is available' -- the last part being the strange bit, since the point of the warning is to offer one. Related to the sibling 1-shadowed-symbols in the previous batch, also fixed. No fix commit identified; the documentation and package loading machinery was rewritten substantially in #1454. #1184 and #4292 are the live open items on shadowed and stray symbols
bugs/dan/1-string-syntax	dan	1	note	3	n/a	wontfix			drop	unmet and not worth the cost. Triple quotes are not a delimiter: zzs = """abc""" gives 'no method for adjacent objects: "abc" (of class String) SPACE "" (of class String)', so it parses as three juxtaposed strings, an empty one either side of a normal one, and /// remains the only verbatim form. The file proposes replacing /// rather than adding an alternative, and /// is load-bearing across Macaulay2Doc and every package that writes documentation, including the doc ///...///  idiom itself, so a replacement is a breaking change across the ecosystem for a syntax preference borrowed from Python. Adding """ alongside would not be free either: "" is a valid empty string and adjacent juxtaposition already gives """" a meaning, so the grammar interaction needs resolving rather than just admitting the token. Nothing in seventeen years has asked. Searched cache, PRs and gh search issues: #537 and #693 closed and about highlighting and a package's own error, #580 open and about hash-table key syntax; nothing on string delimiters
bugs/dan/1-sub-variables	dan	1	note	16	n/a	wontfix			drop	the ask is for tooling to locate a class of usage, and no criterion for it can be stated. The named instance is verbatim unchanged: permanents(ZZ,Matrix) at matrix2.m2:774-784 still builds R1 := ZZ/2[xxX_(1,1)..xxX_(r,c)] and R2 := ZZ[xxX_(1,1)..xxX_(r,c)] separately and bridges them with D1 = substitute(D1,R2), the line the file stars. It works, because the names line up exactly and nothing is omitted. What cannot be done is the file's actual request, 'devise a way to locate such usage': substitute has hundreds of legitimate uses and a name-matching one is distinguishable only by whether source and target were constructed independently, which is a property of the calling context rather than of the call, so grep cannot separate them and neither the file nor I can specify what the tool would look for. Same mechanism as #4602, filed from this catalog today out of 1-ring-maps, where sub between two identically-constructed rings fails once a generator is omitted -- so the hazard the file names is real and now has one tracked instance, just not a way to enumerate the rest
bugs/dan/1-subquotient	dan	1	note	1	n/a	wontfix			drop	six words with no stated semantics, and the readings available are both unsatisfactory. Literally unmet: subquotient has seven methods and none takes two modules -- (Matrix,Matrix), (Matrix,Nothing), (Nothing,Matrix), (Module,Matrix,Matrix), (Module,Matrix,Nothing), (Module,Nothing,Matrix), (Module,Nothing,Nothing) -- and subquotient(N,N) errors. The two candidate meanings: M/N, which already has that spelling and would make the method redundant; or 'generators from M, relations from N', i.e. subquotient(gens M, gens N), which is the reading most consistent with the other signatures, since every existing argument position is a matrix whose image is taken -- but that is a guess about what a six-word note wanted in 2009. Filing either would be inventing the ask. Recorded with both readings so anyone who wants the method has the analysis. Searched cache, PRs and gh search issues: #3960, #246 and #450 are closed and about other subquotient behaviour; nothing asks for this signature
bugs/dan/1-symbol-ring	dan	1	note	12	n/a	fixed			drop	both questions answered, and in the source. 'do we need both of these?' -- monoids.m2:245-248 marks the Ring-first form '-- kept for backwards compatibility' and '-- deprecated', so the recorded answer is no, one is kept for compatibility. 'if we have both, they should share code' -- they now do: Ring _ String, Ring _ Symbol and Ring _ IndexedVariable are all defined together as (M, x) -> x_M, delegating to the Symbol _ Ring form at :238-240, so the lookup logic exists once. Verified which method is installed rather than assumed, since a duplicate of the old body survives at enginering.m2:724: code(symbol _, Ring, Symbol) reports monoids.m2:248, so monoids.m2 loads later and its delegating version wins. That leftover at enginering.m2:724 is dead code, worth removing if anyone is in there
bugs/dan/1-symbolic-algebra	dan	1	note	2	n/a	wontfix			drop	a request for a computer-algebra layer M2 does not have, recorded as one user's wish in two lines with no defect and no specification. What exists is an Expression hierarchy -- Sum, Product, Power, Divide, BinaryOperation, Holder, with hold to build one and expressionValue to evaluate it -- but it exists to render mathematics, being what net, describe and texMath are built on, not to manipulate it: expand is an unbound symbol, expressionValue is Core-private, and nothing simplifies, collects terms or substitutes into an unevaluated expression. M2's answer to symbolic expansion and substitution is to work in an actual ring, where QQ[x,y] gives both with real semantics; the cases that do not fit a ring are exactly the ones a CAS handles and M2 does not. 'Expansion, substitution, etc.' is a project without a boundary, so an issue would have no closing condition. Searched cache, PRs and gh search issues for symbolic algebra, computer algebra, expand and symbolic manipulation: nothing. The adjacent items are #1754, 'Wishlist: Make Expressions work with inequalities', and #4595, filed from this catalog today for not Expression -- both adding operators to Expression, a long way short of a manipulation layer
bugs/dan/1-symbolic-links	dan	1	note	2	n/a	obsolete			drop	avoid symbolic links because firefox cannot follow ones made by a cygwin-compiled program under Windows. No cygwin build remains to make them
bugs/dan/1-symmetricAlgebra	dan	1	note	69	n/a	fixed			drop	both asks in the file's first two lines are met. 'fix symmetricAlgebra so it returns a tower?' -- symmetricAlgebra (S1^3) for S1 = QQ[x] now gives S1[p_0..p_2, Degrees => {3:{1,0}}, Heft => {1,0}, Join => false], whose coefficientRing is QQ[x], which is exactly what the email asks for: 'I would like to change the code so it returns a polynomial ring over the ring of the module given to it, so in this example it would return QQ[x][p_0 .. p_2]', wanted because Proj of it should be over the correct ring. 'fix symmetricAlgebra so it provides a Heft option to the variables' -- Heft => {1,0} is set, and the warning the transcript shows ('some variables have non-positive first component of degree / use Heft option to specify a positive form') no longer appears. No fix commit identified. Related, and still open: #4566 from this catalog, that a SYNOPSIS-built node lists none of its optional arguments, which is about symmetricAlgebra's documentation rather than its behaviour
bugs/dan/1-syntax-error-repeats	dan	1	note	11	n/a	fixed			drop	the file stops loading after one syntax error, which is what the file asks. Wrote a four-line file of nothing but syntax errors ('x = = 1' and so on) and loaded it: exactly one 'syntax error' is reported, where the transcript shows six, one per line. The file's own guess, 'this must be due to a recent change', suggests it was a regression at the time rather than longstanding. No fix commit identified
bugs/dan/1-tally-multiples	dan	1	note	39	n/a	fixed			drop	implemented, as Dan said it would be: 'I like your idea for ZZ * Tally, and I think we'll add it to the next version'. 2 * tally{1,1,2} now returns Tally{1 => 4, 2 => 2}, matching the one-line definition Stephanie Yang proposed in the thread, ZZ * Tally := (n,t) -> applyValues(t, m -> n*m). The file is the email exchange rather than a bug report, so it is a feature request granted. No fix commit identified
bugs/dan/1-tar-file	dan	1	note	5	n/a	wontfix			drop	the two copies are deliberate and serve different purposes -- the maintainer's point, confirmed in the source. The duplication is real and still present: 334 files are byte-identical across /usr/share/Macaulay2/<Pkg>/examples/ and /usr/share/doc/Macaulay2/<Pkg>/example-output/ in 22 packages, about 417 KB. But one is the generated example output the documentation references, and the other is the cached copy shipped with the package source: possiblyCache (installPackage.m2:535-540) copies outf in exampleOutputDir to outf' in exampleDir when CacheExampleOutput => true, logging 'caching example results for ... in ...', and :567-571 reads it back when UseCachedExampleOutput is set and the hash matches, so a rebuild can reuse results rather than re-running examples that may need external programs -- which is also why packages.m2:360 defaults OptionalComponentsPresent from CacheExampleOutput. Worth recording how nearly this was missed in both directions: searching share/doc for a directory named 'examples' returns nothing, because the two trees name them differently (examples versus example-output), so the first check said no duplication; and the second check found it but not the reason. Also note the measurement is of a Debian package rather than the tarball the file is about
bugs/dan/1-tbb	dan	1	note	11	n/a	todo				
bugs/dan/1-tensor-galois-fields	dan	1	note	4	n/a	todo				
bugs/dan/1-tensor-maps	dan	1	note	13	n/a	todo				
bugs/dan/1-tensor-tower-degree	dan	1	note	75	n/a	todo				
bugs/dan/1-test-files	dan	1	note	1	n/a	todo				
bugs/dan/1-testing-book	dan	1	note	35	n/a	todo				
bugs/dan/1-tests-to-fix-next	dan	1	note	27	n/a	todo				
bugs/dan/1-tex-simpledoc	dan	1	note	3	n/a	todo				
bugs/dan/1-texmacs-tab-completion	dan	1	note	15	n/a	todo				
bugs/dan/1-thread-safety-of-mutable-hashtables	dan	1	note	8	n/a	todo				
bugs/dan/1-threads	dan	1	note	20	n/a	todo				
bugs/dan/1-toExternalString-QuotietRing	dan	1	note	16	n/a	todo				
bugs/dan/1-toExternalString-poly-bug	dan	1	note	19	n/a	todo				
bugs/dan/1-toField	dan	1	note	9	n/a	todo				
bugs/dan/1-toField-class	dan	1	note	1	n/a	todo				
bugs/dan/1-toString-net-toSymbol	dan	1	note	21	n/a	todo				
bugs/dan/1-top-components	dan	1	note	60	n/a	todo				
bugs/dan/1-trim-gb-reuse	dan	1	note	9	n/a	todo				
bugs/dan/1-two-letter-names	dan	1	note	31	n/a	todo				
bugs/dan/1-ultimate	dan	1	note	1	n/a	todo				
bugs/dan/1-undoing	dan	1	note	1	n/a	todo				
bugs/dan/1-unevaluated-example-output	dan	1	note	5	n/a	todo				
bugs/dan/1-universal-binaries	dan	1	note	7	n/a	todo				
bugs/dan/1-utime-is-obsolete	dan	1	note	18	n/a	todo				
bugs/dan/1-validate-html	dan	1	note	1	n/a	todo				
bugs/dan/1-value-dictionary-path	dan	1	note	2	n/a	todo				
bugs/dan/1-variable-names-in-degrees-rings	dan	1	note	9	n/a	todo				
bugs/dan/1-variables	dan	1	note	26	n/a	todo				
bugs/dan/1-version-number	dan	1	note	6	n/a	todo				
bugs/dan/1-viewHelp	dan	1	note	21	n/a	todo				
bugs/dan/1-viewHelp-dir	dan	1	note	8	n/a	todo				
bugs/dan/1-virtual-appliance	dan	1	note	12	n/a	obsolete			drop	distribute M2 for Windows as a VMware virtual appliance, the way Sage did in 2008. Sage stopped, the linked modular.math.washington.edu path is long gone, and M2's Windows story is not this
bugs/dan/1-virtual-machines	dan	1	note	1	n/a	todo				
bugs/dan/1-weak-pointers	dan	1	note	28	n/a	todo				
bugs/dan/1-web-site	dan	1	note	7	n/a	todo				
bugs/dan/1-weighted-proj	dan	1	note	11	n/a	todo				
bugs/dan/1-weighted-proj.m2	dan	1	repro	203	pass	todo				
bugs/dan/1-wide-chars-in-filenames	dan	1	note	4	n/a	todo				
bugs/dan/2-CC-tostring	dan	2	note	10	n/a	todo				
bugs/dan/2-Holder	dan	2	note	34	n/a	todo				
bugs/dan/2-NTL	dan	2	note	1	n/a	todo				
bugs/dan/2-SYNOPSIS-doc	dan	2	note	1	n/a	todo				
bugs/dan/2-Smith-normal-form	dan	2	note	27	n/a	todo				
bugs/dan/2-ancestor-arg-order	dan	2	note	3	n/a	todo				
bugs/dan/2-cached-maps	dan	2	note	59	n/a	todo				
bugs/dan/2-check-packages-capture	dan	2	note	7	n/a	todo				
bugs/dan/2-colon-parsing	dan	2	note	13	n/a	todo				
bugs/dan/2-compiling-libgc	dan	2	note	10	n/a	todo				
bugs/dan/2-cygwin-port-report	dan	2	note	15	n/a	obsolete			drop	a 2006 user report of building M2 under Cygwin against a SAGE spkg, needing CPPFLAGS=-D_setmode=setmode. The cygwin distribution was removed in 2021 (51d82cd738)
bugs/dan/2-doc-command-line-options	dan	2	note	1	n/a	todo				
bugs/dan/2-doc-misleading-error-message	dan	2	note	23	n/a	todo				
bugs/dan/2-doc-optional-args	dan	2	note	1	n/a	todo				
bugs/dan/2-document-document	dan	2	note	19	n/a	todo				
bugs/dan/2-document-local-indeterminates	dan	2	note	109	n/a	todo				
bugs/dan/2-documentation-links	dan	2	note	11	n/a	todo				
bugs/dan/2-export	dan	2	note	27	n/a	todo				
bugs/dan/2-gb-LLL-option	dan	2	note	24	n/a	todo				
bugs/dan/2-gpu-nvidia	dan	2	note	49	n/a	todo				
bugs/dan/2-height-balanced-trees	dan	2	note	1	n/a	todo				
bugs/dan/2-help-distraction	dan	2	note	5	n/a	todo				
bugs/dan/2-hom-maps	dan	2	note	28	n/a	todo				
bugs/dan/2-indexedvar-ring	dan	2	note	17	n/a	todo				
bugs/dan/2-info-dir	dan	2	note	2	n/a	todo				
bugs/dan/2-inheritance-search-order	dan	2	note	14	n/a	todo				
bugs/dan/2-installPackage	dan	2	note	12	n/a	todo				
bugs/dan/2-integralclosure-subrings	dan	2	note	830	n/a	todo				
bugs/dan/2-interrupting-system-calls	dan	2	note	27	n/a	todo				
bugs/dan/2-inverse-of-permutation	dan	2	note	3	n/a	todo				
bugs/dan/2-lazy-gb-for-quotient-rings	dan	2	note	9	n/a	todo				
bugs/dan/2-localDictionaries	dan	2	note	7	n/a	todo				
bugs/dan/2-master-doc-index	dan	2	note	4	n/a	todo				
bugs/dan/2-method-doc	dan	2	note	80	n/a	todo				
bugs/dan/2-methodOptions	dan	2	note	5	n/a	todo				
bugs/dan/2-mod-n-class	dan	2	note	3	n/a	todo				
bugs/dan/2-multiple-assignment-improvement	dan	2	note	6	n/a	todo				
bugs/dan/2-mysql-databases	dan	2	note	1	n/a	todo				
bugs/dan/2-net-COMMENT-formatting-bug	dan	2	note	18	n/a	todo				
bugs/dan/2-octopus-port	dan	2	note	42	n/a	todo				
bugs/dan/2-p-adic-numbers	dan	2	note	3	n/a	todo				
bugs/dan/2-pseudocode	dan	2	note	6	n/a	todo				
bugs/dan/2-res-ZZ	dan	2	note	138	n/a	todo				
bugs/dan/2-ringmap	dan	2	note	6	n/a	todo				
bugs/dan/2-same	dan	2	note	40	n/a	todo				
bugs/dan/2-signed-debian-packages	dan	2	note	2	n/a	fixed			drop	settled both ways it could be: M2 is in the Debian and Ubuntu archives, so those packages carry the archive signature, and Doug signs the Debian backports on the M2 website with his own key. Nothing is left for a user to click through
bugs/dan/2-targettypes-vs-stdint	dan	2	note	1	n/a	todo				
bugs/dan/2-toExternalString.m2	dan	2	repro	43	fail	todo				
bugs/dan/2-toc-index-info-doc	dan	2	note	1	n/a	todo				
bugs/dan/2-uninstallPackage	dan	2	note	1	n/a	todo				
bugs/dan/2-various-library-and-code-licenses	dan	2	note	40	n/a	todo				
bugs/dan/2-website-trial	dan	2	note	8	n/a	todo				
bugs/dan/2-wraparound-indices-for-matrices	dan	2	note	37	n/a	todo				
bugs/dan/2-wrapping	dan	2	note	36	n/a	todo				
bugs/dan/3-ReesAlgebra-package	dan	3	note	26	n/a	todo				
bugs/dan/3-RingElement-as-list	dan	3	note	22	n/a	todo				
bugs/dan/3-cons-vs-make	dan	3	note	34	n/a	obsolete			drop	a proposal to consider SCons as a build system. The question was settled the other way: M2 has autotools and CMake, and scons appears nowhere in the tree
bugs/dan/3-errormess-doc.m2	dan	3	repro	22	fail	todo				
bugs/dan/3-inheritance-on-classes-of-output-parameters	dan	3	note	47	n/a	todo				
bugs/dan/3-left-arrow-tag	dan	3	note	12	n/a	todo				
bugs/dan/3-maps-prune-res-trim	dan	3	note	21	n/a	todo				
bugs/dan/3-nullary-methods	dan	3	note	4	n/a	todo				
bugs/dan/3-optargs-hierarchy.m2	dan	3	repro	14	fail	todo				
bugs/dan/3-rational-approximation	dan	3	note	57	n/a	todo				
bugs/dan/3-ring-indexing.m2	dan	3	repro	8	pass	todo				
bugs/dan/3-set==set	dan	3	note	48	n/a	todo				
bugs/dan/3-sockets-fail	dan	3	note	12	n/a	todo				
bugs/dan/4-check-package	dan	4	note	1	n/a	todo				
bugs/dan/4-documentation-documentation	dan	4	note	143	n/a	todo				
bugs/dan/4-pretty-plan	dan	4	note	27	n/a	todo				
bugs/dan/4-res-image.m2	dan	4	repro	107	fail	todo				
bugs/dan/4-stdio-line-numbers	dan	4	note	15	n/a	todo				
bugs/dan/4-wrapping	dan	4	note	32	n/a	todo				
bugs/dan/5-NTL-LLL	dan	5	note	1	n/a	todo				
bugs/dan/5-factoring-by-lifting	dan	5	note	14	n/a	todo				
bugs/dan/5-ringmaps-as-promote	dan	5	note	3	n/a	todo				
bugs/dan/5-string-variable-expansion-feature	dan	5	note	20	n/a	todo				
bugs/dan/6-prune-map	dan	6	note	67	n/a	todo				
bugs/dan/6-tex-M2-filter	dan	6	note	31	n/a	todo				
bugs/dan/7-parens-on-left-side-of-assignment	dan	7	note	19	n/a	todo				
bugs/dan/7-value-of-expressions.m2	dan	7	repro	11	fail	todo				
bugs/dan/8-leadComponent-vs-pivots	dan	8	note	76	n/a	todo				
bugs/dan/9-Seysen-vs-LLL	dan	9	note	12	n/a	todo				
bugs/dan/9-flatness-ZZ.m2	dan	9	repro	69	fail	todo				
bugs/dan/9-gb-transpose-mystery.m2	dan	9	repro	133	fail	todo				
bugs/dan/9-on-hold-ZZ-as-ZZpoly	dan	9	note	32	n/a	todo				
bugs/dan/IDEAS	dan		note	26	n/a	todo				
bugs/dan/M2mem-framepointer-checking-idea	dan		note	126	n/a	todo				
bugs/dan/Makefile	dan		note	2	n/a	todo				
bugs/dan/Option++Option.m2	dan		repro	21	pass	todo				
bugs/dan/allVars	dan		note	10	n/a	todo				
bugs/dan/doc-changes	dan		note	100	n/a	todo				
bugs/dan/fetching-doc-from-another-package	dan		note	7	n/a	todo				
bugs/dan/formatting-TABLEs	dan		note	15	n/a	todo				
bugs/dan/html-validation	dan		note	1	n/a	todo				
bugs/dan/inheritance-and-immutability	dan		note	4	n/a	todo				
bugs/dan/monoid-method-caching-and-use	dan		note	25	n/a	todo				
bugs/dan/outputs-in-doc	dan		note	11	n/a	todo				
bugs/dan/parsing-a-line	dan		note	21	n/a	todo				
bugs/dan/positions-in-source	dan		note	30	n/a	todo				
bugs/dan/self-replicating-program.m2	dan		repro	1	pass	todo				
bugs/dan/skipping-doc-reading	dan		note	9	n/a	todo				
bugs/dan/string-keys-in-rings	dan		note	5	n/a	todo				
bugs/dan/wrapping-subquotients	dan		note	10	n/a	todo				
bugs/gfurnish/TODO	gfurnish		note	130	n/a	todo				
bugs/mike/0-DegreeLimit-and-toField	mike	0	note	36	n/a	todo				
bugs/mike/0-GF-division.m2	mike	0	repro	33	fail	todo				
bugs/mike/0-SkewCommutative	mike	0	note	12	n/a	todo				
bugs/mike/0-adam-boocher.m2	mike	0	repro	77	pass-partial	todo				
bugs/mike/0-basis-with-no-variables	mike	0	note	9	n/a	todo				
bugs/mike/0-bugs-with-de.m2	mike	0	repro	32	fail	todo				
bugs/mike/0-bumped-error-message	mike	0	note	17	n/a	todo				
bugs/mike/0-codim-monomial-ideal.m2	mike	0	repro	12	fail	todo				
bugs/mike/0-crash-denham-bugs.m2	mike	0	repro	47	fail	todo				
bugs/mike/0-curves-g23.m2	mike	0	repro	36	fail	todo				
bugs/mike/0-david-madore-frac.m2	mike	0	repro	19	fail	todo				
bugs/mike/0-discriminant	mike	0	note	32	n/a	todo				
bugs/mike/0-doc-homogenize.m2	mike	0	repro	15	fail	todo				
bugs/mike/0-doc-quotient.m2	mike	0	repro	3	fail	todo				
bugs/mike/0-elimination-ordering	mike	0	note	50	n/a	todo				
bugs/mike/0-empty-monomial-ordering-blocks	mike	0	note	49	n/a	todo				
bugs/mike/0-fgeiss-memleak.m2	mike	0	repro	1370	pass-partial	todo				
bugs/mike/0-fmoore-pfaffians-res-crash.m2	mike	0	repro	40	fail	todo				
bugs/mike/0-fmoore-quotientBug-jan2013.m2	mike	0	repro	57	pass-partial	todo				
bugs/mike/0-frac-bug	mike	0	note	52	n/a	duplicate	#4576		drop	duplicate of #4576, which was filed for the cause while this row was still todo -- triaged out of turn because verifying bugs/dan/1-frac-tower turned it up. The literal transcript no longer reproduces: product l is now 1, not (10t^3-5t^2+t)/t, so the nilpotent denominator the file points at in o5 is gone. The cause is not. frac documents its argument as an integral domain and does not check, because factoryAlmostGood (enginering.m2:335-343) recurses to the bottom of the chain and tests only QQ, ZZ or a GaloisField, never whether a quotient's ideal is prime. In this file's own ring, frac(ZZ[t]/(t^4)): t =!= 0, t^4 == 0, t*(1/t) == 1, and yet (t^4)*(1/t) == 0 while t^3*(t*(1/t)) == t^3 -- the same product grouped two ways. Do not settle this fixed on the symptom
bugs/mike/0-frac-bug.m2	mike	0	repro	5	pass	todo				
bugs/mike/0-free-invalid-pointer-in-res	mike	0	note	26	n/a	todo				
bugs/mike/0-gauss-hermite.m2	mike	0	repro	144	fail	todo				
bugs/mike/0-gcd-doc.m2	mike	0	repro	121	fail	todo				
bugs/mike/0-high-memory-use	mike	0	note	15	n/a	todo				
bugs/mike/0-intclosure.m2	mike	0	repro	13	fail	todo				
bugs/mike/0-jrajchgot.m2	mike	0	repro	15	fail	todo				
bugs/mike/0-kleinberg.m2	mike	0	repro	115	timeout	todo				
bugs/mike/0-lift-realmatrix-ZZ	mike	0	note	4	n/a	todo				
bugs/mike/0-liftable-Matrix	mike	0	note	51	n/a	todo				
bugs/mike/0-memory-problem	mike	0	note	23	n/a	todo				
bugs/mike/0-new-delete	mike	0	note	4	n/a	todo				
bugs/mike/0-primdec.m2	mike	0	repro	54	fail	todo				
bugs/mike/0-primdec2.m2	mike	0	repro	15	pass	todo				
bugs/mike/0-quotient-rings.m2	mike	0	repro	95	pass-partial	todo				
bugs/mike/0-raw-gb-get-matrix	mike	0	note	113	n/a	todo				
bugs/mike/0-rawAlexanderDual	mike	0	note	17	n/a	todo				
bugs/mike/0-rawIdentity-seems-slow	mike	0	note	11	n/a	todo				
bugs/mike/0-rawMonomialIdeal	mike	0	note	10	n/a	todo				
bugs/mike/0-reduction.m2	mike	0	repro	30	pass-partial	todo				
bugs/mike/0-toricHilbertScheme-test-result-changed-mysteriously	mike	0	note	26	n/a	todo				
bugs/mike/0-weyl-homog.m2	mike	0	repro	9	pass	todo				
bugs/mike/00-IrrCharSeries.m2	mike	00	repro	390	fail	todo				
bugs/mike/00-bug-gbZZ13.m2	mike	00	repro	42	pass-partial	todo				
bugs/mike/00-bug-radical	mike	00	note	218	n/a	todo				
bugs/mike/00-charset-wrong.m2	mike	00	repro	26	fail	todo				
bugs/mike/00-debugging-assert-fail-mpir.m2	mike	00	repro	16	pass	todo				
bugs/mike/00-eisenbud-bug-extend.m2	mike	00	repro	291	fail	todo				
bugs/mike/00-factor-crash.m2	mike	00	repro	23	fail	todo				
bugs/mike/00-gcc48-mountainlion.m2	mike	00	repro	128	fail	todo				
bugs/mike/00-isPrime-char2.m2	mike	00	repro	36	pass-partial	todo				
bugs/mike/00-kahle-isPrime.m2	mike	00	repro	23	pass-partial	todo				
bugs/mike/00-rawCharSeries.m2	mike	00	repro	455	timeout	todo				
bugs/mike/00-res-crash.m2	mike	00	repro	87	timeout	todo				
bugs/mike/1-2schreyer-memleak.m2	mike	1	repro	190	pass-partial	todo				
bugs/mike/1-8byte-to-4byte-conversion-warnings	mike	1	note	264	n/a	todo				
bugs/mike/1-GF.m2	mike	1	repro	48	fail	todo				
bugs/mike/1-RR-det.m2	mike	1	repro	71	fail	todo				
bugs/mike/1-Schubert-speed-ups	mike	1	note	13	n/a	todo				
bugs/mike/1-SchurRing-loop	mike	1	note	31	n/a	todo				
bugs/mike/1-ZZ-64ubuntu.m2	mike	1	repro	7	pass	todo				
bugs/mike/1-add-rawEntries-maybe	mike	1	note	24	n/a	todo				
bugs/mike/1-autoreduction	mike	1	note	25	n/a	todo				
bugs/mike/1-baccala-towers.m2	mike	1	repro	257	fail	todo				
bugs/mike/1-basis-fields.m2	mike	1	repro	22	fail	todo				
bugs/mike/1-big-coeffs-in-fractions	mike	1	note	131	n/a	todo				
bugs/mike/1-blundell-frac-fields.m2	mike	1	repro	19	pass	todo				
bugs/mike/1-book-notes.m2	mike	1	repro	211	fail	todo				
bugs/mike/1-bothmer-crash.m2	mike	1	repro	50	fail	todo				
bugs/mike/1-brandy-solve-ex.m2	mike	1	repro	44	fail	todo				
bugs/mike/1-cast	mike	1	note	11	n/a	todo				
bugs/mike/1-crash-entradaM27.m2	mike	1	repro	2208	pass-partial	todo				
bugs/mike/1-det-RR.m2	mike	1	repro	14	fail	todo				
bugs/mike/1-division--ZZ.m2	mike	1	repro	13	pass	todo				
bugs/mike/1-ed-carter-extdecomp.m2	mike	1	repro	241	fail	todo				
bugs/mike/1-ext-slow.m2	mike	1	repro	291	pass-partial	todo				
bugs/mike/1-gb-local-bugs.m2	mike	1	repro	142	fail	todo				
bugs/mike/1-gb-matrix-lift-feature-wanted	mike	1	note	8	n/a	todo				
bugs/mike/1-gc-leak.c	mike	1	note	46	n/a	todo				
bugs/mike/1-hal-negative-hf.m2	mike	1	repro	89	pass-partial	todo				
bugs/mike/1-hermiteLLL-leadTerm	mike	1	note	153	n/a	todo				
bugs/mike/1-integralClosureIdeal.m2	mike	1	repro	151	pass-partial	todo				
bugs/mike/1-interrupts	mike	1	note	23	n/a	todo				
bugs/mike/1-inverses	mike	1	note	31	n/a	todo				
bugs/mike/1-joswig	mike	1	note	178	n/a	todo				
bugs/mike/1-local-bug.m2	mike	1	repro	168	timeout	todo				
bugs/mike/1-localrings.m2	mike	1	repro	95	pass-partial	todo				
bugs/mike/1-mingens-subquotient.m2	mike	1	repro	86	pass-partial	todo				
bugs/mike/1-moty-frac.m2	mike	1	repro	42	fail	todo				
bugs/mike/1-mult-trun	mike	1	note	19	n/a	todo				
bugs/mike/1-non-unit-problem-in-zero-ring	mike	1	note	8	n/a	todo				
bugs/mike/1-overflow	mike	1	note	144	n/a	todo				
bugs/mike/1-overflow-ntuple	mike	1	note	20	n/a	todo				
bugs/mike/1-petrovic-M2busError.m2	mike	1	repro	118	timeout	todo				
bugs/mike/1-prune-ring	mike	1	note	45	n/a	todo				
bugs/mike/1-pushForward1	mike	1	note	17	n/a	todo				
bugs/mike/1-pushforward-functor.m2	mike	1	repro	39	fail	todo				
bugs/mike/1-radical-b.m2	mike	1	repro	99	pass-partial	todo				
bugs/mike/1-radical.m2	mike	1	repro	110	pass	todo				
bugs/mike/1-random-crash	mike	1	note	4	n/a	todo				
bugs/mike/1-res-change-basis	mike	1	note	118	n/a	todo				
bugs/mike/1-res-memleak.m2	mike	1	repro	34	timeout	todo				
bugs/mike/1-res-over-local-ring.m2	mike	1	repro	20	fail	todo				
bugs/mike/1-res-slow-andreic.m2	mike	1	repro	84	timeout	todo				
bugs/mike/1-res-speed-Horrocks-Mumford-2.m2	mike	1	repro	98	fail	todo				
bugs/mike/1-ringmap	mike	1	note	46	n/a	todo				
bugs/mike/1-sam-crash-SchurFunctors.m2	mike	1	repro	455	fail	todo				
bugs/mike/1-schenck-os.m2	mike	1	repro	116	pass-partial	todo				
bugs/mike/1-schreyer-memleak.m2	mike	1	repro	66	pass-partial	todo				
bugs/mike/1-slow-division	mike	1	note	62	n/a	todo				
bugs/mike/1-slow-syz.m2	mike	1	repro	34	fail	todo				
bugs/mike/1-space-measurement	mike	1	note	3	n/a	todo				
bugs/mike/1-support-for-matrices	mike	1	note	7	n/a	todo				
bugs/mike/1-test-files.m2	mike	1	repro	37	fail	todo				
bugs/mike/1-uli-codim-ZZ.m2	mike	1	repro	62	fail	todo				
bugs/mike/1-warnings	mike	1	note	25	n/a	todo				
bugs/mike/1-weibel.m2	mike	1	repro	73	fail	todo				
bugs/mike/1-yang-2nd.m2	mike	1	repro	55	fail	todo				
bugs/mike/1-yang-2nd.txt	mike	1	note	62	n/a	todo				
bugs/mike/1-yang-gb-examples-email.eml	mike	1	note	626	n/a	todo				
bugs/mike/1-yang-gb-examples.m2	mike	1	repro	162	fail	todo				
bugs/mike/1-yang-gb-examples.txt	mike	1	note	52	n/a	todo				
bugs/mike/1-yang-slow-subring.m2	mike	1	repro	183	pass-partial	todo				
bugs/mike/1-yang.sing	mike	1	note	116	n/a	todo				
bugs/mike/2-090422-Herzog.m2	mike	2	repro	28	fail	todo				
bugs/mike/2-doc-changes	mike	2	note	32	n/a	todo				
bugs/mike/2-doc-stopping-conditions	mike	2	note	1	n/a	todo				
bugs/mike/2-intersect-degreelimit.m2	mike	2	repro	34	pass-partial	todo				
bugs/mike/2-lift-realmatrix-ZZ	mike	2	note	4	n/a	todo				
bugs/mike/2-minpres-tests.m2	mike	2	repro	416	pass-partial	todo				
bugs/mike/2-monomial-overflow.m2	mike	2	repro	24	fail	todo				
bugs/mike/2-slow-mult	mike	2	note	71	n/a	todo				
bugs/mike/3-andersbuch-subring.m2	mike	3	repro	131	pass-partial	todo				
bugs/mike/3-big-syz-aknaton	mike	3	note	474	n/a	todo				
bugs/mike/3-primary-decomposition.m2	mike	3	repro	38	timeout	todo				
bugs/mike/3-res-degreelimit.m2	mike	3	repro	69	pass	todo				
bugs/mike/5-ataylor.m2	mike	5	repro	225	pass-partial	todo				
bugs/mike/5-bermejo.txt	mike	5	note	1781	n/a	todo				
bugs/mike/5-localgb-slow-tmp.m2	mike	5	repro	44	fail	todo				
bugs/mike/5-localgb-slow.m2	mike	5	repro	60	fail	todo				
bugs/mike/5-monomials.m2	mike	5	repro	7	pass	todo				
bugs/mike/5-mutablemat.m2	mike	5	repro	41	fail	todo				
bugs/mike/5-rawFFLU.m2	mike	5	repro	14	pass	todo				
bugs/mike/5-res-bench.m2	mike	5	repro	194	timeout	todo				
bugs/mike/5-res-options.m2	mike	5	repro	103	fail	todo				
bugs/mike/5-topCoefficients-crash.m2	mike	5	repro	3	fail	todo				
bugs/mike/6-res-bigdegree.m2	mike	6	repro	8	timeout	todo				
bugs/mike/7-test-lapack.m2	mike	7	repro	395	fail	todo				
bugs/mike/9-optimization-ideas	mike	9	note	76	n/a	todo				
bugs/mike/Makefile	mike		note	4	n/a	todo				
bugs/mike/PROJECTS	mike		note	69	n/a	todo				
bugs/mike/ReesAlgebra2.m2	mike		repro	1442	fail	todo				
bugs/mike/bench-1-rees.m2	mike		repro	17	fail	todo				
bugs/mike/bench-assoc34.m2	mike		repro	146	fail	todo				
bugs/mike/bench-assoc34.sing	mike		note	6	n/a	todo				
bugs/mike/bench-implicit.m2	mike		repro	14	timeout	todo				
bugs/mike/debugging-singular-code	mike		note	110	n/a	todo				
bugs/mike/decompose5.m2	mike		repro	46	pass	todo				
bugs/mike/decompose6.m2	mike		repro	29	pass	todo				
bugs/mike/det-bug-from-ggsmith.m2	mike		repro	14	pass	todo				
bugs/mike/devel-0-bernd-comaximalminors.m2	mike		repro	41	pass-partial	todo				
bugs/mike/devel-1-f4.m2	mike		repro	190	fail	todo				
bugs/mike/devel-1-fracgb.m2	mike		repro	225	fail	todo				
bugs/mike/devel-2-toricgb.m2	mike		repro	32	fail	todo				
bugs/mike/devel-f4-eg1.m2	mike		repro	53	pass	todo				
bugs/mike/devel-gb-walk.m2	mike		repro	305	pass-partial	todo				
bugs/mike/example-freitag.m2	mike		repro	36	fail	todo				
bugs/mike/gb-test-examples-2.m2	mike		repro	40	fail	todo				
bugs/mike/gb-test-examples.m2	mike		repro	178	pass	todo				
bugs/mike/gbB-refactor-gb/GameOfLife.m2	mike		repro	158	pass-partial	todo				
bugs/mike/gbB-refactor-gb/GameOfLifeSimple.m2	mike		repro	192	pass-partial	todo				
bugs/mike/gbB-refactor-gb/gb-elim-examples.m2	mike		repro	104	pass	todo				
bugs/mike/gbB-refactor-gb/gb-one-minute.m2	mike		repro	380	fail	todo				
bugs/mike/gbB-refactor-gb/gb-random-18.m2	mike		repro	214	fail	todo				
bugs/mike/gbB-refactor-gb/gb-simple-tests.m2	mike		repro	245	pass-partial	todo				
bugs/mike/gbB-refactor-gb/master-f4	mike		note	132	n/a	todo				
bugs/mike/gbB-refactor-gb/run-gb-elim-examples.m2	mike		repro	52	pass-partial	todo				
bugs/mike/gbB-refactor-gb/run-gb-one-minute.m2	mike		repro	47	fail	todo				
bugs/mike/git-468-memory-leak.m2	mike		repro	143	pass-partial	todo				
bugs/mike/git-issue-1742.m2	mike		repro	53	fail	todo				
bugs/mike/git-issue-190.m2	mike		repro	192	fail	todo				
bugs/mike/git-issue-568-569.m2	mike		repro	29	fail	duplicate	#568 #569		drop	both issues are still open
bugs/mike/git-issue-xxx-slow-res.m2	mike		repro	34	fail	todo				
bugs/mike/git-issue146.m2	mike		repro	115	pass-partial	todo				
bugs/mike/git-issue203-quotient-over-integers.m2	mike		repro	27	fail	fixed	#203	172cdeff22	drop	the quotient assert passes; autorun=fail comes from later API drift
bugs/mike/git-issue242-243-244.m2	mike		repro	142	fail	todo				
bugs/mike/git-issue291.m2	mike		repro	19	fail	duplicate	#291		drop	#291 is still open
bugs/mike/git-issue316.m2	mike		repro	153	pass-partial	todo				
bugs/mike/git-issue359.m2	mike		repro	9	pass	fixed	#359		drop	rank assert passes; worth promoting to tests/normal
bugs/mike/git-issue370.m2	mike		repro	37	fail	fixed	#370	0ae5b6eb19	drop	substitute no longer crashes, and lift(v_1,RR_53) now works
bugs/mike/git-issue473.m2	mike		repro	4	fail	fixed	#473	0ae5b6eb19	drop	sub(C,QQ) raises a clean error instead of a SIGSEGV
bugs/mike/git-issue475-openblas.m2	mike		repro	88	fail	todo				
bugs/mike/git-issue56.m2	mike		repro	13	fail	fixed	#56	ff7473fb87	drop	'unknown engine error' is now a specific not-implemented message
bugs/mike/git-issue604.m2	mike		repro	4	pass	duplicate	#604		drop	#604 is still open
bugs/mike/gor-tests.m2	mike		repro	1910	pass-partial	todo				
bugs/mike/goren.m2	mike		repro	60	pass-partial	todo				
bugs/mike/intersect.m2-hold	mike		note	32	n/a	todo				
bugs/mike/localgb.m2-hold	mike		note	43	n/a	todo				
bugs/mike/localgb.sing	mike		note	27	n/a	todo				
bugs/mike/mike-notes	mike		note	53	n/a	todo				
bugs/mike/monorder.sing	mike		note	62	n/a	todo				
bugs/mike/new-mathic.m2	mike		repro	25	fail	todo				
bugs/mike/oneStep3.m2	mike		repro	39	fail	todo				
bugs/mike/playing-Graphics.m2	mike		repro	59	fail	todo				
bugs/mike/roots.m2	mike		repro	81	fail	todo				
bugs/mike/run-gb-test-examples.m2	mike		repro	48	fail	todo				
bugs/mike/svn-notes	mike		note	56	n/a	todo				
bugs/mike/test-dmat.m2	mike		repro	51	fail	todo				
bugs/mike/test-flint.m2	mike		repro	256	fail	todo				
bugs/mike/test-gbZZ.m2	mike		repro	21	fail	todo				
bugs/mike/test-memleaks-mutablemat.m2	mike		repro	14	pass	todo				
bugs/mike/test-monordering.m2	mike		repro	29	fail	todo				
bugs/mike/test-pivots.m2	mike		repro	46	fail	todo				
bugs/mike/wish-betti-numbers.m2	mike		repro	200	fail	todo				
bugs/mike/wish-ragnar.m2	mike		repro	35	pass-partial	todo				
