issue	created	updated	author	comments	type	labels	repro	run	title	verdict	dup	settype	settitle	addlabels	rmlabels	action	note
9	2013-03-06	2026-08-14	mikestillman	0	Task	Engine,Linear Algebra	prose	n/a	change class templates to function templates	stands		Task		Linear Algebra			internal C++ design ask: how to organize linear-algebra templates over mutable matrices; no reproducer, nothing to test. Retyped Feature->Task
44	2013-06-14	2026-08-14	mikestillman	3	Bug	Engine	prose	n/a	minimalPresentation for modules over ZZ	reproduces		Bug		Engine	bug		minimalPresentation ker f does not finish in 100s on 1.26.06 -- worse than reported; trim path still the workaround. 'bug' label dropped in favour of type Bug
58	2013-10-28	2026-08-14	DanGrayson	13	Bug	Core,WeylAlgebras	transcript	differs	quotient of a Weyl algebra by a left ideal	reproduces		Bug		Core	under discussion		still no error forming W/ideal dx: dx_A*x_A = 0 while (dx*x)_A = 1. Missing guard is m2/quotring.m2:171, which GBs and calls rawQuotientRing without asking isWeylAlgebra -- available at rings.m2:64 and already used at quotring.m2:28. 'under discussion' applied 2020 by mahrud replacing 'just do'; last actual comment 2013-11-04
62	2013-11-19	2026-08-14	antonleykin	4	Bug	Interpreter	m2	syntax	overriding methods implemented internally	stands		Bug		Interpreter			retyped Feature->Bug. toList became a method in 8c4655f (#2433, 2022); reverse drop take join splice hash still CompiledFunction and still accept a method assignment that fails at use
69	2014-01-07	2026-08-14	DanGrayson	0	Bug	Interpreter	transcript	differs	additivity of timing	reproduces		Bug		Interpreter			still non-additive on 1.26.06: inner sum 9.32s vs outer 19.73s, the same ~2x the report shows
72	2014-01-09	2026-08-14	crgibbons	2	Task	Documentation	prose	n/a	"decompose" is a synonym for "minimalPrimes"	stands		Task		Documentation		comment	behaviour unchanged since 1997 and staying; decompose was the ORIGINAL name, aliased to minimalPrimes in 119f3cdd (2006) and un-aliased in 661998a0 (2008) after bugs/dan/0-confusing-synonyms. Docs contradict themselves: shared.m2 calls it a general verb, MinimalPrimes/doc.m2 calls it a synonym
73	2014-01-10	2026-08-14	mikestillman	0	Feature	Engine	prose	n/a	monomial ordering matrices	stands		Feature		Engine			monomialOrderMatrix and monomialOrderFromMatrix are still not defined; rawMonomialOrderingToMatrix is still unexposed
74	2014-01-11	2026-08-14	nilten	4	Feature	Engine,seeking a volunteer	prose	n/a	Efficient calculations in special Artinian rings	stands		Feature		Engine,seeking a volunteer			no special representation for K[x]/m^n; Dan (2014, 2016) says it needs engine C++ work and nobody has taken it -- author pinged twice, Dan declined both times
94	2014-02-09	2026-08-14	sacsar	2	Bug	Engine,Gröbner bases	transcript	differs	mingens fails for ideals with generators of degree 0	reproduces		Bug		Engine,Gröbner bases			still 9 generators from mingens where the 4 of J generate the same ideal (I == J true) on 1.26.06. #88, cited in the body, was closed completed in 2015 and did not fix this
101	2014-02-28	2026-08-14	kroner	2	Bug	Core,Documentation	transcript	differs	sort(List) MonomialOrder option	reproduces		Bug		Core,Documentation			sort(L, MonomialOrder=>Descending) still identical to plain sort; m2/lists.m2:216 'sort List := opts -> internalsort' binds opts and drops it, and help(sort,List) still advertises both options. Dan filed the same thing as bugs/dan/0-sort-doc in 2010; the bugs/ sweep already commented here 2026-08-04
104	2014-03-02	2026-08-14	jakobkroeker	0	Feature	Core	prose	n/a	proposed feature: support for getting the saturation exponent	stands		Feature		Core			saturate options are still only Strategy/BasisElementLimit/DegreeLimit/MinimalGenerators/PairLimit -- no way to obtain the saturation exponent. m2/quotient.m2
105	2014-03-02	2026-08-14	jakobkroeker	1	Task	Core,Documentation	prose	n/a	maybe ‘mingens’ could give an error in the inhomogeneous case	stands		Task		Core,Documentation		comment	recast as documentation + signature work. Behaviour is correct as far as testable (300 random + 3 constructed cases all minimal; doc's own example hits the true minimum 6). mingens-doc.m2 documents the outcome but promises less than delivered. Erroring would break IntegralClosure (454 of 460 inhomogeneous mingens calls across 4 check suites) and isHomogeneous is the wrong test anyway -- false over a LocalRing where mingens is legitimate. Plus: Strategy=>Inhomogeneous is inert for mingens (a real branch only in trim, matrix2.m2:245/275) and mingens accepts an unrecognized Strategy where trim errors
113	2014-03-05	2026-08-14	mikestillman	6	Bug	Core	m2	different-error	bad behavior (bug): substitute using a matrix of values	stands		Bug		Core		comment	partly addressed, core asks unmet. sub(m,matrix{{1}}) no longer returns a wrong value -- it errors 'cannot map rational to this ring' at m2/ringmap.m2:187 -- but Mike asked for matrix{{1/2}}, and both 'should give an error' asks are untouched: map(ZZ,R,{1}) and map(RR_53,S,{1}) still construct
114	2014-03-14	2026-08-14	antonleykin	2	Bug	Documentation	transcript	differs	bug: standardPairs	reproduces		Bug					output byte-identical to 2014: 1 indexes three of the five pairs. standardPairs-doc.m2:26 states condition 3 as 'the pairs index disjoint sets of monomials', which the output violates; Anton (2015) says the doc should match condition 3 on p.84 of the M2 book. Documentation label already correct
131	2014-05-12	2026-08-14	jimmathews	3	Task	Documentation	prose	n/a	Order of entry multiplication for matrix multiplication	stands		Task		Documentation			behaviour is deliberate and documented: ov_modules.m2:68 says matrices over R are really matrices over R'. Dan's actionable aside -- 'There should be more links to that page' -- is still true: 2 inbound links, and nothing in the SkewCommutative docs, which is where this reporter was
133	2014-05-25	2026-08-14	DanGrayson	2	Task	Core	transcript	differs	error message for ker(RingMap)	stands		Task		Core		comment	message did change -- now 'kernel: no method implemented for this type of ring map' -- but the ask to name the cause (coefficients not a field) is open, and fragandi offered wording on 2026-05-20 and got no reply. Same reproducer as #1518, which asks for the feature rather than the message; not a duplicate
143	2014-06-17	2026-08-14	DanGrayson	6	Bug	threads	m2	clean	parallel performance in threads and tasks	reproduces		Bug				comment	measured on 1.26.06, 4 tasks, allowableThreads=5: non-allocating work (spin) gets 4.0x, a perfect speedup; allocating work gets 1.78x of a possible 4.0x. The issue's own control -- same shape of workload with and without garbage -- still separates them, so this is GC serialization rather than a slow computation. threads label already correct
145	2014-06-24	2026-08-14	DanGrayson	1	Feature	Core	transcript	different-error	getWWW should time out	reproduces		Feature		Core			no timeout logic in m2/http.m2 at all: getWWW on unroutable 203.0.113.1 was still blocked at 20s where Dan asked for 2. mahrud said #1860 would resolve it; #1860 is still open, as are #4179 and #663 -- a getWWW/get family, but each a different ask
150	2014-07-02	2026-08-14	DanGrayson	1	Bug	Core	prose	n/a	dual modules over non-commutative rings	stands		Bug		Core			the bugs/ sweep already commented here 2026-08-13 with the current consequences: Ext and Tor are guarded off over noncommutative rings in five places while Hom, the one this issue says needs an antiautomorphism, has no guard at all
157	2014-07-30	2026-08-14	kschwede	6	Bug	Core	prose	n/a	improving trim	reproduces		Bug		Core		comment	worse than reported: J^3 in QQ[y,z]/(1+y^3+z^3) has 4 given generators, trim returns 5 -- trim made it worse -- while ideal gens gb gives the single generator (z+1), and J^3 == ideal(z+1) is true. Same family as #105: mingens/trim on inhomogeneous input
158	2014-07-30	2026-08-14	kschwede	0	Bug	Core	prose	n/a	isNormal for non-equidimensional rings	reproduces		Bug		Core			isNormal R is still false for R = QQ[x,y,z]/(x*(x+1),y*(x+1)); minimalPrimes are ideal(x+1) and ideal(y,x), a plane and a line, so R is non-equidimensional exactly as described. Body's underscores are markdown mangling of *
175	2014-09-19	2026-08-14	DanGrayson	1	Task	threads	prose	n/a	Thread safety	stands		Task					long-term project note, still live: mahrud added a 2025-07-05 checklist (??= locking, augmented assignment, database writes). This is the parent mechanism for #151 and #143 -- mpfr storing libgc pointers in thread-local storage the collector cannot see. threads label already correct
187	2014-11-04	2026-08-14	DanGrayson	1	Task	Documentation,build issue	prose	n/a	installing packages in parallel	stands		Task		build issue			still unimplemented: mahrud's 2020 suggestion was to make install-info a separate step run only by the install target. Related and open: #4554, #4587. Keeping Documentation (the subject is the info dir) and adding build issue (the defect is a make -j race)
212	2015-01-24	2026-08-14	DanGrayson	2	Task	build issue	prose	n/a	separate debug info file for gdb	stands		Task		build issue		comment	Makefile.in still splits debug info without teaching gdb to find it; mahrud (2020) notes newer gdb uses standard directories, which may make this moot -- unverified
234	2015-05-06	2026-08-14	DanGrayson	3	Bug	build issue	prose	n/a	M2 --script	reproduces		Bug		build issue		comment	confirmed platform split. macOS Tahoe/M5/Homebrew: execve gives ENOEXEC and the shell falls back to running the .m2 as /bin/sh ('stderr: command not found', 127). Linux 6.8 resolves it kernel-side. Workaround confirmed on BOTH: shebang M2-binary directly, since it is a real executable and the wrapper is redundant (env -u LD_LIBRARY_PATH M2-binary --version works). Comment lays out doc-only / compiled shim / drop-the-wrapper with trade-offs
241	2015-05-14	2026-08-14	jakobkroeker	3	Task	build issue	none	n/a	'plethysms.m2' test times out on my vm (the test takes 1500 sec), limit is 1000	stands		Task		build issue			Dan's proposed remedy -- a configure option for tests/slow, default no -- was never added: slow is still in SUBDIRS in Macaulay2/tests/Makefile.in. Did not reproduce the 1500s: ran 123s under --script before erroring on an unrelated == comparison, so the timing here is not clean
247	2015-05-21	2026-08-14	jakobkroeker	13	Feature	build issue,stale	shell	n/a	separate run script in environment-setting and M2-binary call:	stands		Feature		build issue			no M2.sh/M2.run split: /usr/bin/M2 is still one 560-byte wrapper that sets LD_LIBRARY_PATH and execs M2-binary. stale label applied 2020 by mahrud, 5 years after the last comment -- accurate, unlike under discussion on #58, so left alone
248	2015-05-21	2026-08-14	jakobkroeker	6	Task	build issue,stale	prose	n/a	automate as much as possible tests from '0-final-checks-before-distribution'	stands		Task				comment	the automation ask is unmet, but half the subject is settled: the bugs/ sweep verified 0-final-check-interactive-input-behaviour as fixed under a pty with expect, citing #813 and #820, and 0-final-checks-before-distribution was already gone before the 2024 removal so it is not in catalog.tsv. build issue and stale labels both already correct
252	2015-05-22	2026-08-14	DanGrayson	0	Task	Core	prose	n/a	minimalPresentation	stands		Task		Core			retyped Feature->Task. still asymmetric: minimalPresentation Module caches in M.cache, Ring sets R.minimalPresentationMap directly
254	2015-05-25	2026-08-14	DanGrayson	4	Feature	Core	opaque	n/a	names for maps	stands		Feature		Core		comment	only coverMap exists, which Dan noted already existed in 2015; kernelMap cokernelMap imageMap coimageMap superMap cosuperMap trimMap are all still undefined. doubleDualMap and pruneMap do exist, but in packages (Divisor, CompleteIntersectionResolutions, DGAlgebras and others), not Core
256	2015-05-28	2026-08-14	DanGrayson	3	Bug	Core	prose	n/a	quotient and ChangeMatrix	reproduces		Bug		Core		comment	reproduces: f // gb g gives map(R^0,R^1,0) while f // g and f // gb(g,ChangeMatrix=>true) both give the correct matrix{{x},{0}}, and f % g == 0 so f is in the image. Answers mahrud's unanswered 2024 question
257	2015-05-28	2026-08-14	DanGrayson	0	Task	Core	prose	n/a	remainder(Matrix,Matrix)	stands		Task		Core			a note-to-self from Dan, 0 comments, never acted on. #4539 shares vocabulary but is a documentation link issue, not this
269	2015-05-30	2026-08-14	reamesb	1	Feature	Core	prose	n/a	Diff does not work in fraction field	reproduces		Feature		Core			still errors: diff_x (1/x^3) gives 'expected a polynomial ring', and diff over frac R or frac QQ[t1,t2,t3] likewise. Dan's own example in the thread reproduces verbatim
273	2015-05-30	2026-08-14	DanGrayson	1	Task	Core	transcript	same-output	verbosity verbosity	reproduces		Task		Core			apropos 'Verb' still gives {Verbose, Verbosity}, byte-identical (run=same-output). Dan decided in 2019 to eliminate Verbosity, but it is now used 61 times in IntegralClosure and 13 in MinimalPrimes, so it is a refactor rather than a rename
278	2015-06-02	2026-08-14	DanGrayson	0	Task	Core	prose	n/a	gb trim M	stands		Task		Core			still commented out at m2/matrix2.m2:257-272 with the same explanation Dan quotes. Same root cause as #256: the gb cache does not record whether a change matrix was computed
279	2015-06-02	2026-08-14	DanGrayson	2	Task	Core	prose	n/a	Verbose with installPackage	stands		Task		Core			partly done: installPackage.m2:679 and :731 now test opts.Verbose or debugLevel, but :323, :716 and :811 still key on debugLevel alone (> 10, > 5, > 1)
283	2015-06-03	2026-08-14	DanGrayson	3	Feature	Core	transcript	differs	factoring constants	reproduces		Feature		Core			factor(6*x^3) still gives (x)^3*(6) over ZZ -- content unfactored -- while factor 6 alone gives 2*3. Mike's 2015 complexity objection (huge integer content) is unanswered
292	2015-06-05	2026-08-14	jakobkroeker	6	Feature	Engine,Gröbner bases	m2	different-error	local Gröbner bases over ZZ are not implemented (minimalization step)	fixed		Feature	local Gröbner bases over ZZ are not implemented (minimalization step)	Engine,Gröbner bases		comment	the real tracker for the family. Mike here: 'completes the GB internally, then hangs during minimalization... local ring computations over ZZ are not implemented... Eventually, we should add this'. No longer hangs -- errors at Core/gb.m2:160 per the guard agreed in this very thread
293	2015-06-05	2026-08-14	jakobkroeker	0	Feature	Gröbner bases	prose	n/a	nice to have: standard bases for local rings	stands		Feature		Gröbner bases			broader than the ZZ family: standard bases for local rings over any field, as an alternative to Singular std(). Not the #292 gap. 0 comments in 11 years
300	2015-06-09	2026-08-14	DanGrayson	0	Task	Core	transcript	differs	too much stored in cache tables?	reproduces		Task		Core			byte-identical to 2015: M === N true, M^[1] === N^[1] false, and the matrices genuinely differ (2x3 vs 1x3). Dan's design question -- should cacheTable contents that affect behaviour be moved out -- is unanswered, 0 comments in 11 years
309	2015-06-14	2026-08-14	DanGrayson	1	Feature	Infrastructure	prose	n/a	benchmarks	stands		Feature		Infrastructure			partly there: installPackage.m2:574 wraps captureExampleOutput in elapsedTime, so examples ARE timed. What Dan asked for and is missing is the logging and automatic regression detection. The timing-quotient.m2 he linked is gone from that path
330	2015-08-13	2026-08-14	mikestillman	2	Task	Documentation	transcript	syntax	Segre class formula needs projectiveBundle', not projectiveBundle -- undocumented	not-a-bug		Task	Segre class formula needs projectiveBundle', not projectiveBundle -- undocumented	Documentation		comment	not a defect: reproduces byte-identically, and jmokland's 2015 remark is confirmed -- segre F equals the pushforward under projectiveBundle' (quotients) but not projectiveBundle (subs). Each convention is documented on its own page; the interaction is not, and segre's own dual is provisional per its doc. Kept open as a doc task
332	2015-08-24	2026-08-14	DanGrayson	0	Bug	Core	transcript	differs	"replace" doesn't respect unicode	reproduces		Bug		Core			replace still operates on bytes: replace("_(.)","<sup>\\1</sup>","a_pi") splits the two-byte UTF-8 pi, giving a<sup>?</sup>?. utf8 of the same string correctly gives {97,95,960}, so M2 knows it is 3 characters
350	2015-11-02	2026-08-14	craicu	3	Bug	Core	transcript	syntax	Kernel of a homomorphism of modules over different rings	stands		Bug		Core			half fixed. Dan said 'both aspects': target QQ[] now works (ker g = image matrix {{x}}, was 'assertion failed'), target QQ still errors 'no coefficient ring present' at rings.m2:56
364	2016-01-19	2026-08-14	antonleykin	3	Bug	Core	opaque	n/a	copy MutableMatrix	reproduces		Bug		Core			copy A still aliases: editing the copy sets A_(0,0) to 99. Dan's workaround mutableMatrix matrix A does deep-copy (original stays 1). His 2016 diagnosis holds -- MutableMatrix IS a HashTable, and copy duplicates the table while the raw pointer inside is shared
386	2016-03-25	2026-08-14	tom111	0	Feature	Core	m2	different-error	Extend factorization to polynomials with more general coefficients.	stands		Feature		Core			factorization itself now works over a fraction-field coefficient ring: factor(x1^2-k1^2) over frac(QQ[k1,k2])[x1,x2] gives (-x1+k1)*(x1+k1)*(-1). What the reporter actually wanted, primaryDecomposition, still errors
419	2016-05-05	2026-08-14	DanGrayson	1	Feature	Core	transcript	syntax	copyDirectory fails on read-only files.	stands		Feature		Core			the bugs/ sweep already commented 2026-08-06 locating the same failure one level down in copyFile, which is where the suggested option would have to live
431	2016-05-10	2021-11-19	DanGrayson	1		Documentation	opaque	n/a	relative links between documentation files	stands		Bug		Core			the idiom Dan flagged is still in use: replace("PKG","Style",currentLayout#"package") at Macaulay2Doc/changes.m2:3. Documentation label already correct
440	2016-05-23	2024-07-21	DanGrayson	0		build issue,stale	prose	n/a	standard make targets	stands		Task					partly there: install, dist, check, clean, distclean all exist in M2/Makefile.in. Still missing from the GNU list Dan linked: uninstall, distcheck, installdirs, TAGS. build issue and stale labels both correct
453	2016-05-26	2026-04-02	DanGrayson	11		build issue,stale	opaque	n/a	reducing recompilation	stands		Task					unchanged: configure.ac:10 still does AC_DEFINE_UNQUOTED(CONFIG_ARGS,...), so every configure-argument change still rewrites config.h and recompiles e/. Dan in 2020: 'Yes, it's a lot of work.' build issue and stale both correct
456	2016-05-26	2016-05-26	bstone	1			transcript	reproduces	code(method) does not give code for the method	reproduces		Feature		Core			code Ext still errors 'no method found for applying code to: Ext (of class ScriptedFunctor)'; code methods Ext still works. Dan's 2016 'we could make that automatic' is unimplemented
457	2016-05-26	2026-08-13	DanGrayson	5		Interfaces,build issue,stale	opaque	n/a	Polymake under Ubuntu	stands		Task					the bugs/ sweep already commented 2026-08-04. Interfaces, build issue and stale labels all correct
458	2016-05-26	2025-03-14	DanGrayson	1		Documentation,stale	prose	n/a	we need to teach users how to program well	stands		Feature					an aspiration rather than a task -- 'Perhaps have documentation on that?' with jakobkroeker agreeing. Nothing actionable has ever been proposed. Documentation and stale labels both correct
479	2016-06-03	2024-10-11	lkastner	10		Linear Algebra	m2	clean	Trouble with 'solve' over ZZ	reproduces		Bug				comment	original report fixed -- solve over ZZ now gives the right answer -- but tom111's 2018 case is live and worse than described: solve(matrix{{0,0},{0,1}}, matrix{{1},{1}}) returns matrix{{0},{1}} and A*that != b, a silently wrong answer to an inconsistent system. Over RR the same returns null. Linear Algebra label correct
485	2016-06-14	2020-12-08	DanGrayson	0		Engine	prose	n/a	move finalizations and deletions from e/* to d/engine.dd	stands		Task					unchanged: finalizations still live in e/finalize.cpp and e/newdelete.hpp, nothing in d/engine.dd. Engine label correct
486	2016-06-15	2020-12-08	DanGrayson	2		Engine	opaque	n/a	error returns of engine pointers	todo							
488	2016-06-16	2026-08-13	DanGrayson	3		Engine	m2	timeout	memory leak	todo							
491	2016-06-21	2024-10-28	mikestillman	2		Core	m2	drift	promote/lift for mutable matrices returns zero matrices	todo							
495	2016-07-08	2024-07-21	DanGrayson	0		build issue,stale	opaque	n/a	lib64 usage in Makefiles	todo							
498	2016-07-15	2016-07-16	bhersey1	1			transcript	drift	Monomial ideals in the exterior algebra	todo							
502	2016-07-28	2024-07-21	lkastner	0			prose	n/a	Markov.m2 has no tests, but version 1.2	todo							
504	2016-07-28	2016-12-28	lkastner	1			prose	n/a	ToricTopology.m2 has no tests, but version 1.0	todo							
507	2016-08-02	2016-08-03	lkastner	2			prose	n/a	statePolytope vs StatePolytope.m2	todo							
516	2016-08-25	2016-09-05	lkastner	10			prose	n/a	Refactoring Polyhedra	todo							
519	2016-08-31	2026-08-13	DanGrayson	2		build issue	prose	n/a	need a way to disable or modify ulimit parameters globally	todo							
521	2016-09-02	2024-07-21	BrentBaccala	0		arm,build issue,stale	prose	n/a	Android app needed	todo							
527	2016-10-21	2025-05-13	mikestillman	2	Feature	Core	m2	clean	kernel should allow degree limits	todo							
540	2016-11-22	2024-07-21	dmaclagan	1			transcript	clean	Error message when defining a ring with a variables x and x_1	todo							
548	2016-12-27	2024-07-21	DanGrayson	2			none	n/a	PHCpack doesn't always examine value returned by "run"	todo							
567	2017-01-10	2024-07-21	mahrud	0			m2	different-error	Lift and promote with MutableMatrix not completely implemented	todo							
568	2017-01-11	2024-07-21	mikestillman	0			m2	different-error	mingens in local rings	todo							
569	2017-01-11	2024-07-21	mikestillman	4			m2	clean	minimal GB in local rings	todo							
580	2017-03-19	2025-05-13	jakobkroeker	1	Feature		prose	n/a	minor: nicer syntax to access hash table entries where the key is a string?	todo							
581	2017-03-19	2017-03-19	jakobkroeker	1			m2	different-error	minor: replacing basic functionality without a warning; an issue or a feature?	todo							
583	2017-03-19	2025-05-13	jakobkroeker	1	Feature		opaque	n/a	minor proposal: improve shown unhandled throw message	todo							
585	2017-03-19	2026-04-02	jakobkroeker	11	Feature		prose	n/a	show the back trace in case of a thrown exception in debug mode	todo							
594	2017-04-24	2025-05-13	DanGrayson	16	Feature		prose	n/a	replace gdbm by cdb	todo							
598	2017-05-01	2017-05-01	gblanco92	1			prose	n/a	Defect in differentiation of Laurent series.	todo							
600	2017-05-03	2017-05-03	gblanco92	0			transcript	same-output	mingens of modules over local rings	todo							
603	2017-05-10	2024-07-21	moorewf	4			prose	n/a	Bug in quotient	todo							
604	2017-05-10	2024-07-21	moorewf	3			transcript	differs	Bug in submatrix (or rawSubmatrix)	todo							
606	2017-05-16	2024-07-21	mikestillman	7			m2	clean	directSum of MutableHashtable s (including ChainComplex'es) should use the cache	todo							
607	2017-05-16	2026-08-13	mikestillman	3			m2	different-error	concatenation of homogeneous matrices of nonzero degree does not preserve degree	todo							
611	2017-05-23	2020-07-04	mikestillman	0		Engine	foreign	n/a	add code to tower.{hpp,cpp} or use flint tower polynomials	todo							
613	2017-05-23	2020-07-04	mikestillman	0		Engine	prose	n/a	review reduce_by_pivots code in engine	todo							
622	2017-06-03	2024-07-21	DanGrayson	0			transcript	same-output	topComponents in quotient rings	todo							
625	2017-06-05	2025-05-13	DanGrayson	0	Feature	Documentation	prose	n/a	posting documentation of individual packages	todo							
637	2017-06-16	2017-06-17	antonleykin	3			prose	n/a	bFunction edge case	todo							
647	2017-06-25	2024-07-21	DanGrayson	11			transcript	differs	'betti' is unaware of maps with nonzero degree	todo							
650	2017-06-29	2020-05-28	kroner	11			transcript	same-output	Sets don't sort consistently	todo							
651	2017-07-14	2021-11-19	kschwede	2		Documentation	prose	n/a	Documentation for flattenRing doesn't fully describe functionality	todo							
652	2017-07-14	2017-07-19	catselbow	5			prose	n/a	Error running examples for package Macaulay2Doc while installing	todo							
659	2017-07-27	2026-08-13	DanGrayson	1			transcript	syntax	growth of mutable lists	todo							
660	2017-07-27	2024-07-21	DanGrayson	2			transcript	reproduces	comparison of ideals	todo							
662	2017-07-27	2025-05-13	DanGrayson	1	Feature		m2	clean	Frobenius powers	todo							
666	2017-07-28	2026-08-13	DanGrayson	2			prose	n/a	global protected symbols -- unowned by a package	todo							
676	2017-07-30	2017-08-01	DanGrayson	4			transcript	differs	"factor" produces output hard for a program to use	todo							
684	2017-08-11	2017-08-11	DanGrayson	0			opaque	n/a	implement a new class "Stream" at top level	todo							
686	2017-08-14	2024-10-28	mikestillman	0		Core	m2	clean	kernel of ringmap should remember its Groebner basis	todo							
692	2017-09-06	2024-07-21	MarthaBernal	1			m2	different-error	error message in selectVariables	todo							
701	2017-10-30	2026-04-02	DanGrayson	4		Documentation,build issue,good beginners' project	prose	n/a	list of packages	todo							
708	2017-11-17	2026-08-13	DanGrayson	6			transcript	differs	floating point weirdness	todo							
714	2017-11-23	2017-11-23	tom111	1			m2	timeout	Duplicate large block deallocation in gb engine	todo							
715	2017-11-24	2026-08-13	Syzygies	1			prose	n/a	Symbolic link for M2 fails on OS X	todo							
718	2017-12-17	2017-12-17	aarondall	1			transcript	differs	Posets package: Unexpected behavior of poset method	todo							
724	2018-01-08	2018-01-14	foxjwill	1			transcript	differs	binomialIsPrime not working right	todo							
725	2018-01-08	2018-01-09	foxjwill	3			transcript	clean	prependZeroMap and appendZeroMap fail for "modules"	todo							
728	2018-01-15	2018-01-15	DanGrayson	0			transcript	syntax	components of a vector	todo							
732	2018-02-15	2024-07-21	pzinn	4		bug	transcript	differs	Odd behavior of gb / poincare	todo							
736	2018-02-22	2025-05-13	DanGrayson	3	Feature	Core	transcript	differs	concatenation of homogeneous matrices with degrees	todo							
741	2018-02-26	2018-02-26	mikestillman	2			m2	clean	resolutions of inhomogeneous ideals over tower of rings gives error	todo							
747	2018-03-01	2024-07-21	naddington	1		bug	prose	n/a	trim of ideal over 	todo							
757	2018-03-12	2020-11-18	kschwede	2			prose	n/a	Weirdly slow minimalPrimes call	todo							
758	2018-03-14	2026-04-02	DanGrayson	0		Documentation,build issue,stale	prose	n/a	makefile in packages directory	todo							
776	2018-04-17	2025-05-13	DanGrayson	13	Feature	Documentation	prose	n/a	open database files	todo							
798	2018-06-04	2024-08-14	DanGrayson	2		Gröbner bases	transcript	syntax	not using cached result	todo							
799	2018-06-06	2018-06-06	DanGrayson	0			transcript	syntax	improve the "package" command	todo							
815	2018-06-22	2020-07-04	DanGrayson	2		Documentation	transcript	differs	example output lines need synchronization	todo							
825	2018-06-26	2026-04-02	DanGrayson	3	Feature	build issue,editors	prose	n/a	libreadline on the Mac is replaced by libedit	todo							
837	2018-08-14	2024-07-21	mahrud	9		bug	m2	clean	mingens for PIDs	todo							
840	2018-08-16	2018-08-16	DanGrayson	0			m2	clean	conflicts with imported packages	todo							
863	2018-10-12	2020-12-08	da-liii	3		editors	prose	n/a	Macaulay 2 plugin for GNU TeXmacs on Github	todo							
868	2018-10-16	2018-10-22	aarondall	3			transcript	syntax	RandomIdeals: improving class of output	todo							
872	2018-10-25	2018-10-28	antonleykin	5			m2	clean	adjugate Matrix	todo							
883	2018-11-10	2018-11-10	mikestillman	1			prose	n/a	selectInSubring	todo							
900	2018-12-17	2024-07-21	kmarius	4		build issue,stale	shell	n/a	Rogue files installed by make install	todo							
903	2018-12-27	2026-04-02	DanGrayson	2		build issue,stale	opaque	n/a	battling commits	todo							
911	2019-01-09	2019-01-09	DanGrayson	0			prose	n/a	detect missing /usr/include in xtools under Mac OS X	todo							
916	2019-01-24	2019-01-24	DanGrayson	1			m2	clean	packages that install conflicting methods	todo							
917	2019-01-24	2025-05-13	DanGrayson	0	Feature		prose	n/a	reverse dictionary	todo							
927	2019-02-09	2024-07-21	DanGrayson	0			m2	different-error	give error message when installing method fails	todo							
936	2019-04-10	2026-04-21	ssario	15			transcript	differs	A bug on the command "pdim" ?	todo							
941	2019-05-01	2024-07-21	aarondall	3		under discussion	prose	n/a	gin (QuotientRing) fails 	todo							
944	2019-05-08	2024-09-29	kschwede	0		bug,good beginners' project	transcript	same-output	new of from for MutableMatrices	todo							
953	2019-05-24	2019-05-24	DanGrayson	0			opaque	n/a	html-check-links program	todo							
957	2019-05-27	2024-07-21	DanGrayson	0		Documentation	m2	clean	making links from an html file to an auxiliary file in a package	todo							
974	2019-07-30	2026-04-24	kroner	19		good beginners' project,seeking a volunteer	prose	n/a	Can't take 'value' of a Hilbert series	todo							
976	2019-07-31	2020-07-10	antonleykin	5			prose	n/a	Generalized eigenvalue problem	todo							
982	2019-08-08	2024-07-21	DanGrayson	5		build issue,stale	prose	n/a	'make install' rebuilds	todo							
983	2019-08-09	2019-08-12	mikestillman	1		Engine	prose	n/a	minimize use of new and delete in engine	todo							
984	2019-08-10	2019-08-10	mikestillman	0		Engine	prose	n/a	improve header file includes	todo							
985	2019-08-10	2020-06-27	mikestillman	3		Engine	prose	n/a	update the c++ in the engine to modern c++	todo							
986	2019-08-10	2019-08-10	mikestillman	0		Engine	prose	n/a	reorganize the code in the engine	todo							
992	2019-08-17	2024-10-28	mikestillman	1		threads	prose	n/a	run examples and tests in parallel	todo							
994	2019-08-19	2024-07-21	DanGrayson	0			prose	n/a	installPackage tolerance for errors	todo							
996	2019-09-02	2025-05-13	dylanpeifer	1	Feature		transcript	same-output	ideal of groebner basis should remember it has a groebner basis	todo							
999	2019-09-16	2021-08-02	DanGrayson	4			transcript	differs	random QQ	todo							
1004	2019-09-16	2021-03-07	DanGrayson	2			prose	n/a	string sorting	todo							
1011	2019-09-19	2019-09-19	DanGrayson	1			prose	n/a	ill-defined ring maps	todo							
1012	2019-09-19	2024-07-21	DanGrayson	0			transcript	differs	trim doesn't trim enough	todo							
1013	2019-09-19	2019-09-19	eisenbud	1			none	n/a	(minimalPresentation Ideal) is confusing	todo							
1017	2019-09-20	2024-07-21	DanGrayson	0			transcript	differs	radical of ideal should work over Galois fields	todo							
1018	2019-09-28	2024-07-21	jkyang92	3			prose	n/a	M2errorRegexp in html.m2 is incorrect	todo							
1022	2019-10-07	2019-10-07	antonleykin	1			transcript	syntax	Python package works with sage python, but Sage package fails to load	todo							
1024	2019-10-09	2020-12-19	dimpase	6		build issue,stale	prose	n/a	add control of versions of external libraries in ./configure	todo							
1026	2019-10-09	2026-08-13	antonleykin	2			transcript	syntax	value and toExternalString... deprecated?	todo							
1031	2019-10-14	2024-07-21	DanGrayson	7			transcript	differs	map not homogeneous	todo							
1032	2019-10-14	2024-07-21	DanGrayson	0			transcript	syntax	load path set wrong	todo							
1039	2019-10-28	2019-10-30	antonleykin	2			transcript	reproduces	Serialization of objects that involve a MethodFunction   	todo							
1040	2019-10-30	2025-07-03	antonleykin	4			opaque	n/a	bertiniRefineSols permutes solutions	todo							
1043	2019-11-08	2019-11-08	DanGrayson	0			transcript	drift	PHCpack example fails	todo							
1051	2019-11-15	2020-05-13	mahrud	5			m2	different-error	Bug in solve	todo							
1053	2019-11-23	2019-11-25	hoyeunglee	3			prose	n/a	error when using schurring	todo							
1054	2019-11-23	2019-11-23	hoyeunglee	1			prose	n/a	error when calculating Grassmannian things	todo							
1056	2019-12-02	2019-12-05	DanGrayson	1			transcript	syntax	"globalAssignment" doesn't work for hashtables	todo							
1060	2019-12-08	2026-08-13	DanGrayson	1			transcript	same-output	direct sum operation ignores degrees	todo							
1064	2020-01-08	2024-11-05	DanGrayson	10		arm	prose	n/a	MinimalPrimes crashes occasionally	todo							
1068	2020-01-28	2020-01-28	DanGrayson	0			prose	n/a	setup() should examine $SHELL	todo							
1069	2020-01-29	2025-05-13	mahrud	17	Feature	under discussion	m2	clean	utf8 characters in M2 and Emacs	todo							
1082	2020-03-16	2020-03-16	DanGrayson	1			prose	n/a	status codes	todo							
1086	2020-04-09	2020-12-21	mahrud	28			m2	clean	equality of raw rings	todo							
1091	2020-04-11	2026-05-29	mahrud	8			prose	n/a	Delete unused files	todo							
1111	2020-04-29	2021-11-19	DanGrayson	1		Documentation	prose	n/a	Subnodes	todo							
1124	2020-05-06	2020-05-09	DanGrayson	7		threads	opaque	n/a	thread memory usage	todo							
1133	2020-05-09	2024-11-19	DanGrayson	2		Interpreter	shell	n/a	redundant code	todo							
1135	2020-05-09	2020-08-28	DanGrayson	4			prose	n/a	conservative garbage collector	todo							
1143	2020-05-13	2020-05-13	kschwede	0			transcript	differs	primaryDecomposition should work over GF(q)	todo							
1144	2020-05-13	2021-01-11	d-torrance	4		Documentation	opaque	n/a	Duplicate documentation files	todo							
1145	2020-05-13	2020-12-17	MarcoCostantini	0		seeking a volunteer	transcript	syntax	the conversion to and from OpenMath of some float numbers doesn't work. The fix is included	todo							
1146	2020-05-13	2026-04-29	kschwede	26		threads	m2	different-error	Parallel threads, and in particular canceling tasks, creates instability	todo							
1147	2020-05-13	2026-08-13	mikestillman	1		Documentation,threads	prose	n/a	documentation for threads and tasks needs improving	todo							
1151	2020-05-14	2020-05-14	DanGrayson	1			shell	n/a	mpz_set_str should be used	todo							
1153	2020-05-14	2025-05-13	mahrud	13	Feature		prose	n/a	feature request: addParallelHook and runParallelHooks	todo							
1155	2020-05-14	2026-05-04	DanGrayson	0		threads	transcript	reproduces	fix an error message from schedule	todo							
1158	2020-05-15	2024-07-21	DanGrayson	0		Documentation	prose	n/a	Documentation of the overall language	todo							
1169	2020-05-18	2020-05-18	DanGrayson	0			m2	drift	functions that don't return	todo							
1183	2020-05-21	2020-05-23	zeromath	5			transcript	differs	No properly handling ring maps with GaloisFields as coefficient rings.	todo							
1184	2020-05-22	2025-05-13	mahrud	6	Feature		prose	n/a	New notation for shadowed symbols	todo							
1185	2020-05-22	2020-05-22	kschwede	1			transcript	syntax	we should have be able to do Set == Set	todo							
1187	2020-05-22	2020-06-18	mikestillman	1		Engine	prose	n/a	Finalization improvements	todo							
1197	2020-05-26	2025-05-13	mahrud	1	Feature		prose	n/a	feature request: #ifdef preprocessing in scc1	todo							
1203	2020-05-27	2024-07-21	DanGrayson	2			prose	n/a	packages sharing immutable symbols without values	todo							
1206	2020-05-28	2020-08-18	DanGrayson	8		Engine,bug	prose	n/a	NDEBUG vs. DEBUG for MathicGB and friends	todo							
1207	2020-05-28	2020-05-28	DanGrayson	0		good beginners' project,seeking a volunteer	prose	n/a	Comparison of ideals	todo							
1209	2020-05-28	2026-04-02	DanGrayson	1		build issue,stale	prose	n/a	don't update submodules if `.git` is absent	todo							
1213	2020-05-30	2020-11-26	DanGrayson	7		contributions welcome	prose	n/a	engine tests ignored since Aug 2019	todo							
1215	2020-05-30	2025-01-23	cssobral2013	12		community,seeking a volunteer	none	n/a	Consider implementing version for Flatpak	todo							
1217	2020-05-31	2020-05-31	DanGrayson	0			prose	n/a	Running M2 as root	todo							
1223	2020-06-03	2020-06-03	DanGrayson	0			transcript	differs	use of "nothing" with newRing	todo							
1224	2020-06-03	2020-06-03	DanGrayson	0			transcript	differs	substitutions and ring maps when variable names are replicated	todo							
1226	2020-06-03	2024-07-21	antonleykin	4			m2	clean	groebnerBasis	todo							
1229	2020-06-04	2020-06-07	foschreyer	4			none	n/a	add the possibilty to give method, eg. random further options. In case of random I would like to specify my own favorate distribution on e.g. QQ	todo							
1238	2020-06-05	2020-08-14	tom111	6			transcript	same-output	"^" on numbers should be right-associative	todo							
1246	2020-06-06	2020-06-06	foschreyer	1			prose	n/a	DegreeLimit for multigraded rings in res and szy. 	todo							
1254	2020-06-09	2020-06-09	DanGrayson	0			prose	n/a	the `gfanInterface` package runs `gfan` too early	todo							
1265	2020-06-12	2026-04-02	DanGrayson	2		build issue,stale	none	n/a	try building more libraries in parallel	todo							
1273	2020-06-14	2025-04-29	kschwede	20			transcript	differs	(trim, Ideal) should work correctly in single variable polynomial rings	todo							
1277	2020-06-15	2020-06-15	DanGrayson	0			prose	n/a	packages should document all exported functions	todo							
1306	2020-06-20	2021-03-12	mahrud	1		community	prose	n/a	First time contributor messages	todo							
1331	2020-06-23	2025-05-13	mahrud	4	Feature		prose	n/a	Feature request: (methods, Type) could also return constructors for Type	todo							
1347	2020-06-26	2024-01-25	mahrud	2		Documentation	transcript	syntax	Thirteen Ways of Looking at a GröbnerBasis	todo							
1359	2020-07-01	2020-07-01	DanGrayson	0			foreign	n/a	PHCpack still not reproducible	todo							
1375	2020-07-07	2025-05-13	mahrud	1	Feature		prose	n/a	Allow Lists or Sequences of specific types as typical value type	todo							
1384	2020-07-09	2020-07-09	omsai	2			prose	n/a	git builds should require a minimum git version for sane submodule functionality	todo							
1392	2020-07-11	2024-10-28	DanGrayson	23		Interpreter	transcript	syntax	alarm sometimes not caught	todo							
1409	2020-07-15	2026-04-02	d-torrance	1		build issue,stale	transcript	syntax	usr-build added to PATH three times in autotools build	todo							
1415	2020-07-16	2020-07-16	antonleykin	0			prose	n/a	check if `bertini` is on the system; derandomize 	todo							
1423	2020-07-22	2021-11-19	d-torrance	10		build issue	transcript	syntax	integralClosure out of memory example error on i386	todo							
1424	2020-07-22	2020-07-23	AviSteiner	1			transcript	same-output	isWellDefined isn't working with Weyl algebras	todo							
1427	2020-07-23	2020-07-23	DanGrayson	0			transcript	differs	loadPackage should insist that packages not scribble in the user's dictionary	todo							
1437	2020-07-25	2020-07-25	DanGrayson	0			prose	n/a	Allow  "byte order mark" at the start of a file	todo							
1440	2020-07-28	2020-07-29	fereshteh-bahadory	3			m2	different-error	Inverse of a Variable in M2	todo							
1445	2020-07-29	2025-05-13	mahrud	1	Feature	editors	prose	n/a	Support Binder	todo							
1455	2020-08-05	2025-02-20	mahrud	11			m2	clean	delete for MutableList	todo							
1456	2020-08-05	2024-07-21	mahrud	14		arm	transcript	syntax	Segfault in pseudoWitnessSet calling PathTracker	todo							
1458	2020-08-07	2026-08-14	DanGrayson	5		threads	transcript	crash	printing is not thread-safe (and leads to failure to allocate a negative number of bytes)	todo							
1463	2020-08-13	2022-04-25	DanGrayson	13		threads	m2	syntax	ThreadedGB goes into infinite loop	todo							
1464	2020-08-14	2024-07-21	jkyang92	16		build issue,stale	prose	n/a	Hard coded /usr/lib causes configure issues on Gentoo	todo							
1466	2020-08-17	2020-12-02	mahrud	4		Documentation	prose	n/a	Convention for documenting admissible values of optional inputs	todo							
1477	2020-08-24	2026-08-13	mahrud	8			prose	n/a	Dispatching of lift and promote	todo							
1480	2020-08-28	2024-05-18	mahrud	5		Documentation	m2	drift	Speeding up running Macaulay2Doc examples	todo							
1484	2020-09-03	2021-11-19	mahrud	7		Documentation	prose	n/a	"Report" button for documentation	todo							
1491	2020-09-10	2025-05-13	DanGrayson	0	Feature		prose	n/a	package licenses	todo							
1496	2020-09-11	2020-09-11	tbach01	1			prose	n/a	diagonalization of symmetric bilinear forms	todo							
1497	2020-09-12	2021-11-19	DanGrayson	0		Documentation	prose	n/a	slight next/forward link mismatch in documentation	todo							
1515	2020-09-26	2021-01-22	mahrud	6			m2	syntax	registerFinalizer not working	todo							
1518	2020-09-26	2026-08-13	kschwede	1			transcript	differs	Kernels of ring maps over ZZ are disabled	todo							
1519	2020-09-27	2020-09-30	mahrud	38			transcript	differs	quotients for ZZ do not get routed to RingElement	todo							
1521	2020-09-28	2021-11-19	DanGrayson	1		Documentation	prose	n/a	packages listed twice	todo							
1524	2020-09-29	2020-09-29	DanGrayson	0			prose	n/a	promotion of several ring elements	todo							
1525	2020-09-29	2021-11-19	DanGrayson	1		Documentation	prose	n/a	documentation of named arguments	todo							
1531	2020-10-04	2025-05-13	mahrud	6	Feature		transcript	differs	fix lookup of Commands	todo							
1533	2020-10-06	2020-10-06	DanGrayson	0			prose	n/a	d/main.cpp should not be a symbolic link	todo							
1539	2020-10-09	2024-07-21	d-torrance	37		arm,build issue	transcript	syntax	Out of memory running SpecialFanoFourfolds example on i386	todo							
1545	2020-10-18	2020-10-18	DanGrayson	0			prose	n/a	loadedPackages -- is it needed?	todo							
1548	2020-10-19	2026-06-16	pzinn	16			transcript	same-output	weird behavior (bug?) in override	todo							
1557	2020-10-24	2021-01-27	d-torrance	7		build issue	shell	n/a	TateOnProducts example error when building on mips64el	todo							
1563	2020-10-28	2021-11-19	d-torrance	1		build issue	transcript	syntax	check(9, "GroebnerWalk") running out of memory on i386	todo							
1566	2020-10-29	2020-10-29	haerski	1		good beginners' project	transcript	reproduces	newRing with fewer variables	todo							
1570	2020-10-30	2025-05-13	DanGrayson	0	Feature		prose	n/a	adjointness identities	todo							
1576	2020-11-02	2021-11-19	d-torrance	0		build issue	m2	drift	check_21 "VirtualResolutions" sometimes fails	todo							
1578	2020-11-04	2024-07-21	d-torrance	2		arm,build issue	transcript	syntax	make -C Macaulay2/tests/slow check failures on i386	todo							
1579	2020-11-04	2024-11-19	d-torrance	9		build issue	transcript	syntax	check_11 "SumsOfSquares" fails on i386	todo							
1580	2020-11-04	2026-04-03	d-torrance	2		build issue	transcript	syntax	smithNormalForm test fails on i386	todo							
1581	2020-11-05	2021-11-19	d-torrance	0		build issue	transcript	syntax	check_9 "CoincidentRootLoci" runs out of memory on i386	todo							
1589	2020-11-11	2025-05-13	mahrud	2	Feature		transcript	reproduces	Removing MonomialIdeal from top level	todo							
1597	2020-11-17	2020-11-24	haerski	8			transcript	syntax	Inconsistent behavior with infinities	todo							
1603	2020-11-20	2020-12-02	jchen419	4			transcript	differs	trim of zero module takes longer than expected	todo							
1606	2020-11-21	2023-07-01	DanGrayson	5			transcript	syntax	doubly nested cache table	todo							
1608	2020-11-22	2026-08-13	mahrud	3	Feature		prose	n/a	Support O(1) insert/prepend/swap for MutableList	todo							
1610	2020-11-23	2020-11-23	DanGrayson	0		good beginners' project	transcript	differs	error in "youngest"	todo							
1613	2020-11-24	2020-11-24	DanGrayson	0			prose	n/a	validation of html files included in packages	todo							
1624	2020-11-27	2020-11-27	jchen419	0			transcript	syntax	Issues with "roots", part 2	todo							
1626	2020-11-27	2024-07-21	DanGrayson	4			transcript	differs	make "code" work on more types of hooks	todo							
1627	2020-11-28	2020-12-19	mahrud	24			transcript	differs	Variables in private dictionary after loading SchurRings	todo							
1630	2020-11-29	2026-02-05	jchen419	12			opaque	n/a	Order of arguments (for "drop", "take", etc.)	todo							
1635	2020-11-30	2021-11-19	d-torrance	13		build issue	transcript	n/a-platform	Eigenvectors not reproducible between architectures	todo							
1638	2020-12-01	2020-12-01	mahrud	0			transcript	same-output	Bug in separate with negative lookbehinds in regex	todo							
1643	2020-12-02	2025-05-13	mahrud	3	Feature	Documentation	transcript	syntax	Use single documentation database	todo							
1649	2020-12-03	2025-11-03	antonleykin	41	Feature	Documentation	prose	n/a	Popular symbols	todo							
1660	2020-12-05	2020-12-18	DanGrayson	12			transcript	differs	"toField" prevents getting the right answer for the kernel of a ring map	todo							
1662	2020-12-06	2020-12-06	jihwanoh123	1			prose	n/a	Issue with NCAlgebra & bergman	todo							
1672	2020-12-08	2021-03-10	jieaosong	4		good beginners' project,seeking a volunteer	m2	drift	Bug in package RationalPoints	todo							
1689	2020-12-13	2026-04-17	mahrud	4	Feature	Core,contributions welcome,threads	m2	different-error	Improving capture	todo							
1690	2020-12-13	2025-05-13	mahrud	4	Feature		m2	syntax	Allow Sequences of specific types for NewFromMethod	todo							
1693	2020-12-14	2020-12-14	mikestillman	0			m2	clean	homomorphism ignores internal degree	todo							
1701	2020-12-15	2020-12-15	DanGrayson	0			prose	n/a	 hilbertSeries MonomialIdeal	todo							
1705	2020-12-17	2025-05-13	mahrud	0	Feature		transcript	differs	Minors with prescribed rows or columns	todo							
1707	2020-12-17	2024-07-21	d-torrance	6		arm,build issue	transcript	syntax	Topcom isRegularTriangulation example running out of memory on some s390x builds	todo							
1708	2020-12-17	2025-05-13	mahrud	4	Feature	Core,Documentation,contributions welcome	transcript	syntax	Speeding up running the tests	todo							
1710	2020-12-18	2020-12-19	jieaosong	4			m2	clean	slower decompose in version 1.17	todo							
1711	2020-12-18	2020-12-18	DanGrayson	3			transcript	differs	division in a ring works only after "using" it.	todo							
1721	2020-12-21	2025-05-13	mahrud	7	Feature		transcript	differs	short description of Rings in afterprint	todo							
1733	2020-12-23	2020-12-26	mahrud	1			opaque	n/a	Remove long and unsigned long from the D language	todo							
1746	2020-12-27	2021-11-19	d-torrance	0		build issue	transcript	syntax	check_0 "DeterminantalRepresentations" segfaulting on mipsel and ppc64	todo							
1749	2020-12-27	2025-05-13	mahrud	2	Feature		prose	n/a	Feature request: MutableIdeal	todo							
1751	2020-12-28	2020-12-28	mahrud	5			transcript	syntax	Printing nets	todo							
1753	2020-12-28	2020-12-28	mdebellevue	0			m2	drift	acyclicClosure method from the DGAlgebras package fails for non-homogeneous DGAlgebras	todo							
1754	2020-12-29	2020-12-29	d-torrance	0			transcript	differs	Wishlist: Make Expressions work with inequalities	todo							
1783	2021-01-03	2024-09-29	mahrud	9		under discussion	prose	n/a	Requiring status checks before merging	todo							
1814	2021-01-15	2021-02-26	thuy48	5			prose	n/a	Wrong __data_start/_end pair	todo							
1824	2021-01-16	2021-01-17	mikestillman	2			opaque	n/a	gc error message when running out of memory	todo							
1831	2021-01-18	2024-07-21	DanGrayson	3		build issue	prose	n/a	caching in github workflow actions	todo							
1834	2021-01-18	2024-09-06	d-torrance	20		arm,build issue	transcript	syntax	check_254 "Core" failing during "M2 --check 2" on i386	todo							
1842	2021-01-19	2021-01-19	antonleykin	1			prose	n/a	Same same, but different	todo							
1850	2021-01-21	2021-01-22	mahrud	3			prose	n/a	Benchmarks from Nemo	todo							
1854	2021-01-22	2021-01-22	antonleykin	0			prose	n/a	OptionalComponentsPresent set to false because of the dependency?	todo							
1858	2021-01-22	2024-10-28	DanGrayson	4		Interpreter	transcript	syntax	 a new problem: notice the "bad prompt":	todo							
1859	2021-01-22	2025-05-13	mahrud	22	Feature		prose	n/a	Feature request: visualizing real algebraic curves and surfaces with surf and surfer	todo							
1860	2021-01-22	2025-05-13	mahrud	16	Feature		prose	n/a	Feature request: "get" should support more protocols	todo							
1865	2021-01-23	2021-01-23	DanGrayson	0			prose	n/a	lines without newlines scramble the output when an error occurs	todo							
1878	2021-01-25	2026-06-23	mahrud	6			m2	different-error	Method with Dispatch => Thing, Option => true	todo							
1880	2021-01-26	2021-11-19	pzinn	3		Documentation	transcript	differs	Incorrect links in documentation examples	todo							
1881	2021-01-26	2021-01-26	mahrud	5			prose	n/a	options for method with Options => true	todo							
1885	2021-01-26	2021-01-27	DanGrayson	0			prose	n/a	examples should get more memory and time in non-optimizing mode	todo							
1890	2021-01-27	2021-02-21	mahrud	0		Memory Leak	prose	n/a	Increasing memory limits & reducing memory usage	todo							
1892	2021-01-28	2024-07-21	mahrud	1		Engine	prose	n/a	Set number of threads in libraries	todo							
1894	2021-01-28	2025-04-21	d-torrance	13		Documentation	transcript	differs	comments in examples	todo							
1898	2021-01-30	2026-05-04	DanGrayson	0		build issue,stale	m2	different-error	configure script should check if C++ compiler works	todo							
1899	2021-01-30	2025-05-13	jieaosong	17	Feature		m2	drift	Feature request: singularLocus efficiency	todo							
1900	2021-01-30	2024-07-21	d-torrance	0		arm,build issue	shell	n/a	Segfault compiling interface/ring.cpp on armhf	todo							
1903	2021-01-31	2024-07-21	d-torrance	4		arm,build issue	m2	crash	check(30, "AssociativeAlgebras") segfaulting on armhf	todo							
1904	2021-01-31	2025-05-13	mahrud	3	Feature		prose	n/a	Feature request: iterators	todo							
1910	2021-02-02	2021-02-24	DanGrayson	14			prose	n/a	GeneralOrderedMonoid should be renamed	todo							
1917	2021-02-05	2021-02-05	jieaosong	0			m2	clean	Primitive element for finite fields	todo							
1919	2021-02-07	2021-02-07	DanGrayson	0			prose	n/a	RingMap.cache.DegreeMap	todo							
1924	2021-02-09	2021-02-18	pzinn	12		Documentation	prose	n/a	Retiring Canned Examples?	todo							
1925	2021-02-09	2024-11-18	mahrud	1		Engine	transcript	differs	Bug in rawSelectByDegrees	todo							
1928	2021-02-09	2026-05-22	mahrud	12	Feature	Interpreter	transcript	syntax	continue doesn't work when debugging with breakpoints	todo							
1938	2021-02-14	2021-06-04	jkyang92	13		Memory Leak	m2	syntax	gmp memory leak	todo							
1947	2021-02-17	2025-05-13	slel	2	Feature	community,seeking a volunteer	shell	n/a	Package for Conda	todo							
1950	2021-02-20	2025-05-13	mahrud	30	Feature		opaque	n/a	Feature request: packages as git submodules	todo							
1952	2021-02-21	2021-02-21	mahrud	1			transcript	syntax	GCstats heap size bug	todo							
1955	2021-02-22	2026-05-27	DanGrayson	4		Documentation,Infrastructure,build issue	prose	n/a	Run tests and examples that use optional components on GitHub	todo							
1958	2021-02-24	2021-03-02	mahrud	9			transcript	same-output	bug in rawGCDRingElement	todo							
1968	2021-02-26	2021-11-19	d-torrance	0		build issue	m2	drift	nonzero return code in check(4, "RunExternalM2")	todo							
1969	2021-02-26	2021-02-26	eisenbud	2			opaque	n/a	suggestion for setting heap size at startup	todo							
1974	2021-03-04	2024-11-19	DanGrayson	0			transcript	same-output	export buckets	todo							
1975	2021-03-04	2025-05-13	mahrud	10	Feature		m2	drift	Generic programming in Macaulay2	todo							
1978	2021-03-07	2025-05-13	mahrud	26	Feature		transcript	differs	Feature request: {1..5} as syntax for toList(1..5)	todo							
1979	2021-03-07	2025-05-13	mahrud	2	Feature		transcript	syntax	Feature request: GeneralizedTypes, TypedFunctions, type checking, and more	todo							
1980	2021-03-07	2025-05-13	mahrud	3	Feature	Documentation	transcript	differs	fix, document, or remove storefuns	todo							
1984	2021-03-08	2026-08-04	d-torrance	9		arm,build issue	m2	syntax	monomial exponent overflow: pos int32_t + pos int32_t	todo							
1985	2021-03-09	2026-08-13	pzinn	6			transcript	timeout	Issues with ring with Global => false	todo							
1986	2021-03-10	2021-03-10	DanGrayson	4			prose	n/a	whether to retire package "RationalPoints"	todo							
1991	2021-03-13	2026-05-17	mahrud	0		Documentation	prose	n/a	Macaulay2 cheat sheet and tour	todo							
1993	2021-03-15	2026-04-24	jieaosong	3		seeking a volunteer	transcript	syntax	memoize GF	todo							
1998	2021-03-19	2021-03-19	mikestillman	0			m2	different-error	isWellDefined for RingMap fails sometimes	todo							
2004	2021-03-25	2021-03-27	pzinn	11			transcript	same-output	Incorrect kernel computation	todo							
2008	2021-03-29	2021-03-30	mikestillman	1		Documentation	opaque	n/a	links in documentation	todo							
2010	2021-03-30	2021-03-31	MichaelABurr	4		build issue	prose	n/a	Macaulay2/d dependencies missing	todo							
2025	2021-04-07	2026-08-13	haerski	2			transcript	differs	Creating ring variables from strings	todo							
2029	2021-04-13	2021-04-13	DanGrayson	0			foreign	n/a	opportunistic memory allocation	todo							
2032	2021-04-21	2024-11-18	hhlopez	2		Documentation	prose	n/a	documentation css not loading in Safari	todo							
2067	2021-05-12	2021-05-12	kschwede	2		threads	m2	syntax	Threading instability, simultaneous saturate (no canceled tasks)	todo							
2089	2021-05-20	2021-05-21	mahrud	1		good beginners' project,seeking a volunteer	transcript	syntax	Crash on random with Height => 0	todo							
2091	2021-05-21	2021-06-02	d-torrance	2		build issue	opaque	n/a	Repeated path segment in SubalgebraBases	todo							
2103	2021-05-26	2021-05-28	mahrud	14			transcript	differs	Liftability of modules	todo							
2111	2021-05-27	2024-11-04	mahrud	1			transcript	syntax	Crash in getSequenceOfSmallIntegers in util.d	todo							
2133	2021-06-07	2025-05-13	mahrud	0	Feature		transcript	same-output	Cache output of flattenRing	todo							
2143	2021-06-13	2021-06-14	kschwede	3			transcript	reproduces	maps between GaloisFields	todo							
2146	2021-06-20	2025-05-13	sashapevzner	1	Feature		m2	crash	unable to adjoin variables to a LocalRing	todo							
2154	2021-06-24	2021-06-24	matthias314	3			prose	n/a	`rank` is very slow for some matrices	todo							
2159	2021-06-25	2024-11-18	mahrud	1		NormalToricVarieties	transcript	differs	Heft vector of local rings and Cox rings causes strange betti tables	todo							
2162	2021-06-27	2025-06-20	d-torrance	28		arm,build issue,stale	m2	syntax	mathicgb F4 algorithm sometimes killed or gives wrong results on s390x and armhf	todo							
2175	2021-07-03	2021-07-21	DanGrayson	4			transcript	differs	curious behavior of "intersect"	todo							
2181	2021-07-07	2021-11-19	d-torrance	0		build issue	m2	drift	segfault making example results for SRdeformations::complement(Complex) on mipsel	todo							
2183	2021-07-08	2024-07-21	d-torrance	0		arm,build issue	m2	syntax	zgesvd did not converge during check(8, "NumericalImplicitization") on armhf	todo							
2184	2021-07-08	2021-07-08	d-torrance	0			transcript	syntax	Split up core-tests.m2	todo							
2192	2021-07-20	2026-08-13	pzinn	3			transcript	reproduces	Promotion of mutable matrices	todo							
2205	2021-07-30	2021-11-19	d-torrance	0		build issue	transcript	syntax	assertion failed running check(90, "EngineTests") on mips64el	todo							
2217	2021-08-31	2021-11-19	DanGrayson	2		Documentation	transcript	same-output	testExample	todo							
2218	2021-08-31	2021-11-19	haerski	4		build issue	shell	n/a	hardcoded paths in M2/cmake/FindReadline.cmake	todo							
2222	2021-09-03	2021-09-06	MichaelABurr	1			prose	n/a	forceGB and partial/incremental Groebner bases	todo							
2223	2021-09-03	2024-07-21	d-torrance	18		arm,build issue,stale	m2	syntax	Errors compiling eigen.cpp	todo							
2230	2021-09-07	2026-08-13	d-torrance	6		arm,build issue	transcript	syntax	assertion failing in check(4, "NumericalImplicitization") with LAPACK 3.10.0	todo							
2232	2021-09-08	2021-09-08	mikestillman	1			m2	different-error	degrees ring not being cached appropriately	todo							
2233	2021-09-12	2021-09-12	pzinn	0			prose	n/a	Proposal: retire PrintNames and PrintNet	todo							
2237	2021-09-21	2024-11-19	DanGrayson	6			transcript	same-output	DegreeRank and degreeLength	todo							
2238	2021-09-21	2021-11-19	DanGrayson	0		Documentation	transcript	differs	flint pseudoprimality test documentation	todo							
2239	2021-09-21	2021-09-21	DanGrayson	1			transcript	same-output	degreeLength of basic engine rings?	todo							
2240	2021-09-21	2025-05-13	antonleykin	16	Feature		prose	n/a	Changing default values for options	todo							
2242	2021-09-23	2021-11-19	d-torrance	1		build issue	m2	syntax	segfault testing ComputationsBook::geometry on ppc64	todo							
2244	2021-09-25	2021-11-19	d-torrance	0		build issue	transcript	syntax	finalization segfaults when flint built against older NTL than M2	todo							
2247	2021-10-02	2021-10-17	mahrud	0		Documentation	prose	n/a	Documentation for the interpreter	todo							
2260	2021-10-16	2026-05-19	mahrud	3	Feature	Interpreter	prose	n/a	Profiling Computations	todo							
2261	2021-10-16	2024-11-11	mahrud	11		NormalToricVarieties	transcript	differs	Bug in nefGenerators weightedProjectiveSpace {1,1,2}	todo							
2262	2021-10-21	2022-08-22	pzinn	2			transcript	syntax	Use of == in Graphs	todo							
2264	2021-10-23	2025-06-03	mahrud	4		Engine	m2	crash	std::logic_error crash: inserted duplicate entry into a KD tree	todo							
2267	2021-10-24	2024-07-21	mahrud	0		Interpreter	transcript	drift	Add timelimit to capture with alarm	todo							
2269	2021-10-27	2024-10-11	abhiramnatarajan	6		Linear Algebra	m2	drift	Matrix multiplication order reversed when elements are from Weyl algebra	todo							
2272	2021-10-28	2021-11-19	antonleykin	0		Documentation	prose	n/a	`tensor` and `**` documentation	todo							
2275	2021-11-01	2021-11-19	DanGrayson	1		Documentation	prose	n/a	Each package is allowed to document only its own symbols.	todo							
2284	2021-11-05	2021-11-05	jkyang92	0			foreign	n/a	Mathicgb crash/assertion failure with Groebner bases	todo							
2288	2021-11-07	2025-05-13	mahrud	7	Feature		transcript	syntax	Twists of sheaves with higher Picard rank and arithmetic operations for sequences	todo							
2297	2021-11-09	2021-11-19	d-torrance	0		build issue	transcript	syntax	Illegal instruction making example results for FourTiTwo::toricGraverDegrees	todo							
2303	2021-11-14	2021-11-14	mahrud	0			transcript	differs	Consistency of BettiTally ZZ with nonstandard heft vectors	todo							
2304	2021-11-14	2025-05-13	mahrud	0	Feature		transcript	differs	formation of tensor products of chain complexes	todo							
2319	2021-11-18	2022-01-06	d-torrance	4		build issue	m2	syntax	out of memory capturing check(6, "K3Surfaces") on i386	todo							
2326	2021-11-23	2021-11-23	mahrud	0		Documentation	transcript	reproduces	help ZZ after about and methods	todo							
2327	2021-11-24	2021-11-24	lcrantonh	1			transcript	differs	betti with degree 0 variables	todo							
2328	2021-11-24	2021-11-24	d-torrance	1			transcript	syntax	global symbols inadvertently defined by package Macaulay2Doc: 'grading', 'allComputations'	todo							
2330	2021-11-24	2023-03-13	jkyang92	13			m2	different-error	Capture memory usage	todo							
2334	2021-11-26	2021-11-26	pzinn	1		Documentation	transcript	syntax	relative paths in on-the-fly help	todo							
2338	2021-11-27	2021-11-29	mahrud	0			transcript	differs	poincare in presence of degree zero variables	todo							
2340	2021-11-29	2022-01-11	mahrud	11			transcript	differs	bug in Module / Module	todo							
2342	2021-11-29	2021-11-29	mahrud	0		Documentation	transcript	differs	documentation of hooks	todo							
2349	2021-12-08	2021-12-08	d-torrance	0			opaque	n/a	Error: not divisible in FreeAlgebra.create unit test	todo							
2350	2021-12-08	2025-05-13	mahrud	5	Feature		m2	syntax	`when .. is .. else ..` for top-level switch statements	todo							
2351	2021-12-08	2026-08-13	mahrud	2		Documentation,bug	transcript	reproduces	Base change	todo							
2355	2021-12-09	2022-09-06	d-torrance	4			transcript	syntax	Hooks and recursion depth	todo							
2366	2021-12-28	2022-01-10	giovannistagliano	3			prose	n/a	Do not generate outputs in TeX	todo							
2368	2021-12-31	2022-05-21	mahrud	5			m2	drift	Map of multigraded modules removes degrees	todo							
2371	2022-01-12	2022-05-02	DanGrayson	15			m2	different-error	circular dependency loops among packages should be flagged as errors	todo							
2372	2022-01-17	2026-08-13	mahrud	1		Documentation	prose	n/a	hypertext objects in documentation headlines	todo							
2378	2022-02-03	2022-02-03	DanGrayson	0			prose	n/a	export frame, maybe	todo							
2385	2022-02-14	2024-11-11	mahrud	6		NormalToricVarieties	m2	clean	Bug in multigraded Ext computation	todo							
2402	2022-03-02	2022-03-02	mahrud	0		Documentation	prose	n/a	Parent node in `help`	todo							
2403	2022-03-04	2022-03-04	jchen419	1			m2	different-error	Bug in spanningForest(Graph)	todo							
2467	2022-04-30	2025-05-11	jchen419	4			transcript	differs	Making sets Sets	todo							
2477	2022-05-05	2022-05-06	DanGrayson	9			transcript	syntax	`exportFrom` documentation misfeature	todo							
2486	2022-05-07	2022-05-11	ThomasXielt	13			prose	n/a	FitnessShape Function	todo							
2490	2022-05-09	2025-05-11	pzinn	4		good beginners' project,seeking a volunteer	transcript	same-output	coefficients in iterated rings	todo							
2499	2022-05-11	2022-05-11	antonleykin	2			prose	n/a	bertiniRefineSols returns refinement failure	todo							
2505	2022-05-17	2026-05-04	DanGrayson	0		build issue	prose	n/a	compiling csdp under clang on Mac OS	todo							
2509	2022-05-19	2026-06-07	pzinn	4		Engine	transcript	syntax	Crash when lifting from RR to ZZ	todo							
2511	2022-05-20	2022-05-20	jchen419	0			transcript	differs	Bug in reducedRowEchelonForm	todo							
2512	2022-05-22	2024-10-18	mahrud	3			transcript	same-output	sortColumns for matrices of numbers	todo							
2516	2022-06-01	2022-06-06	goelKriti	2			prose	n/a	Warnings because of optional inputs	todo							
2532	2022-06-21	2022-06-21	DanGrayson	0			prose	n/a	load files with slashes in the name	todo							
2561	2022-08-15	2025-05-13	mahrud	0	Feature		transcript	syntax	O(1) list and sequence operations	todo							
2562	2022-08-15	2022-08-18	mahrud	5		Memory Leak	m2	clean	Memory leak in creating a sequence	todo							
2563	2022-08-15	2022-08-18	mahrud	1			transcript	differs	Bug in pruning map over ZZ with torsion	todo							
2568	2022-08-17	2026-05-22	mahrud	2	Feature	Interpreter	transcript	syntax	Spurious layers when debugging	todo							
2569	2022-08-17	2026-05-11	mahrud	22	Feature		transcript	reproduces	locate and code for functions involving options, caching, or @@ are useless	todo							
2577	2022-08-22	2024-10-30	mahrud	3		WeylAlgebras	transcript	differs	Undefined WeylAlgebra Behavior	todo							
2580	2022-08-24	2026-08-13	mahrud	3			m2	clean	DegreeLift doesn't work for maps of multigraded rings	todo							
2581	2022-08-24	2025-05-13	mahrud	4	Feature		transcript	differs	List ^ ZZ for permutations	todo							
2582	2022-08-24	2026-08-13	mikestillman	6		Interpreter	transcript	syntax	unhelpful warning message	todo							
2586	2022-08-31	2023-04-27	mahrud	7		Documentation	prose	n/a	Serve engine docs (doxygen) on macaulay2.com	todo							
2596	2022-09-05	2024-10-26	mahrud	12		Interpreter	transcript	syntax	Keyword shield doesn't work	todo							
2604	2022-09-06	2023-02-22	d-torrance	17		build issue	m2	syntax	Segfault on startup after building w/ GCC 12 and link-time optimization	todo							
2610	2022-09-15	2022-09-15	mahrud	0			m2	different-error	Kernel of ring maps in mixed characteristic	todo							
2611	2022-09-15	2022-09-15	mahrud	1			m2	different-error	Primes in mixed characteristic	todo							
2612	2022-09-15	2022-09-15	mahrud	0			transcript	differs	Prune in mixed characteristic	todo							
2638	2022-10-12	2022-10-12	dr-rizwanj	1			prose	n/a	error with shellable simplicial complexes	todo							
2651	2022-10-30	2022-11-28	d-torrance	1		build issue	transcript	syntax	RandomGenus14Curves tests take a long time	todo							
2658	2022-11-03	2022-11-03	src2165	0			m2	drift	Possible Chern class computation error when pushing forward O(1)	todo							
2683	2022-11-15	2024-07-21	mahrud	11		arm,build issue	transcript	syntax	FFI example error on Ubuntu 22.04	todo							
2687	2022-11-20	2022-11-20	mikestillman	1			prose	n/a	inconsistent naming of matrix factorization functions	todo							
2718	2022-12-25	2025-05-22	pzinn	4		Engine,Linear Algebra	m2	clean	Inverting a lower triangular matrix	todo							
2728	2022-12-30	2023-01-02	mahrud	9		Memory Leak	m2	drift	GC Finalization Cycle Warnings	todo							
2741	2023-01-09	2023-08-21	mahrud	4		Engine	transcript	same-output	RingMap MutableMatrix is broken	todo							
2743	2023-01-10	2024-07-21	ana-pavlakovic	10		build issue,stale	prose	n/a	Error when building: cannot create directory, file exists on Arch Linux	todo							
2753	2023-01-22	2023-04-27	mahrud	0		Engine	prose	n/a	Exponentiation in engine	todo							
2758	2023-02-03	2023-04-28	pzinn	16			prose	n/a	methodOptions, code, locate don't work on MethodFunctionSingle	todo							
2761	2023-02-04	2026-07-02	mahrud	5	Feature	Interfaces	prose	n/a	Update Normaliz package for v3.11.1	todo							
2762	2023-02-04	2024-08-01	mahrud	5			m2	drift	runProgram/findProgram wishlist	todo							
2771	2023-02-09	2024-10-28	mikestillman	5		Core	transcript	reproduces	subscripted variables warning	todo							
2774	2023-02-10	2024-09-17	d-torrance	5		Engine	m2	different-error	Segfault in GBRing::gbvector_remove	todo							
2779	2023-02-16	2023-02-16	mahrud	2			transcript	differs	methods frobenius does not work in TestIdeals	todo							
2783	2023-02-18	2024-10-30	AviSteiner	0		WeylAlgebras	prose	n/a	singularLocus for noncommutative inputs	todo							
2785	2023-02-20	2025-05-13	davikrehalt	1	Feature	Documentation	prose	n/a	Request: Link to source code from documentation	todo							
2786	2023-02-21	2023-02-21	d-torrance	1			transcript	reproduces	Polynomial division over RR and CC	todo							
2789	2023-03-07	2026-01-12	mikestillman	2		Engine,WeylAlgebras	m2	different-error	bug in computing syzygy module for tower rings involving the Weyl algebra in the presence of Schreyer orders	todo							
2800	2023-03-24	2023-03-25	AlicaMir	2			prose	n/a	Rational Maps Package refuses to find an inverse	todo							
2808	2023-04-02	2023-04-25	trevorkarn	3			transcript	differs	Computing kernel of skew commutative ring map	todo							
2810	2023-04-12	2023-04-21	mahrud	0		Engine	transcript	differs	Koszul differentials are not compatible with exterior algebras	todo							
2820	2023-05-01	2023-05-01	mikestillman	0			transcript	differs	prune over number fields doesn't return a minimally generated module	todo							
2822	2023-05-09	2023-05-09	aarondall	0			m2	clean	Bug: filtration of a dual poset	todo							
2826	2023-05-13	2025-05-11	mahrud	4		Linear Algebra	transcript	reproduces	Determinants over FreeAlgebras	todo							
2831	2023-05-14	2023-05-14	mahrud	0		Engine	transcript	crash	crash in rawLinAlgSolve over rationals	todo							
2838	2023-05-15	2024-11-11	d-torrance	2		Documentation	prose	n/a	Re-inventing the wheel for multiprojective space	todo							
2839	2023-05-15	2023-06-01	mikestillman	8			m2	clean	bad bug in decompose, radical	todo							
2847	2023-05-19	2023-05-19	jkyang92	0			prose	n/a	Bug in scarfChainComplex in SimplicialComplexes	todo							
2857	2023-06-01	2023-06-13	d-torrance	8			transcript	syntax	Duplicate large block deallocation in AssociativeAlgebras::oppositeRing example	todo							
2861	2023-06-05	2024-10-30	christineBerkesch	5		WeylAlgebras	prose	n/a	Dmodules package update announcement	todo							
2864	2023-06-06	2023-06-07	mikestillman	2			m2	syntax	handling of methods with Options=>true can be confusing for users	todo							
2867	2023-06-08	2024-10-28	mikestillman	1		Interpreter	m2	different-error	bug in simple doc or during creation of a method	todo							
2869	2023-06-08	2023-06-08	abrahampascoe	0			prose	n/a	socleDegrees in MCMApproximations	todo							
2872	2023-06-09	2024-10-28	mikestillman	1		Engine	prose	n/a	#pragma once	todo							
2882	2023-06-18	2025-05-13	mahrud	2	Feature	Linear Algebra	m2	different-error	Substituting matrices in polynomials	todo							
2888	2023-06-22	2023-06-22	mikestillman	0			m2	crash	crash using gbTrace in free resolutions	todo							
2889	2023-06-25	2023-07-14	fchapoton	8			opaque	n/a	write a lark parser for the M2 script language	todo							
2891	2023-06-26	2025-05-13	mahrud	4	Feature		transcript	differs	Components & formation of direct sums of matrices	todo							
2895	2023-06-29	2025-05-13	mahrud	1	Feature		m2	drift	Complexity of list operations	todo							
2896	2023-06-29	2023-07-12	mahrud	3			transcript	differs	isIsomorphic for free modules	todo							
2897	2023-06-29	2025-04-29	mahrud	5		Linear Algebra	transcript	reproduces	Eigenvalues for finite fields	todo							
2899	2023-06-29	2023-12-10	mahrud	8			prose	n/a	Trivial strategy for basis	todo							
2902	2023-07-01	2023-07-01	mahrud	1			transcript	reproduces	Improve error message in Ring ** Ideal over quotient rings	todo							
2904	2023-07-03	2023-07-03	gblanco92	0			opaque	n/a	 Error: mmap(PROT_NONE)	todo							
2905	2023-07-03	2026-08-13	mahrud	12			transcript	reproduces	Error in tensor(Ring, Ring, Join => false)	todo							
2921	2023-08-30	2023-12-04	pzinn	2			transcript	same-output	method for concatenating matrices	todo							
2923	2023-09-04	2023-11-19	d-torrance	1		build issue	m2	drift	check(26, "MultiplierIdeals") running out of memory	todo							
2931	2023-09-14	2023-09-28	MichaelABurr	1			m2	clean	The zero interval and mutable matrices	todo							
2932	2023-09-14	2023-09-14	jkyang92	0			opaque	n/a	The method polyhedra for PolyhedralComplex in Polyhedra has an off by 1 in dimension	todo							
2939	2023-09-29	2024-06-25	mdebellevue	1			m2	syntax	Doc page with unescaped hashtags - math mode vs. code	todo							
2990	2023-11-09	2023-11-10	pzinn	0			transcript	reproduces	badClass produces incorrect error message	todo							
2992	2023-11-10	2024-07-21	jose-a-sa	3		arm,build issue	prose	n/a	Cputime limit exceeded while running examples for package MultiprojectiveVarieties (macOS 14.1-arm64, Clang 15.0.0)	todo							
3001	2023-11-18	2023-11-20	pzinn	1			transcript	syntax	Operations for sparse matrices	todo							
3007	2023-11-21	2024-07-24	pzinn	3			transcript	differs	degreeLength of a ZZ module	todo							
3011	2023-11-25	2023-11-25	d-torrance	1			prose	n/a	Empty "graded modules" documentation node	todo							
3021	2023-11-29	2023-11-29	mahrud	0			m2	clean	truncate changes order of basis	todo							
3023	2023-12-01	2023-12-01	mahrud	3			transcript	same-output	What's the point of `isQuotientRing`?	todo							
3027	2023-12-05	2025-04-21	mahrud	7			foreign	n/a	Memory intensive module	todo							
3030	2023-12-06	2024-10-30	antonleykin	1		WeylAlgebras	transcript	reproduces	`isHomogeneous` incorrect for a Weyl algebra	todo							
3033	2023-12-08	2023-12-08	mikestillman	4			opaque	n/a	error: documentation already provided for Local	todo							
3035	2023-12-10	2026-06-15	mahrud	11			m2	timeout	reduce breaks algorithms	todo							
3039	2023-12-14	2023-12-14	mahrud	0			transcript	differs	Hom trims unnecessarily	todo							
3041	2023-12-15	2025-05-13	mahrud	2	Feature		m2	drift	Symbol as Optional Argument	todo							
3063	2024-01-11	2024-01-11	d-torrance	0			transcript	reproduces	Inconsistent behavior when dividing by zero in integer/polynomial division	todo							
3069	2024-01-14	2024-01-14	mahrud	2			transcript	differs	Problem with ^1 and ^**1	todo							
3078	2024-01-19	2026-08-13	mahrud	2			m2	clean	Homogeneity bug in basis(..., SourceRing => ...)	todo							
3098	2024-02-02	2024-02-02	mahrud	0			transcript	same-output	issue with importFrom and clearAll	todo							
3112	2024-02-06	2024-07-21	mahrud	6			prose	n/a	New package merge conflicts	todo							
3117	2024-02-07	2024-02-07	mahrud	0			transcript	differs	isMutable MutableMatrix	todo							
3123	2024-02-08	2024-02-08	mikestillman	0			m2	different-error	tower of exterior algebras has incorrect multiplication!	todo							
3134	2024-02-14	2024-02-23	mahrud	6		Documentation	prose	n/a	Changing the changelog	todo							
3145	2024-02-27	2026-04-24	mahrud	7			prose	n/a	Case (in)sensitive files in macOS	todo							
3155	2024-03-15	2024-06-21	pzinn	3			transcript	differs	coefficients not returning coefficients in the coefficient ring	todo							
3165	2024-03-25	2024-04-23	mahrud	2			m2	drift	Pushforward fails for the cuspidal cubic immersion	todo							
3166	2024-03-27	2026-06-01	mahrud	10			m2	different-error	LengthLimit in Complexes	todo							
3171	2024-04-04	2024-04-05	d-torrance	1		build issue	m2	syntax	RInterface test failures on loong64/riscv64 architectures	todo							
3180	2024-04-11	2024-04-11	kschwede	0			transcript	differs	Negative variable degrees, incorrectly computed Ext/Cohomology	todo							
3181	2024-04-11	2024-04-11	griffin-has-questions	0			transcript	syntax	Polyhedra Package Changes Lineality Space of Fan	todo							
3182	2024-04-15	2024-04-15	mahrud	0			transcript	reproduces	equality of ideals over different rings	todo							
3185	2024-04-17	2025-05-13	mahrud	7	Feature		m2	drift	Better list comprehension	todo							
3190	2024-04-26	2024-11-18	ustadny	26		build issue,high-performance computing	prose	n/a	Redhat Enterprise 8 Build problem	todo							
3194	2024-05-02	2025-05-13	mahrud	1	Feature		prose	n/a	Operator wishlist	todo							
3195	2024-05-02	2024-08-22	Ahuchala	1		Interfaces	m2	clean	Precision error with hilbert basis	todo							
3198	2024-05-04	2024-10-18	mahrud	1		under discussion	m2	drift	Precedence of subscripts and superscripts	todo							
3211	2024-05-08	2025-05-13	mahrud	4	Feature		m2	drift	Add assertLevel and automatic timer	todo							
3229	2024-05-14	2025-05-13	mahrud	3	Feature		transcript	reproduces	Allow truthiness for types	todo							
3230	2024-05-15	2024-05-15	mahrud	0		Documentation	prose	n/a	Symlink to an existing documentation node	todo							
3238	2024-05-16	2026-05-23	d-torrance	3		build issue,threads	m2	syntax	key not found in hash table during check(3, "ThreadedGB")	todo							
3242	2024-05-17	2024-05-21	mahrud	6			transcript	syntax	Segfault in DecomposableSparseSystems	todo							
3243	2024-05-17	2024-05-17	pzinn	0			transcript	reproduces	AssociativeAlgebras: failure to lift to coefficient ring	todo							
3245	2024-05-17	2024-05-17	mahrud	0		Documentation	prose	n/a	Listing subtypes semantically in the exports list	todo							
3252	2024-05-21	2024-10-14	mahrud	0		Linear Algebra	transcript	differs	solve doesn't work for non-square matrix over inexact field	todo							
3256	2024-05-22	2024-05-29	Ahuchala	2			m2	different-error	Issue with homology of matrices	todo							
3268	2024-05-29	2025-05-13	mahrud	2	Feature		m2	syntax	Feature request: [D] as notation for class of D	todo							
3284	2024-06-05	2024-06-06	kschwede	3			transcript	syntax	strange behavior in kernel (identified in PushForward) 	todo							
3290	2024-06-06	2025-05-13	mahrud	6	Feature	editors	m2	different-error	Style guide and linter for M2 code	todo							
3296	2024-06-09	2024-06-09	Douglas-Leonard	0			prose	n/a	integralClosure	todo							
3308	2024-06-16	2024-08-20	mikestillman	3			m2	different-error	loadPackage fails for hard to determine reason	todo							
3310	2024-06-17	2024-08-11	d-torrance	2			transcript	differs	Incorrect location for undocumented Core methods	todo							
3322	2024-06-21	2024-06-21	mahrud	0		Documentation	m2	syntax	startup shouldn't depend on documentation	todo							
3330	2024-06-25	2026-05-12	mahrud	6	Feature	Documentation	prose	n/a	Syntax highlighting in packages	todo							
3340	2024-06-30	2024-10-13	mahrud	3			transcript	differs	quotient and modulus for non-integers are wrong	todo							
3352	2024-07-08	2024-07-09	mahrud	1			transcript	reproduces	bug in map and image	todo							
3354	2024-07-10	2025-05-13	mahrud	9	Feature		transcript	differs	Catching uncaught type errors	todo							
3356	2024-07-10	2024-08-10	AviSteiner	5			transcript	syntax	pdim is inconsistent	todo							
3369	2024-07-21	2024-08-07	mahrud	2		Documentation	prose	n/a	Move OptionalComponentsPresent from newPackage to beginDocumentation	todo							
3371	2024-07-21	2024-10-30	pzinn	4		Interpreter	transcript	syntax	try fails to catch alarm	todo							
3372	2024-07-21	2024-10-11	mahrud	0		Linear Algebra,high-performance computing	foreign	n/a	Using Intel's Math Kernel Library with M2	todo							
3384	2024-07-31	2024-08-05	mahrud	1			m2	different-error	Windows carriage return characters	todo							
3394	2024-08-07	2024-08-10	mahrud	1		Documentation	prose	n/a	Documentation of RRi doesn't mention left/right/midpoint	todo							
3406	2024-08-13	2024-08-31	mahrud	3			prose	n/a	Ctrl+D duplicates persistent readline history	todo							
3408	2024-08-16	2024-08-16	mahrud	0			prose	n/a	Pseudocode and disassemble issues	todo							
3412	2024-08-18	2024-09-06	mahrud	2		Interpreter	transcript	syntax	value of string terminating in semicolon	todo							
3413	2024-08-18	2026-08-13	mahrud	1			transcript	same-output	multi-line functions break generateAssertions	todo							
3420	2024-08-20	2025-05-13	mahrud	0	Feature		foreign	n/a	Feature request: new Test keyword for adding tests in the documentation	todo							
3421	2024-08-21	2026-05-14	mikestillman	15		build issue	opaque	n/a	building M2 on Apple silicon MacOS Sonoma	todo							
3422	2024-08-22	2026-07-02	mahrud	5		Interfaces	prose	n/a	Update gfanInterface for  gfan v0.8	todo							
3439	2024-08-26	2025-02-09	mahrud	3		threads	transcript	clean-partial	Bizarre crash involving local symbol and computing basis in parallel	todo							
3443	2024-08-29	2024-08-29	mahrud	0		Documentation	prose	n/a	LaTeX macros for individual package documentation	todo							
3446	2024-09-01	2025-12-03	d-torrance	0			prose	n/a	Undistributed packages that don't load	todo							
3449	2024-09-02	2026-08-14	mahrud	5		Engine	transcript	reproduces	Bug in diff and inverting variable in rings over a fraction field	todo							
3450	2024-09-02	2025-05-22	mahrud	3	Feature	WeylAlgebras	prose	n/a	D-modules over Rational Function Field	todo							
3454	2024-09-04	2025-08-25	mahrud	2	Feature	threads	prose	n/a	Killing unreachable threads	todo							
3459	2024-09-05	2024-09-06	mahrud	2			transcript	syntax	matrix of exponents instead of monomials from basis	todo							
3480	2024-09-17	2024-09-17	sterns	1			m2	drift	lyubeznikResolution bug	todo							
3484	2024-09-18	2025-06-01	mahrud	1	Feature	Documentation	prose	n/a	Docstrings before beginDocumentation	todo							
3486	2024-09-18	2024-09-18	mahrud	1		Documentation	prose	n/a	Documentation of creating types	todo							
3491	2024-09-20	2025-03-11	mahrud	2			prose	n/a	memoize and options	todo							
3493	2024-09-23	2024-09-25	mahrud	2			transcript	reproduces	Defining methods #T, X#Y, and X.Y	todo							
3495	2024-09-24	2024-11-02	d-torrance	4		Interpreter	transcript	reproduces	No recursion limit error for functions of one argument	todo							
3497	2024-09-25	2024-10-30	pzinn	4			transcript	syntax	irreducibleCharacteristicSeries segfault	todo							
3500	2024-09-27	2024-09-27	mahrud	0			prose	n/a	404 errors in package author websites	todo							
3502	2024-10-01	2024-10-01	mahrud	1			transcript	differs	Extra space in expressions of sequences	todo							
3505	2024-10-02	2024-10-02	d-torrance	0			transcript	differs	isPrime in ZZ/n	todo							
3513	2024-10-11	2025-05-21	pzinn	5		Linear Algebra	prose	n/a	More linear algebra speed issues	todo							
3515	2024-10-14	2025-05-13	mahrud	0	Feature		m2	syntax	Extend notation for Function_Thing	todo							
3518	2024-10-15	2025-04-26	pzinn	2			transcript	crash	Flint crash	todo							
3533	2024-10-22	2026-05-22	mahrud	1	Feature	Infrastructure,seeking a volunteer	prose	n/a	Annotations for GitHub Actions	todo							
3537	2024-10-25	2025-05-13	mahrud	0	Feature		transcript	differs	LinkedList as parent of Option	todo							
3543	2024-10-26	2026-04-24	mahrud	2		Documentation	prose	n/a	Documentation links to types that conflict with a package name	todo							
3546	2024-10-27	2024-10-27	mahrud	0		Interpreter	transcript	syntax	Incorrect location when error occurs in the tail call	todo							
3555	2024-10-30	2024-10-30	mahrud	0		build issue	transcript	syntax	SubalgebraBases core dump	todo							
3557	2024-10-30	2026-08-13	mahrud	2			transcript	reproduces	rank fails over ZZ because codim needs Generic => true	todo							
3571	2024-11-02	2024-11-02	d-torrance	0			m2	drift	Insufficient memory for the allocation during check(1, "Depth")	todo							
3575	2024-11-10	2024-12-27	mahrud	10		NormalToricVarieties	m2	drift	Bug in isVeryAmple for simplicial normal toric varieties	todo							
3576	2024-11-11	2025-05-14	mahrud	6		NormalToricVarieties	m2	clean	makeSimplicial in NormalToricVarieties occasionally makes the variety incomplete	todo							
3577	2024-11-11	2024-11-11	mahrud	0		NormalToricVarieties	prose	n/a	basis strategy and order for toric varieties	todo							
3578	2024-11-11	2025-04-30	mahrud	4		Engine	transcript	differs	bug in rawSelectByDegrees depending on internal degrees	todo							
3580	2024-11-12	2025-05-13	mahrud	0	Feature		prose	n/a	Enabling timer for every command in the interpreter	todo							
3581	2024-11-13	2025-05-25	mahrud	3			transcript	same-output	bug in basis of zero modules	todo							
3589	2024-11-23	2025-05-13	mahrud	1	Feature		prose	n/a	keyword `in` or `∈` for membership checking	todo							
3593	2024-11-26	2024-11-28	pzinn	3			transcript	reproduces	User-created keywords	todo							
3596	2024-11-27	2025-05-08	mahrud	7			transcript	same-output	genericMatrix should be row major	todo							
3598	2024-11-27	2025-02-09	mahrud	2			prose	n/a	define applyValues and friends for MutableHashTable	todo							
3601	2024-11-28	2024-12-18	felixlotter	4			m2	drift	gfanInterface: Another issue with gfanConvertToNewRing	todo							
3607	2024-12-09	2024-12-12	mikestillman	2		bug	m2	clean	bug in quotient over quotient ring over QQ	todo							
3608	2024-12-11	2025-05-13	mahrud	1	Feature		transcript	reproduces	Make == a symmetric method	todo							
3610	2024-12-14	2024-12-17	mahrud	1		Documentation	prose	n/a	LaTeX in documentation	todo							
3613	2024-12-16	2024-12-17	mahrud	6		WeylAlgebras	m2	clean	Incorrect ring map evaluation over Weyl algebras	todo							
3616	2024-12-17	2025-05-13	mahrud	5	Feature		prose	n/a	New top-level mode for LaTeX, HTML, or Org-mode output	todo							
3622	2025-01-02	2025-01-02	mahrud	1			transcript	differs	trim Ideal doesn't trim all the way	todo							
3634	2025-01-29	2025-04-29	aalmousa	1			transcript	same-output	syz(Matrix) returns nonminimal syzygies	todo							
3646	2025-02-09	2025-02-09	d-torrance	0			m2	drift	Several tests running out of memory on i386 when compiling with gcc-14	todo							
3656	2025-02-12	2026-06-01	Devlin-Mallory	3			prose	n/a	Reporting infinite projective dimension	todo							
3661	2025-02-19	2026-06-13	mahrud	2			prose	n/a	big modules printed in error messages	todo							
3666	2025-02-20	2025-02-20	mahrud	0			prose	n/a	maximum pipe buffer size	todo							
3671	2025-02-23	2025-02-24	mahrud	2			m2	different-error	option Prefix for needsPackage and friends instead of FileName	todo							
3675	2025-02-24	2025-05-13	mahrud	1	Feature	threads	prose	n/a	top-level mutexes and lock guards	todo							
3689	2025-03-12	2025-05-13	mahrud	1		Documentation	transcript	differs	`about "Groebner"` vs `about "Gröbner"`	todo							
3701	2025-03-19	2025-03-19	mahrud	0			prose	n/a	Disabling XML doesn't work	todo							
3712	2025-03-26	2025-03-26	d-torrance	0			prose	n/a	Fix isCyclic MixedGraph	todo							
3719	2025-04-01	2025-04-01	mahrud	1			transcript	differs	sorting bags changes order	todo							
3721	2025-04-02	2025-04-02	aalmousa	0			transcript	same-output	StopWithMinimalGenerators stops gb computation too early	todo							
3734	2025-04-17	2025-05-13	mahrud	2			m2	different-error	inducedMap fails over CC	todo							
3738	2025-04-18	2025-04-20	mahrud	5			m2	clean	inverse of matrix is not well defined	todo							
3743	2025-04-20	2025-04-21	PhyX-Meow	3		build issue	opaque	n/a	Cannot build on archlinux.	todo							
3747	2025-04-23	2025-05-13	mahrud	0	Feature		prose	n/a	debug(Package) should enable debugging mode for the package	todo							
3759	2025-04-30	2025-05-01	mahrud	1		Documentation	prose	n/a	documentation of Degree of a map	todo							
3778	2025-05-06	2026-05-28	mahrud	4			prose	n/a	Complexes transition issues tracker	todo							
3784	2025-05-07	2025-05-08	mahrud	1			prose	n/a	TopDirectory in Bertini	todo							
3785	2025-05-07	2026-06-11	mahrud	2			transcript	differs	Free resolutions over ZZ using LLL	todo							
3799	2025-05-10	2025-05-24	mahrud	2			prose	n/a	Citation wishlist	todo							
3802	2025-05-11	2026-08-13	mahrud	1			m2	drift	LLLBases issues	todo							
3818	2025-05-14	2025-05-22	mahrud	8			transcript	differs	issue with randomAbstractSimplicialComplex(n,m,d)	todo							
3820	2025-05-15	2026-05-21	d-torrance	3		build issue	m2	n/a-platform	Oscillators tests running out of memory	todo							
3829	2025-05-17	2025-05-17	mahrud	0			prose	n/a	minimal and characteristic polynomial	todo							
3834	2025-05-18	2025-05-19	mahrud	1			transcript	same-output	extField from RationalPoints2 overtakes symbol "a"	todo							
3842	2025-05-22	2025-05-23	mahrud	1		Documentation	m2	drift	issue warning for documentation nodes without an example	todo							
3843	2025-05-22	2025-05-25	mahrud	6			prose	n/a	BinaryPowerMethod should cache M^**(2^k) steps	todo							
3844	2025-05-23	2025-05-23	mahrud	0			m2	clean	standardized binarySearch implementation	todo							
3847	2025-05-24	2025-05-24	tom111	0			m2	drift	`isRegularSequence` from `Depth` package does not work in multigraded setting	todo							
3848	2025-05-24	2025-07-05	mahrud	9			m2	syntax	"try" should suppress error processing	todo							
3849	2025-05-24	2025-05-27	mkoeppe	12		build issue	opaque	n/a	fedora-{37,...,42}: Build failure with cmake linking against normaliz with libcocoa	todo							
3856	2025-05-28	2025-05-28	mahrud	0			transcript	drift	freeResolution ignores LengthLimit if previous resolution is interrupted	todo							
3861	2025-05-31	2025-05-31	jkyang92	0			m2	clean	isVeryAmple is incorrect for Polyhedrons	todo							
3863	2025-06-02	2026-04-24	mahrud	0		Documentation	prose	n/a	Matrices in documentation should not be wrapped	todo							
3868	2025-06-03	2026-03-09	mahrud	12			transcript	same-output	strict equality of complexes	todo							
3870	2025-06-03	2025-06-03	mahrud	0	Feature	Interpreter	transcript	reproduces	apply/scan should accept continue	todo							
3878	2025-06-09	2025-06-09	mkoeppe	0		build issue	opaque	n/a	cmake build fails on aarch64 with redhat's gcc-toolset-14 - unconditional link with quadmath	todo							
3881	2025-06-10	2025-06-10	mahrud	0			transcript	syntax	equality of elements of submodules of the same module	todo							
3885	2025-06-12	2025-06-12	mahrud	0			transcript	syntax	Interrupting Normaliz crashes M2	todo							
3887	2025-06-13	2026-08-13	kschwede	2			transcript	reproduces	pushFwd incorrect behavior on certain rings produced by flattenRing	todo							
3891	2025-06-18	2025-06-18	mahrud	0	Feature	Interpreter	prose	n/a	M2 debugging tools and Debug Adapter Protocol	todo							
3892	2025-06-19	2025-06-19	mahrud	0			prose	n/a	overwriting pi	todo							
3895	2025-06-26	2025-06-26	mahrud	0		threads	transcript	crash	freeResolution and syz are not thread-safe	todo							
3904	2025-07-01	2026-06-11	mahrud	2			transcript	differs	dd_C doesn't work in Complexes	todo							
3917	2025-07-06	2025-08-10	mahrud	2			transcript	differs	Hom between modules over different rings	todo							
3927	2025-07-11	2026-01-10	mahrud	1		Interpreter,threads	transcript	syntax	value is not thread-safe	todo							
3943	2025-08-02	2026-06-02	mahrud	6			prose	n/a	isCommutative(ComplexMap) doesn't cache if debugLevel != 0	todo							
3950	2025-08-14	2025-08-14	mahrud	0			transcript	reproduces	coefficients doesn't work over FreeAlgebraQuotient with arbitrary basis	todo							
3953	2025-08-19	2026-06-11	mahrud	3			transcript	differs	incorrect cohomological shift for modules	todo							
3954	2025-08-23	2025-08-24	Devlin-Mallory	2			m2	different-error	issues with Hom(CoherentSheaf, CoherentSheaf) for sheaves with zero-dimensional support	todo							
3957	2025-08-25	2025-12-02	mahrud	1		threads	prose	n/a	Task manager + delegating the current thread to background	todo							
3958	2025-08-25	2025-08-25	mahrud	0		threads	prose	n/a	applyKeys, applyValues, etc. can be parallelized	todo							
3961	2025-08-28	2026-08-13	Devlin-Mallory	1			prose	n/a	isWellDefined for ring maps	todo							
3971	2025-09-05	2025-09-06	pzinn	1			transcript	same-output	tensor(list of Lists) produces something useless	todo							
3973	2025-09-06	2026-08-13	d-torrance	1		Engine	transcript	crash	Internal error inverting element of tower ring constructed with toField	todo							
3979	2025-09-10	2025-09-10	d-torrance	0			transcript	syntax	segfault in AssociativeAlgebras::pointScheme example	todo							
3985	2025-09-22	2026-05-01	d-torrance	1			m2	clean	check(4, "RunExternalM2") failing on macos-14	todo							
3988	2025-09-29	2025-09-29	d-torrance	0			m2	syntax	check(7, "Msolve") timing out on 32-bit systems	todo							
3993	2025-10-02	2025-10-02	d-torrance	0			prose	n/a	bug in randomPoints	todo							
3998	2025-10-09	2026-06-11	mahrud	7			transcript	reproduces	minimalBetti fails for zero modules	todo							
4004	2025-10-13	2026-06-02	mahrud	6			prose	n/a	cone for a ComplexMap of nonzero degree	todo							
4006	2025-10-19	2025-10-19	mahrud	0			transcript	syntax	delayed error printing when no method is applicable	todo							
4015	2025-11-07	2025-11-07	mahrud	1			transcript	differs	calling mingens after syz gb	todo							
4023	2025-11-08	2025-11-14	mahrud	3	Feature	NormalToricVarieties	m2	drift	complexity of `orbits` and hence `toricBlowup` is exponential for blowing up at a point	todo							
4027	2025-11-13	2026-01-08	IsaacGoldberg	0		WeylAlgebras	prose	n/a	Problem with WeylClosure function in D-modules	todo							
4029	2025-11-14	2025-11-14	Devlin-Mallory	0			m2	different-error	weird(?) substitute/ring map behavior	todo							
4030	2025-11-16	2026-05-11	mahrud	0		Documentation	prose	n/a	WeylGroups/tutorial.html	todo							
4066	2025-12-17	2026-01-13	mahrud	8		community	prose	n/a	AI/LLM contribution policy	todo							
4067	2025-12-18	2026-08-13	mahrud	2			transcript	syntax	syntax error for extra semicolon	todo							
4068	2025-12-18	2026-01-12	mahrud	0		Interpreter	transcript	reproduces	clarify which parsing/syntax/unhandled errors are caught	todo							
4082	2026-01-07	2026-01-13	nielsthl	2		WeylAlgebras	m2	different-error	Weyl algebra division by zero error in characteristic $p>0$.	todo							
4083	2026-01-08	2026-01-09	antonleykin	3		WeylAlgebras	m2	crash	Dintegration and getIntRoots	todo							
4088	2026-01-12	2026-01-12	mikestillman	1		WeylAlgebras	m2	drift	WeylAlgebras Fourier documentation example error?	todo							
4089	2026-01-12	2026-02-27	mikestillman	2			m2	drift	LinearTruncations	todo							
4095	2026-01-16	2026-01-24	naddington	2			transcript	differs	trim fails in ZZ[x]	todo							
4104	2026-01-26	2026-01-27	LegionMammal978	4			m2	syntax	Errors during SDP optimization with "M2" solver	todo							
4107	2026-01-27	2026-01-30	LegionMammal978	3			transcript	differs	"SDP failed" with CSDP on local installations, but not on Macaulay2Web	todo							
4109	2026-01-28	2026-01-28	d-torrance	1			m2	syntax	MonomialIntegerPrograms assumes SCIP was compiled with ZIMPL support	todo							
4117	2026-02-01	2026-05-01	Theodejongmath	1			prose	n/a	Documentation update: Attributing the De Jong algorithm and the Grauert-Remmert-De Jong criterion	todo							
4143	2026-02-25	2026-02-26	mahrud	2		Engine,threads	foreign	n/a	Segfault in parallel gb calls	todo							
4144	2026-02-25	2026-02-25	mahrud	0		Interpreter	m2	syntax	Non-interrupting debug info from Ctrl-C	todo							
4149	2026-02-25	2026-08-13	mahrud	1			transcript	reproduces	file paths should not be wrapped	todo							
4151	2026-02-28	2026-02-28	mahrud	1			transcript	differs	prune(CoherentSheaf) for NormalToricVarieties	todo							
4155	2026-03-02	2026-03-03	btotaro	1			prose	n/a	Problem with isSupportedInZeroLocus, from Saturation.m2	todo							
4157	2026-03-09	2026-03-22	mahrud	2		threads	transcript	timeout	taskResult within schedule causes freezing	todo							
4159	2026-03-10	2026-06-11	jkyang92	3			m2	syntax	The `describe` method doesn't work on `ComplexMap`	todo							
4160	2026-03-10	2026-03-18	mahrud	1			m2	different-error	induced maps from more general submodules	todo							
4161	2026-03-14	2026-03-14	mahrud	0			prose	n/a	random vs shuffle for a list	todo							
4168	2026-03-21	2026-03-21	mahrud	0			m2	drift	take and drop	todo							
4169	2026-03-21	2026-05-04	mahrud	1			transcript	differs	quasi-polynomials and annotated functions	todo							
4170	2026-03-22	2026-03-24	mahrud	2		Engine	m2	different-error	Crash in parallel intersections in hermite.cpp	todo							
4177	2026-03-30	2026-03-31	mahrud	0		threads	transcript	clean	bug in decreasing allowableThreads	todo							
4178	2026-03-31	2026-04-01	mahrud	0		high-performance computing,threads	m2	drift	toplevel cache locality and limiting number of threads for a particular task list	todo							
4179	2026-04-02	2026-05-06	mahrud	3	Feature		prose	n/a	getWWW problems	todo							
4182	2026-04-07	2026-04-07	mahrud	0		good beginners' project	m2	syntax	computation of ranks of many submatrices	todo							
4183	2026-04-08	2026-04-08	mahrud	2		NormalToricVarieties	prose	n/a	Indexing of smoothFanoToricVariety	todo							
4184	2026-04-08	2026-04-08	mahrud	2			transcript	differs	try modifier in apply,select,etc	todo							
4193	2026-04-12	2026-04-12	btotaro	0			prose	n/a	Definition of the shift C[n] in Complexes	todo							
4194	2026-04-16	2026-05-04	mahrud	8			transcript	different-error	issue with promote and ancestry of CC_53 and SheafOfRings	todo							
4198	2026-04-18	2026-04-19	mahrud	1			m2	syntax	Unclear failures in autotools build	todo							
4201	2026-04-20	2026-04-22	mahrud	3			transcript	same-output	multiple isCM and isCohenMacaulay methods	todo							
4202	2026-04-20	2026-04-20	mahrud	0			prose	n/a	synonyms in the documentation	todo							
4209	2026-04-21	2026-04-23	mahrud	3			transcript	clean	oeis gives empty output	todo							
4226	2026-04-27	2026-04-30	mahrud	10		Engine,threads	m2	syntax	Crash in parallel gb computations	todo							
4228	2026-04-28	2026-04-28	mahrud	0		Documentation	prose	n/a	database of secondary nodes and primary nodes	todo							
4230	2026-04-29	2026-04-29	mahrud	0		Interpreter	transcript	differs	Optimizing overhead of syntactic sweeteners for functions	todo							
4231	2026-04-29	2026-08-13	mahrud	4			prose	n/a	select on mutable hash tables	todo							
4257	2026-05-04	2026-05-04	mahrud	0	Feature	Engine	prose	n/a	option to override monomial order in leadTerm, gb, etc.	todo							
4267	2026-05-07	2026-05-07	d-torrance	0			transcript	differs	Equality of visible lists	todo							
4271	2026-05-08	2026-05-12	pzinn	13	Feature		opaque	n/a	double "for" loop	todo							
4276	2026-05-09	2026-05-09	pzinn	1		Interpreter	transcript	reproduces	Issues with new M2-level Error class	todo							
4278	2026-05-09	2026-06-11	d-torrance	6			transcript	differs	Slowdown computing resolutions in Complexes	todo							
4292	2026-05-11	2026-05-11	mahrud	2			transcript	syntax	Stray symbols from packages	todo							
4294	2026-05-11	2026-05-29	mahrud	2			m2	drift	OldChainComplexes is unusable	todo							
4302	2026-05-14	2026-08-13	aalmousa	1			prose	n/a	Basic guide for when to use different data types	todo							
4305	2026-05-15	2026-05-15	mikestillman	1			prose	n/a	name conflicts with the packages directory files	todo							
4308	2026-05-17	2026-05-17	eisenbud	0			prose	n/a	saturate, Module, Ideal is broken	todo							
4311	2026-05-17	2026-05-18	joel-dodge	0		Documentation	transcript	differs	Bug in generating example responses	todo							
4316	2026-05-18	2026-05-18	dimpase	1		build issue	prose	n/a	with -DBUILD_DOCS=ON cmake should error out if no doxygen installed	todo							
4320	2026-05-18	2026-05-28	antonleykin	1		Documentation	prose	n/a	variables, symbols, identifiers conventions in the documentation	todo							
4321	2026-05-18	2026-05-18	mahrud	0		build issue	shell	n/a	cmake syslibroot problem on macosx	todo							
4324	2026-05-19	2026-05-19	mahrud	0			prose	n/a	"apropos" with fuzzy search	todo							
4325	2026-05-19	2026-05-19	mahrud	0			prose	n/a	M2SingularBook	todo							
4338	2026-05-20	2026-05-22	trevorkarn	3	Feature	Interpreter	transcript	syntax	Add functionality to the debugger to enter function	todo							
4339	2026-05-20	2026-05-20	tbrysiewicz	1			transcript	clean	ISC links broken	todo							
4342	2026-05-21	2026-05-21	andrew-tawfeek	0		Engine	m2	syntax	Removing the assprime.{cpp,hpp} file in the Macaulay2 engine	todo							
4356	2026-05-22	2026-06-13	d-torrance	1		Core,bug	transcript	syntax	"line number not found in file stdio" when running "code"	todo							
4368	2026-05-25	2026-05-27	d-torrance	0		bug	transcript	syntax	check(41, "NumericalAlgebraicGeometry") fails when Bertini is installed	todo							
4376	2026-05-27	2026-05-27	pzinn	2		Engine,bug	transcript	differs	MutableMatrix multiplication bug	todo							
4389	2026-05-29	2026-05-29	mahrud	5			transcript	syntax	changeDirectory breaks path	todo							
4391	2026-05-29	2026-06-02	mahrud	3			transcript	crash	minimalBetti sometimes doesn't get cached by Complexes	todo							
4392	2026-05-30	2026-05-30	mahrud	0			transcript	syntax	closing stdio breaks M2	todo							
4393	2026-05-31	2026-08-13	mahrud	3			transcript	differs	runLengthEncode prefers sequences to duplicates	todo							
4398	2026-06-02	2026-06-10	mahrud	5		Interpreter	prose	n/a	making mutable objects immutable	todo							
4404	2026-06-03	2026-06-03	mahrud	3			prose	n/a	negative numbers from minimalBetti	todo							
4409	2026-06-04	2026-06-05	seangrate	0		Documentation	prose	n/a	Custom templates for documentation nodes	todo							
4413	2026-06-05	2026-06-06	d-torrance	2		build issue	m2	syntax	check(1, "EnumerationCurves") running out of memory on 32-bit systems	todo							
4414	2026-06-05	2026-06-07	pzinn	2			transcript	reproduces	indent level not correctly reset when error happens in html	todo							
4415	2026-06-05	2026-06-05	Devlin-Mallory	1			m2	drift	isIsomorphic in the inhomogeneous case	todo							
4416	2026-06-05	2026-06-05	d-torrance	0			transcript	differs	Arithogeometric mean of infinity inconsistencies	todo							
4436	2026-06-11	2026-06-11	d-torrance	0			m2	syntax	empty triangulation: expected at least one max simplex w/ older TOPCOM	todo							
4442	2026-06-13	2026-06-13	pzinn	1			transcript	different-error	realpath rejects `#`	todo							
4445	2026-06-13	2026-06-13	pzinn	1			transcript	differs	factor bug with FractionField	todo							
4446	2026-06-14	2026-06-14	d-torrance	0			prose	n/a	M2-language-server needs a manual page	todo							
4449	2026-06-17	2026-06-17	pzinn	0			transcript	differs	discriminant throwing an error when it probably shouldn't	todo							
4461	2026-06-30	2026-06-30	pzinn	3			transcript	same-output	error multiplying matrices with entries in fraction field	todo							
4474	2026-07-17	2026-07-18	jkyang92	6			m2	drift	Calling ideal of a ToricMap fails for affine spaces	todo							
4481	2026-07-19	2026-07-19	jkyang92	0			m2	different-error	Hom of CoherentSheaf on a NormalToricVariety fails due to a missing pruningMap	todo							
4486	2026-07-27	2026-08-03	pzinn	0		Core,bug	transcript	same-output	non uniqueness of ZZ/n for n nonprime	todo							
4487	2026-07-28	2026-07-28	tsandstr	0			transcript	differs	Documentation for `isHomogeneous(Matrix)` unclear	todo							
4493	2026-08-04	2026-08-04	AlexanderGolys	1		bug	transcript	syntax	Exploit unlocking reassignment for any protected object	todo							
4494	2026-08-04	2026-08-13	d-torrance	0		Engine,bug,bugs directory,threads	skip		The libfactory interface needs a C-level mutex	stands						keep	filed under #36 by the bugs/ sweep; verified and labelled at filing
4495	2026-08-04	2026-08-13	d-torrance	0		Interpreter,bugs directory	skip		Generated C code uses non-ANSI __attribute__ ((constructor))	stands						keep	filed under #36 by the bugs/ sweep; verified and labelled at filing
4496	2026-08-04	2026-08-13	d-torrance	0		Core,bug,bugs directory	skip		OutputDictionary should not be on dictionaryPath while a package loads	stands						keep	filed under #36 by the bugs/ sweep; verified and labelled at filing
4497	2026-08-04	2026-08-13	d-torrance	1		Engine,bugs directory,feature request	skip		No top-level interface to the engine's tower rings	stands						keep	filed under #36 by the bugs/ sweep; verified and labelled at filing
4498	2026-08-04	2026-08-13	d-torrance	0		Interpreter,bugs directory	skip		errorDepth could match loadDepth sooner, to improve error messages	stands						keep	filed under #36 by the bugs/ sweep; verified and labelled at filing
4499	2026-08-04	2026-08-13	d-torrance	0		Core,bugs directory,feature request	skip		Add a method for (isSurjective, RingMap)	stands						keep	filed under #36 by the bugs/ sweep; verified and labelled at filing
4500	2026-08-04	2026-08-13	d-torrance	0		Core,bug,bugs directory	skip		Unhelpful error message from monomialIdeal {}	stands						keep	filed under #36 by the bugs/ sweep; verified and labelled at filing
4502	2026-08-04	2026-08-13	d-torrance	0		Core,bugs directory,feature request	skip		needsPackage should be able to load a package without its unadorned symbols	stands						keep	filed under #36 by the bugs/ sweep; verified and labelled at filing
4503	2026-08-04	2026-08-13	d-torrance	0		Interpreter,bug,bugs directory	skip		Inconsistent equality comparing a low-precision RR against double literals	stands						keep	filed under #36 by the bugs/ sweep; verified and labelled at filing
4504	2026-08-04	2026-08-13	d-torrance	0		Core,bugs directory,under discussion	skip		Rename minimalPresentation to minimizePresentation	stands						keep	filed under #36 by the bugs/ sweep; verified and labelled at filing
4505	2026-08-04	2026-08-13	d-torrance	0		Core,bug,bugs directory	skip		Package option processing differs between loadPackage and load	stands						keep	filed under #36 by the bugs/ sweep; verified and labelled at filing
4506	2026-08-04	2026-08-13	d-torrance	0		Core,Linear Algebra,bug,bugs directory	skip		inverse of a non-square matrix returns a matrix instead of erroring	stands						keep	filed under #36 by the bugs/ sweep; verified and labelled at filing
4507	2026-08-04	2026-08-13	d-torrance	0		Interpreter,bugs directory,feature request	skip		Provide a way to produce a backtrace when returning from the debugger	stands						keep	filed under #36 by the bugs/ sweep; verified and labelled at filing
4508	2026-08-04	2026-08-13	d-torrance	0		Documentation,bugs directory	skip		Document that option names in packages must be exported	stands						keep	filed under #36 by the bugs/ sweep; verified and labelled at filing
4509	2026-08-04	2026-08-13	d-torrance	0		Documentation,bugs directory,feature request	skip		Documentation nodes should be able to declare search aliases, e.g. Normalform for %	stands						keep	filed under #36 by the bugs/ sweep; verified and labelled at filing
4510	2026-08-04	2026-08-13	d-torrance	1		Core,bug,bugs directory	skip		R_0..R_3 yields IndexedVariables after another ring reuses the same symbols	stands						keep	filed under #36 by the bugs/ sweep; verified and labelled at filing
4511	2026-08-04	2026-08-13	d-torrance	0		Interpreter,bug,bugs directory	skip		Installing a method on a plain function closure should be an error	stands						keep	filed under #36 by the bugs/ sweep; verified and labelled at filing
4512	2026-08-04	2026-08-13	d-torrance	0		bugs directory,build issue	skip		Generate the d/*.o dependencies on e/*.hpp instead of maintaining them by hand	stands						keep	filed under #36 by the bugs/ sweep; verified and labelled at filing
4513	2026-08-04	2026-08-13	d-torrance	0		Interpreter,bug,bugs directory	skip		A method written (opts)->(m,n)-> with a return type is silently not installed	stands						keep	filed under #36 by the bugs/ sweep; verified and labelled at filing
4515	2026-08-04	2026-08-13	d-torrance	2		Core,bug,bugs directory	skip		Matrix % Matrix requires free modules while quotientRemainder does not	stands						keep	filed under #36 by the bugs/ sweep; verified and labelled at filing
4516	2026-08-04	2026-08-04	AlexanderGolys	1		Interpreter	prose	n/a	`parse` getting wrong top level cells with semicolons	todo							
4517	2026-08-04	2026-08-13	d-torrance	1		Infrastructure,bugs directory,build issue	skip		Build M2 with -fsanitize=integer to find integer overflow bugs	stands						keep	filed under #36 by the bugs/ sweep; verified and labelled at filing
4518	2026-08-04	2026-08-13	d-torrance	1		Core,Gröbner bases,bugs directory,feature request	skip		Let a ring register a Groebner basis strategy for gb to find	stands						keep	filed under #36 by the bugs/ sweep; verified and labelled at filing
4520	2026-08-04	2026-08-13	AlexanderGolys	1		Interpreter	transcript	differs	Incomplete quote eating EOF token during parsing	todo							
4521	2026-08-04	2026-08-13	d-torrance	0		Core,bug,bugs directory	skip		Reloading a package silently discards the Configuration it was loaded with	stands						keep	filed under #36 by the bugs/ sweep; verified and labelled at filing
4522	2026-08-04	2026-08-13	d-torrance	0		Interpreter,bug,bugs directory	skip		Audit the remaining bare sprintf calls in c/ and d/ for buffer overflows	stands						keep	filed under #36 by the bugs/ sweep; verified and labelled at filing
4523	2026-08-04	2026-08-13	d-torrance	0		Documentation,bugs directory	skip		Document how to declare the typical value of a binary operator method	stands						keep	filed under #36 by the bugs/ sweep; verified and labelled at filing
4524	2026-08-04	2026-08-13	d-torrance	0		Core,bugs directory,feature request	skip		There is no way to construct an empty vector	stands						keep	filed under #36 by the bugs/ sweep; verified and labelled at filing
4525	2026-08-04	2026-08-13	d-torrance	0		Interpreter,bug,bugs directory	skip		scc1 emits the else clause of an exhaustive when as unreachable code	stands						keep	filed under #36 by the bugs/ sweep; verified and labelled at filing
4526	2026-08-04	2026-08-13	d-torrance	0		Interpreter,bugs directory,feature request	skip		Nothing replaced dumpdata: consider an M2 compute process over pipes	stands						keep	filed under #36 by the bugs/ sweep; verified and labelled at filing
4527	2026-08-04	2026-08-13	d-torrance	0		Interfaces,bugs directory	skip		Automate the SCSCP checks against a server bound to 127.0.0.1	stands						keep	filed under #36 by the bugs/ sweep; verified and labelled at filing
4530	2026-08-04	2026-08-13	d-torrance	0		Core,bug,bugs directory	skip		symmetricPower of a matrix ignores relations, disagreeing with the module version	stands						keep	filed under #36 by the bugs/ sweep; verified and labelled at filing
4531	2026-08-04	2026-08-13	d-torrance	0		Documentation,bug,bugs directory	skip		Documentation html filenames still contain raw UTF-8	stands						keep	filed under #36 by the bugs/ sweep; verified and labelled at filing
4533	2026-08-05	2026-08-13	d-torrance	0		Interpreter,bug,bugs directory	skip		"break" does not return to top level from a file load, contrary to its documentation	stands						keep	filed under #36 by the bugs/ sweep; verified and labelled at filing
4534	2026-08-05	2026-08-13	d-torrance	1		Interpreter,bugs directory,feature request	skip		"on" should trace the individual methods of a method function	stands						keep	filed under #36 by the bugs/ sweep; verified and labelled at filing
4536	2026-08-05	2026-08-13	d-torrance	0		Core,Memory Leak,bug,bugs directory	skip		Reloading a package leaks entries into the Attributes table	stands						keep	filed under #36 by the bugs/ sweep; verified and labelled at filing
4537	2026-08-05	2026-08-13	d-torrance	0		Core,bugs directory	skip		Convert the remaining package-scope needsPackage calls to PackageImports or PackageExports	stands						keep	filed under #36 by the bugs/ sweep; verified and labelled at filing
4538	2026-08-05	2026-08-13	d-torrance	0		bugs directory,feature request	skip		Schubert2: eliminate the unneeded variables in a projective bundle's intersection ring	stands						keep	filed under #36 by the bugs/ sweep; verified and labelled at filing
4539	2026-08-05	2026-08-13	d-torrance	0		Documentation,bugs directory	skip		"methods for normal forms and remainder" should link to // for the quotient half	stands						keep	filed under #36 by the bugs/ sweep; verified and labelled at filing
4540	2026-08-05	2026-08-13	d-torrance	0		Core,bugs directory,feature request	skip		Add random(Sequence, Ring) to Core for generating several random elements at once	stands						keep	filed under #36 by the bugs/ sweep; verified and labelled at filing
4541	2026-08-05	2026-08-13	d-torrance	0		bugs directory,good beginners' project	skip		Benchmark: the yang-gb1 benchmark asserts nothing about its result	stands						keep	filed under #36 by the bugs/ sweep; verified and labelled at filing
4542	2026-08-05	2026-08-13	d-torrance	0		Interpreter,bug,bugs directory	skip		scc1: a when whose branches all return is not recognized as returning	stands						keep	filed under #36 by the bugs/ sweep; verified and labelled at filing
4543	2026-08-05	2026-08-13	d-torrance	1		Interpreter,bugs directory,feature request	skip		Catch SIGSEGV on an alternate stack with sigaltstack	stands						keep	filed under #36 by the bugs/ sweep; verified and labelled at filing
4544	2026-08-05	2026-08-13	d-torrance	0		Interpreter,bug,bugs directory	skip		Comparing complex numbers with < or ? silently answers instead of erroring	stands						keep	filed under #36 by the bugs/ sweep; verified and labelled at filing
4545	2026-08-05	2026-08-13	d-torrance	0		Documentation,bugs directory	skip		"making new functions with optional arguments" should link to "method"	stands						keep	filed under #36 by the bugs/ sweep; verified and labelled at filing
4546	2026-08-05	2026-08-13	d-torrance	0		bugs directory,feature request	skip		hh cannot dispatch on the classes of more than one argument	stands						keep	filed under #36 by the bugs/ sweep; verified and labelled at filing
4547	2026-08-05	2026-08-13	d-torrance	0		Documentation,bugs directory	skip		The "select" documentation lists See also before Ways to use	stands						keep	filed under #36 by the bugs/ sweep; verified and labelled at filing
4548	2026-08-05	2026-08-13	d-torrance	0		Core,bugs directory,feature request	skip		Add temporaryDirectory, alongside a way to remove a directory and its contents	stands						keep	filed under #36 by the bugs/ sweep; verified and labelled at filing
4549	2026-08-05	2026-08-13	d-torrance	0		Documentation,bugs directory,feature request	skip		Documentation pages carry no link for reporting a problem with them	stands						keep	filed under #36 by the bugs/ sweep; verified and labelled at filing
4550	2026-08-05	2026-08-13	d-torrance	0		Core,bugs directory,feature request	skip		Hook rawDiscreteLog into log for elements of a finite field	stands						keep	filed under #36 by the bugs/ sweep; verified and labelled at filing
4551	2026-08-05	2026-08-13	d-torrance	0		Core,bug,bugs directory	skip		gens of a ring made by toField returns the empty list	stands						keep	filed under #36 by the bugs/ sweep; verified and labelled at filing
4552	2026-08-05	2026-08-05	d-torrance	0		Core,bug	transcript	differs	homogenize(Module,RingElement,List) does not homogenize the module, unlike the two-argument form	todo							
4553	2026-08-05	2026-08-13	d-torrance	0		Core,bugs directory,feature request	skip		ambient of a non-quotient ring should return the ring rather than erroring	stands						keep	filed under #36 by the bugs/ sweep; verified and labelled at filing
4554	2026-08-05	2026-08-13	d-torrance	0		Core,bug,bugs directory	skip		installPackage does not create or update the info dir index beside the .info file it writes	stands						keep	filed under #36 by the bugs/ sweep; verified and labelled at filing
4555	2026-08-05	2026-08-13	d-torrance	0		Core,bugs directory,feature request	skip		A missing documentation database is not rebuilt automatically	stands						keep	filed under #36 by the bugs/ sweep; verified and labelled at filing
4556	2026-08-05	2026-08-13	d-torrance	1		Engine,Linear Algebra,bug	transcript	reproduces	inverse of a singular matrix over RR or CC returns the zero matrix instead of erroring	todo							
4557	2026-08-05	2026-08-13	d-torrance	0		Core,bugs directory,feature request	skip		Ring _ Sequence, so that R_(1..3) returns those generators	stands						keep	filed under #36 by the bugs/ sweep; verified and labelled at filing
4558	2026-08-05	2026-08-13	d-torrance	0		Core,Documentation,bug,bugs directory	skip		The documented way to erase a cached Gröbner basis is a silent no-op, and there is no supported replacement	stands						keep	filed under #36 by the bugs/ sweep; verified and labelled at filing
4560	2026-08-06	2026-08-13	d-torrance	0		Interpreter,bug,bugs directory	skip		The debugger skips a calling function that declares no local variables, contrary to the documentation	stands						keep	filed under #36 by the bugs/ sweep; verified and labelled at filing
4561	2026-08-06	2026-08-13	d-torrance	0		bugs directory,build issue,feature request	skip		Use etags --include to build a single TAGS file spanning all six source directories	stands						keep	filed under #36 by the bugs/ sweep; verified and labelled at filing
4562	2026-08-06	2026-08-13	d-torrance	0		Interpreter,bug,bugs directory	skip		scc1 fails with an assertion when the input file is named string.d	stands						keep	filed under #36 by the bugs/ sweep; verified and labelled at filing
4563	2026-08-06	2026-08-13	d-torrance	0		Core,bugs directory,feature request	skip		directSum(List, Function), so that directSum(x, f) means directSum apply(x, f)	stands						keep	filed under #36 by the bugs/ sweep; verified and labelled at filing
4564	2026-08-06	2026-08-13	d-torrance	0		Documentation,bugs directory	skip		hilbertSeries documentation does not mention numerator or denominator	stands						keep	filed under #36 by the bugs/ sweep; verified and labelled at filing
4565	2026-08-06	2026-08-13	d-torrance	0		Documentation,bugs directory	skip		The mutable-matrix row and column operations return the matrix but document no output	stands						keep	filed under #36 by the bugs/ sweep; verified and labelled at filing
4566	2026-08-06	2026-08-13	d-torrance	0		Documentation,bug,bugs directory	skip		A documentation node built from SYNOPSIS blocks lists none of its optional arguments	stands						keep	filed under #36 by the bugs/ sweep; verified and labelled at filing
4567	2026-08-06	2026-08-13	d-torrance	0		Documentation,bug,bugs directory	skip		run ignores interrupts, but its documentation says terminal signals reach Macaulay2	stands						keep	filed under #36 by the bugs/ sweep; verified and labelled at filing
4568	2026-08-06	2026-08-13	d-torrance	0		Documentation,bugs directory	skip		installPackage's Usage line does not show that the package name is a string	stands						keep	filed under #36 by the bugs/ sweep; verified and labelled at filing
4569	2026-08-06	2026-08-13	d-torrance	0		Documentation,bugs directory	skip		[document, Inputs] does not say how to document an optional argument	stands						keep	filed under #36 by the bugs/ sweep; verified and labelled at filing
4570	2026-08-06	2026-08-13	d-torrance	0		Core,bug,bugs directory	skip		vars generates variable names that .. cannot invert	stands						keep	filed under #36 by the bugs/ sweep; verified and labelled at filing
4571	2026-08-06	2026-08-13	d-torrance	0		bugs directory,under discussion	skip		EllipticIntegrals: the sign of Period' disagrees with the paper, and E.log's branch cuts are unchecked	stands						keep	filed under #36 by the bugs/ sweep; verified and labelled at filing
4572	2026-08-06	2026-08-13	d-torrance	1		Interpreter,bugs directory,feature request	skip		The "no method" error for each operator is installed as a method, so it fills up methods output	stands						keep	filed under #36 by the bugs/ sweep; verified and labelled at filing
4573	2026-08-06	2026-08-13	d-torrance	0		Core,bug,bugs directory	skip		A superscript on a tall base is drawn at the base's baseline instead of above it	stands						keep	filed under #36 by the bugs/ sweep; verified and labelled at filing
4574	2026-08-06	2026-08-13	d-torrance	1		Core,bug,bugs directory	skip		factor reports a polynomial as irreducible over a quotient by a prime ideal unless toField was called	stands						keep	filed under #36 by the bugs/ sweep; verified and labelled at filing
4575	2026-08-06	2026-08-06	d-torrance	0		Core,bug,bugs directory	skip		export reports the left-hand name when the right-hand one is not a string	stands						keep	filed under #36 by the bugs/ sweep; verified and labelled at filing
4576	2026-08-06	2026-08-13	d-torrance	1		Core,bug,bugs directory	skip		frac accepts a ring that is not a domain, giving a fraction field where multiplication is not associative	stands						keep	filed under #36 by the bugs/ sweep; verified and labelled at filing
4577	2026-08-06	2026-08-13	d-torrance	0		Interpreter,bug,bugs directory	skip		Buffered output to an unclosed file is lost at garbage collection	stands						keep	filed under #36 by the bugs/ sweep; verified and labelled at filing
4578	2026-08-06	2026-08-13	d-torrance	0		Core,bug,bugs directory	skip		flattenRing(R, CoefficientRing => R) errors instead of returning R unchanged	stands						keep	filed under #36 by the bugs/ sweep; verified and labelled at filing
4579	2026-08-06	2026-08-13	d-torrance	1		Core,bugs directory,feature request	skip		flattenRing rebuilds a raw ring it already has, and applying a ring map never short-circuits	stands						keep	filed under #36 by the bugs/ sweep; verified and labelled at filing
4580	2026-08-06	2026-08-13	d-torrance	1		Interpreter,bugs directory,feature request	skip		for accepts only small integers as loop bounds, and has no by clause	stands						keep	filed under #36 by the bugs/ sweep; verified and labelled at filing
4581	2026-08-06	2026-08-13	d-torrance	0		Core,bugs directory,feature request	skip		A Hilbert function hint cannot be given to a resolution, and there is no first-degree homogeneity test	stands						keep	filed under #36 by the bugs/ sweep; verified and labelled at filing
4582	2026-08-06	2026-08-13	d-torrance	1		Core,bug,bugs directory	skip		GF searches for a dense random modulus outside the Conway range, ignoring FLINT's sparse one	stands						keep	filed under #36 by the bugs/ sweep; verified and labelled at filing
4583	2026-08-06	2026-08-13	d-torrance	1		Core,bug,bugs directory	skip		gcd ignores the coefficient ring's minimal polynomial, returning only the base-field part	stands						keep	filed under #36 by the bugs/ sweep; verified and labelled at filing
4584	2026-08-06	2026-08-06	d-torrance	0		Engine,bug	transcript	differs	Ring map into a non-commutative ring drops variables with negative exponents	todo							
4585	2026-08-06	2026-08-13	d-torrance	0		Core,bug,bugs directory	skip		substitute into a tensor product loses degrees, so homogeneity is destroyed	stands						keep	filed under #36 by the bugs/ sweep; verified and labelled at filing
4586	2026-08-06	2026-08-13	d-torrance	0		Core,bugs directory,feature request	skip		Ext takes no strategy hooks, unlike Hom, so no package can add an Ext strategy	stands						keep	filed under #36 by the bugs/ sweep; verified and labelled at filing
4587	2026-08-06	2026-08-13	d-torrance	0		Documentation,bug,bugs directory	skip		info documentation has no Index node, and Macaulay2Doc's Top node has no menu	stands						keep	filed under #36 by the bugs/ sweep; verified and labelled at filing
4589	2026-08-07	2026-08-13	d-torrance	0		Interpreter,bugs directory,feature request	skip		join could derive a list's hash code from its inputs instead of refolding the whole list	stands						keep	filed under #36 by the bugs/ sweep; verified and labelled at filing
4590	2026-08-07	2026-08-13	d-torrance	2		Core,Gröbner bases,bugs directory,feature request	skip		kernel(RingMap) cannot use a Hilbert function hint unless the map preserves degrees	stands						keep	filed under #36 by the bugs/ sweep; verified and labelled at filing
4591	2026-08-07	2026-08-13	d-torrance	0		Documentation,bug,bugs directory	skip		The Singular Book node calls a correct answer WRONG: y % J is 0 because x-1 is a unit locally	stands						keep	filed under #36 by the bugs/ sweep; verified and labelled at filing
4592	2026-08-07	2026-08-13	d-torrance	0		Core,bugs directory,feature request	skip		map should accept option-style destinations, as substitute already does	stands						keep	filed under #36 by the bugs/ sweep; verified and labelled at filing
4593	2026-08-07	2026-08-13	d-torrance	0		Core,bug,bugs directory	skip		An over-long Weights vector errors outside MonomialOrder but is silently accepted inside it	stands						keep	filed under #36 by the bugs/ sweep; verified and labelled at filing
4594	2026-08-08	2026-08-13	d-torrance	0		Interpreter,bug,bugs directory	skip		openInOut refuses every plain filename, though its documentation offers a named pipe as the example	stands						keep	filed under #36 by the bugs/ sweep; verified and labelled at filing
4595	2026-08-08	2026-08-13	d-torrance	1		Interpreter,bugs directory,feature request	skip		There is no UnaryOperation expression, so not on an Expression has no method and not on a chained Equation errors	stands						keep	filed under #36 by the bugs/ sweep; verified and labelled at filing
4596	2026-08-08	2026-08-10	Matthias-A-Steiner	3		Infrastructure,bug,build issue	m2	drift	macOS 1.26.06 DMG contains Homebrew-specific Factory gftables path	todo							
4597	2026-08-08	2026-08-13	d-torrance	0		Interpreter,bugs directory,feature request	skip		An IPv6 address literal cannot be given to openInOut or openListener, and a bare one is read as a listener request	stands						keep	filed under #36 by the bugs/ sweep; verified and labelled at filing
4598	2026-08-08	2026-08-13	d-torrance	1		Documentation,bug,bugs directory	skip		pivots assumes column echelon form, says so nowhere, and its own documentation example violates that	stands						keep	filed under #36 by the bugs/ sweep; verified and labelled at filing
4599	2026-08-08	2026-08-13	d-torrance	0		Documentation,bugs directory,feature request	skip		A doc node's recorded location points at whatever follows it; make doc a keyword as TEST is	stands						keep	filed under #36 by the bugs/ sweep; verified and labelled at filing
4600	2026-08-08	2026-08-13	d-torrance	0		Interpreter,bug,bugs directory	skip		Wrapped Python objects are never Py_DECREF'd, so every PythonObject leaks its CPython allocation	stands						keep	filed under #36 by the bugs/ sweep; verified and labelled at filing
4601	2026-08-08	2026-08-13	d-torrance	0		Core,bugs directory,feature request	skip		regularity has no hook or Strategy, so the Regularity package must export mRegularity as a parallel name	stands						keep	filed under #36 by the bugs/ sweep; verified and labelled at filing
4602	2026-08-08	2026-08-13	d-torrance	0		Core,bug,bugs directory	skip		substitute rejects a partial generator list between two identically-constructed rings, where map(S,R) succeeds	stands						keep	filed under #36 by the bugs/ sweep; verified and labelled at filing
4603	2026-08-08	2026-08-13	d-torrance	0		Core,bug,bugs directory	skip		smithNormalForm with a one-element ChangeMatrix list gives an internal index error instead of naming the option	stands						keep	filed under #36 by the bugs/ sweep; verified and labelled at filing
4604	2026-08-08	2026-08-13	d-torrance	0		Core,bug,bugs directory	skip		sort is quadratic on pre-sorted and on heavily duplicated input: 45 s for an already-sorted list of 50000	stands						keep	filed under #36 by the bugs/ sweep; verified and labelled at filing
4605	2026-08-08	2026-08-13	d-torrance	0		Core,bugs directory,feature request	skip		value has no way to specify which dictionaries to resolve symbols in, which an embedding API would need	stands						keep	filed under #36 by the bugs/ sweep; verified and labelled at filing
4606	2026-08-09	2026-08-09	d-torrance	0		Documentation,bugs directory	skip		Manual page documents 21 of the 30 command-line options in M2 --help	stands						keep	filed under #36 by the bugs/ sweep; verified and labelled at filing
4607	2026-08-09	2026-08-13	d-torrance	0		Interpreter,bug,bugs directory	skip		localDictionaries returns the same unrelated global dictionary for every global symbol	stands						keep	filed under #36 by the bugs/ sweep; verified and labelled at filing
4608	2026-08-09	2026-08-13	d-torrance	0		Core,bug,bugs directory	skip		freeResolution over a polynomial ring returns the given presentation as dd_1, so the zero module gets a length-2 resolution	stands						keep	filed under #36 by the bugs/ sweep; verified and labelled at filing
4610	2026-08-10	2026-08-13	d-torrance	0		Documentation,bug,bugs directory	skip		A type-valued argument is described as a value in a doc node's Inputs, contradicting the same node's heading	stands						keep	filed under #36 by the bugs/ sweep; verified and labelled at filing
4611	2026-08-10	2026-08-13	d-torrance	0		Core,bugs directory,under discussion	skip		pretty has been experimental with an undocumented sole method since 2006: document it or remove it	stands						keep	filed under #36 by the bugs/ sweep; verified and labelled at filing
4612	2026-08-10	2026-08-13	d-torrance	0		Documentation,bug,bugs directory	skip		TABLE does not divide printWidth among its cells, so a two-cell table is 150 columns wide at printWidth 80	stands						keep	filed under #36 by the bugs/ sweep; verified and labelled at filing
4613	2026-08-11	2026-08-13	d-torrance	1		bug,bugs directory	skip		Two provisional witness-set checks fail intermittently: numericalIntersection returns four different answers for one input, and numericalIrreducibleDecomposition fails its own check	stands						keep	filed under #36 by the bugs/ sweep; verified and labelled at filing
4614	2026-08-11	2026-08-13	d-torrance	0		bug,bugs directory	skip		track and trackHomotopy disagree on what the documented NumberOfSteps counts: one records the steps, the other the points minus one	stands						keep	filed under #36 by the bugs/ sweep; verified and labelled at filing
4616	2026-08-11	2026-08-13	d-torrance	0		Engine,bug,bugs directory	skip		getNonUnit is empty and the error generic when dividing by a zero divisor in a univariate toField ring, but not when a spare variable is added	stands						keep	filed under #36 by the bugs/ sweep; verified and labelled at filing
4617	2026-08-11	2026-08-13	d-torrance	0		bug,bugs directory,under discussion	skip		The documented commutation rule for exterior algebras is degree-dependent, but the implementation ignores degrees	stands						keep	filed under #36 by the bugs/ sweep; verified and labelled at filing
4618	2026-08-11	2026-08-13	d-torrance	0		Core,bug,bugs directory	skip		graphIdeal and graphRing accept MonomialOrder and silently ignore it	stands						keep	filed under #36 by the bugs/ sweep; verified and labelled at filing
4619	2026-08-11	2026-08-13	d-torrance	0		bug,bugs directory,under discussion	skip		discriminant returns the unnormalized resultant, so it differs from the discriminant by (-1)^(n(n-1)/2) and by the leading coefficient, and the docs state no convention	stands						keep	filed under #36 by the bugs/ sweep; verified and labelled at filing
4620	2026-08-11	2026-08-13	d-torrance	0		Documentation,bug,bugs directory	skip		(quotient, Ideal) is documented as returning a Module but returns a QuotientRing, and its source declares Module too	stands						keep	filed under #36 by the bugs/ sweep; verified and labelled at filing
4621	2026-08-11	2026-08-13	d-torrance	0		Engine,bug,bugs directory	skip		An empty monomial ordering block is dropped inside the engine, so selectInSubring counts blocks wrongly and silently returns the wrong columns	stands						keep	filed under #36 by the bugs/ sweep; verified and labelled at filing
4622	2026-08-11	2026-08-13	d-torrance	1		Core,bug,bugs directory	skip		gcd refuses over a toField extension while working over the GF spelling of the same field, and the documentation states no restriction	stands						keep	filed under #36 by the bugs/ sweep; verified and labelled at filing
4623	2026-08-11	2026-08-13	d-torrance	0		Core,bugs directory,feature request	skip		lift accepts matrices but liftable has no Matrix method, so there is no way to ask whether a matrix can be lifted	stands						keep	filed under #36 by the bugs/ sweep; verified and labelled at filing
4624	2026-08-11	2026-08-13	d-torrance	0		Core,bug,bugs directory	skip		prune of a quotient ring recomputes everything on every call, where prune of a module caches	stands						keep	filed under #36 by the bugs/ sweep; verified and labelled at filing
4625	2026-08-11	2026-08-13	d-torrance	0		Engine,bug,bugs directory	skip		Alexander dual of a monomial ideal returns the zero ideal over a tower ring, where the flat ring gives the right answer	stands						keep	filed under #36 by the bugs/ sweep; verified and labelled at filing
4626	2026-08-11	2026-08-13	d-torrance	0		Engine,bug,bugs directory	skip		monomialIdeal gains a spurious generator over a quotient coefficient ring, producing an ideal that contains a unit but not 1	stands						keep	filed under #36 by the bugs/ sweep; verified and labelled at filing
4628	2026-08-12	2026-08-13	d-torrance	0		Core,bug,bugs directory	skip		pushFwd cannot express one Galois field as a module over a smaller one, though the same extension spelled as quotient rings works	stands						keep	filed under #36 by the bugs/ sweep; verified and labelled at filing
4629	2026-08-12	2026-08-13	d-torrance	0		Engine,bugs directory,feature request	skip		Schubert2: a polynomial dot product in the engine, and logg and expp in the engine	stands						keep	filed under #36 by the bugs/ sweep; verified and labelled at filing
4630	2026-08-12	2026-08-13	d-torrance	0		Engine,bug,bugs directory	skip		Fractions are not put in lowest terms when the base ring has relations, carrying an arbitrarily large common integer factor	stands						keep	filed under #36 by the bugs/ sweep; verified and labelled at filing
4631	2026-08-12	2026-08-13	d-torrance	0		bug,bugs directory	skip		integralClosure of an ideal can be intractable where the same closure via integralClosure(I, d) is instant	stands						keep	filed under #36 by the bugs/ sweep; verified and labelled at filing
4632	2026-08-12	2026-08-13	d-torrance	0		Engine,bug,bugs directory	skip		An interrupt during a negative power is reported as "element not invertible", because Ring::power uses is_zero as its failure sentinel	stands						keep	filed under #36 by the bugs/ sweep; verified and labelled at filing
4633	2026-08-12	2026-08-13	d-torrance	0		Core,bugs directory,feature request	skip		coimage and isInjective take no options, so kernel's DegreeLimit, SubringLimit and Strategy cannot be reached through them	stands						keep	filed under #36 by the bugs/ sweep; verified and labelled at filing
4636	2026-08-13	2026-08-13	d-torrance	1		Engine,bug,bugs directory	skip		SortStrategy is documented as unimplemented but is live and unvalidated: two of its values segfault and one silently returns a non-minimal resolution	stands						keep	filed under #36 by the bugs/ sweep; verified and labelled at filing
4637	2026-08-13	2026-08-13	d-torrance	0		Engine,bug,bugs directory	skip		topCoefficients segfaults on a matrix with two or more rows when some component does not involve the top variable	stands						keep	filed under #36 by the bugs/ sweep; verified and labelled at filing
4638	2026-08-13	2026-08-13	d-torrance	0		Core,bug,bugs directory	skip		reesIdeal(I, a) saturates in a tower ring, where most saturate strategies decline, so it cannot finish where flattening first takes ten seconds	stands						keep	filed under #36 by the bugs/ sweep; verified and labelled at filing
4639	2026-08-13	2026-08-13	d-torrance	0		Engine,bug,bugs directory	skip		rawLinAlgDeterminant over the FLINT integer ring segfaults and corrupts the heap whenever an entry is zero; ZZFlint should be fixed or removed	stands						keep	filed under #36 by the bugs/ sweep; verified and labelled at filing
4640	2026-08-13	2026-08-13	d-torrance	0		Documentation,bugs directory	skip		The minimalPrimes documentation says decomposition does not happen over the extension field, then never shows what does	stands						keep	filed under #36 by the bugs/ sweep; verified and labelled at filing
4641	2026-08-13	2026-08-13	d-torrance	0		Core,bugs directory,feature request	skip		radical still uses the translated classic Macaulay algorithms; neither Krick/Logar for characteristic zero nor Kemper for characteristic p is implemented	stands						keep	filed under #36 by the bugs/ sweep; verified and labelled at filing
4642	2026-08-13	2026-08-13	d-torrance	0		Core,bugs directory,feature request	skip		quotient has a Linear strategy that is an unimplemented stub and is commented out of the hook table, so requesting it is an error	stands						keep	filed under #36 by the bugs/ sweep; verified and labelled at filing
4644	2026-08-13	2026-08-13	d-torrance	0		Core,bug,bugs directory	skip		prune and minimalPresentation silently drop a Lex order, returning a ring ordered by GRevLex instead	stands						keep	filed under #36 by the bugs/ sweep; verified and labelled at filing
4645	2026-08-14	2026-08-14	d-torrance	0		Documentation,bugs directory	skip		The hilbertPolynomial(Module) documentation has a section commented out for a bug that has since been fixed	stands						keep	filed under #36 by the bugs/ sweep; verified and labelled at filing
4646	2026-08-14	2026-08-14	d-torrance	0		Core,bugs directory,feature request	skip		Ideal ? Ideal is not defined, so a list of ideals cannot be sorted	stands						keep	filed under #36 by the bugs/ sweep; verified and labelled at filing
4647	2026-08-14	2026-08-14	d-torrance	0		Documentation,bugs directory	skip		Many operator documentation nodes are still in the pre-Headline style, several with no Headline at all, while their siblings in the same file are modern	stands						keep	filed under #36 by the bugs/ sweep; verified and labelled at filing
4648	2026-08-14	2026-08-14	d-torrance	0		Documentation,bugs directory	skip		The GroupRevLex documentation says the feature is not implemented yet, but it works	stands						keep	filed under #36 by the bugs/ sweep; verified and labelled at filing
4649	2026-08-14	2026-08-14	d-torrance	0		Interpreter,bug,bugs directory,threads	skip		Growing a MutableList past its length is not thread-safe, and silently discards about a quarter of concurrent writes	stands						keep	filed under #36 by the bugs/ sweep; verified and labelled at filing
4650	2026-08-14	2026-08-14	d-torrance	0		Interpreter,bugs directory,feature request,threads	skip		No way to wait for the first of a set of tasks to finish; wait is undefined on Task and isReady must be polled	stands						keep	filed under #36 by the bugs/ sweep; verified and labelled at filing
4651	2026-08-14	2026-08-14	d-torrance	0		Core,Documentation,bugs directory	skip		The monomials documentation promises a one-row matrix with each monomial once; neither is true for a matrix with more than one row	stands						keep	filed under #36 by the bugs/ sweep; verified and labelled at filing
4652	2026-08-14	2026-08-14	d-torrance	0		Core,bugs directory,feature request	skip		conjugate has no Matrix or MutableMatrix method and there is no conjugate transpose, though EngineTests defines one locally and DeterminantalRepresentations assumes one exists	stands						keep	filed under #36 by the bugs/ sweep; verified and labelled at filing
